[2025-12-24 07:49:12] local.ERROR: Please provide a valid cache path. {"exception":"[object] (InvalidArgumentException(code: 0): Please provide a valid cache path. at /home/mercia/PROJETS/WEB/vimaiz/vendor/laravel/framework/src/Illuminate/View/Compilers/Compiler.php:75)
[stacktrace]
#0 /home/mercia/PROJETS/WEB/vimaiz/vendor/laravel/framework/src/Illuminate/View/ViewServiceProvider.php(97): Illuminate\\View\\Compilers\\Compiler->__construct(Object(Illuminate\\Filesystem\\Filesystem), false, '', true, 'php', true)
#1 /home/mercia/PROJETS/WEB/vimaiz/vendor/laravel/framework/src/Illuminate/Container/Container.php(1154): Illuminate\\View\\ViewServiceProvider->{closure:Illuminate\\View\\ViewServiceProvider::registerBladeCompiler():96}(Object(Illuminate\\Foundation\\Application), Array)
#2 /home/mercia/PROJETS/WEB/vimaiz/vendor/laravel/framework/src/Illuminate/Container/Container.php(972): Illuminate\\Container\\Container->build(Object(Closure))
#3 /home/mercia/PROJETS/WEB/vimaiz/vendor/laravel/framework/src/Illuminate/Foundation/Application.php(1078): Illuminate\\Container\\Container->resolve('blade.compiler', Array, true)
#4 /home/mercia/PROJETS/WEB/vimaiz/vendor/laravel/framework/src/Illuminate/Container/Container.php(903): Illuminate\\Foundation\\Application->resolve('blade.compiler', Array)
#5 /home/mercia/PROJETS/WEB/vimaiz/vendor/laravel/framework/src/Illuminate/Foundation/Application.php(1058): Illuminate\\Container\\Container->make('blade.compiler', Array)
#6 /home/mercia/PROJETS/WEB/vimaiz/vendor/laravel/framework/src/Illuminate/Container/Container.php(1856): Illuminate\\Foundation\\Application->make('blade.compiler')
#7 /home/mercia/PROJETS/WEB/vimaiz/vendor/laravel/framework/src/Illuminate/Support/Facades/Facade.php(240): Illuminate\\Container\\Container->offsetGet('blade.compiler')
#8 /home/mercia/PROJETS/WEB/vimaiz/vendor/laravel/framework/src/Illuminate/Support/Facades/Facade.php(211): Illuminate\\Support\\Facades\\Facade::resolveFacadeInstance('blade.compiler')
#9 /home/mercia/PROJETS/WEB/vimaiz/vendor/laravel/framework/src/Illuminate/Support/Facades/Facade.php(357): Illuminate\\Support\\Facades\\Facade::getFacadeRoot()
#10 /home/mercia/PROJETS/WEB/vimaiz/vendor/blade-ui-kit/blade-icons/src/BladeIconsServiceProvider.php(106): Illuminate\\Support\\Facades\\Facade::__callStatic('directive', Array)
#11 /home/mercia/PROJETS/WEB/vimaiz/vendor/blade-ui-kit/blade-icons/src/BladeIconsServiceProvider.php(27): BladeUI\\Icons\\BladeIconsServiceProvider->bootDirectives()
#12 /home/mercia/PROJETS/WEB/vimaiz/vendor/laravel/framework/src/Illuminate/Container/BoundMethod.php(36): BladeUI\\Icons\\BladeIconsServiceProvider->boot()
#13 /home/mercia/PROJETS/WEB/vimaiz/vendor/laravel/framework/src/Illuminate/Container/Util.php(43): Illuminate\\Container\\BoundMethod::{closure:Illuminate\\Container\\BoundMethod::call():35}()
#14 /home/mercia/PROJETS/WEB/vimaiz/vendor/laravel/framework/src/Illuminate/Container/BoundMethod.php(96): Illuminate\\Container\\Util::unwrapIfClosure(Object(Closure))
#15 /home/mercia/PROJETS/WEB/vimaiz/vendor/laravel/framework/src/Illuminate/Container/BoundMethod.php(35): Illuminate\\Container\\BoundMethod::callBoundMethod(Object(Illuminate\\Foundation\\Application), Array, Object(Closure))
#16 /home/mercia/PROJETS/WEB/vimaiz/vendor/laravel/framework/src/Illuminate/Container/Container.php(836): Illuminate\\Container\\BoundMethod::call(Object(Illuminate\\Foundation\\Application), Array, Array, NULL)
#17 /home/mercia/PROJETS/WEB/vimaiz/vendor/laravel/framework/src/Illuminate/Foundation/Application.php(1151): Illuminate\\Container\\Container->call(Array)
#18 /home/mercia/PROJETS/WEB/vimaiz/vendor/laravel/framework/src/Illuminate/Foundation/Application.php(1132): Illuminate\\Foundation\\Application->bootProvider(Object(BladeUI\\Icons\\BladeIconsServiceProvider))
#19 [internal function]: Illuminate\\Foundation\\Application->{closure:Illuminate\\Foundation\\Application::boot():1131}(Object(BladeUI\\Icons\\BladeIconsServiceProvider), 'BladeUI\\\\Icons\\\\B...')
#20 /home/mercia/PROJETS/WEB/vimaiz/vendor/laravel/framework/src/Illuminate/Foundation/Application.php(1131): array_walk(Array, Object(Closure))
#21 /home/mercia/PROJETS/WEB/vimaiz/vendor/laravel/framework/src/Illuminate/Foundation/Bootstrap/BootProviders.php(17): Illuminate\\Foundation\\Application->boot()
#22 /home/mercia/PROJETS/WEB/vimaiz/vendor/laravel/framework/src/Illuminate/Foundation/Application.php(342): Illuminate\\Foundation\\Bootstrap\\BootProviders->bootstrap(Object(Illuminate\\Foundation\\Application))
#23 /home/mercia/PROJETS/WEB/vimaiz/vendor/laravel/framework/src/Illuminate/Foundation/Console/Kernel.php(473): Illuminate\\Foundation\\Application->bootstrapWith(Array)
#24 /home/mercia/PROJETS/WEB/vimaiz/vendor/laravel/framework/src/Illuminate/Foundation/Console/Kernel.php(195): Illuminate\\Foundation\\Console\\Kernel->bootstrap()
#25 /home/mercia/PROJETS/WEB/vimaiz/vendor/laravel/framework/src/Illuminate/Foundation/Application.php(1235): Illuminate\\Foundation\\Console\\Kernel->handle(Object(Symfony\\Component\\Console\\Input\\ArgvInput), Object(Symfony\\Component\\Console\\Output\\ConsoleOutput))
#26 /home/mercia/PROJETS/WEB/vimaiz/artisan(16): Illuminate\\Foundation\\Application->handleCommand(Object(Symfony\\Component\\Console\\Input\\ArgvInput))
#27 {main}
"} 
[2025-12-24 08:22:08] local.ERROR: Please provide a valid cache path. {"exception":"[object] (InvalidArgumentException(code: 0): Please provide a valid cache path. at /home/mercia/PROJETS/WEB/vimaiz/vendor/laravel/framework/src/Illuminate/View/Compilers/Compiler.php:75)
[stacktrace]
#0 /home/mercia/PROJETS/WEB/vimaiz/vendor/laravel/framework/src/Illuminate/View/ViewServiceProvider.php(97): Illuminate\\View\\Compilers\\Compiler->__construct(Object(Illuminate\\Filesystem\\Filesystem), false, '', true, 'php', true)
#1 /home/mercia/PROJETS/WEB/vimaiz/vendor/laravel/framework/src/Illuminate/Container/Container.php(1154): Illuminate\\View\\ViewServiceProvider->{closure:Illuminate\\View\\ViewServiceProvider::registerBladeCompiler():96}(Object(Illuminate\\Foundation\\Application), Array)
#2 /home/mercia/PROJETS/WEB/vimaiz/vendor/laravel/framework/src/Illuminate/Container/Container.php(972): Illuminate\\Container\\Container->build(Object(Closure))
#3 /home/mercia/PROJETS/WEB/vimaiz/vendor/laravel/framework/src/Illuminate/Foundation/Application.php(1078): Illuminate\\Container\\Container->resolve('blade.compiler', Array, true)
#4 /home/mercia/PROJETS/WEB/vimaiz/vendor/laravel/framework/src/Illuminate/Container/Container.php(903): Illuminate\\Foundation\\Application->resolve('blade.compiler', Array)
#5 /home/mercia/PROJETS/WEB/vimaiz/vendor/laravel/framework/src/Illuminate/Foundation/Application.php(1058): Illuminate\\Container\\Container->make('blade.compiler', Array)
#6 /home/mercia/PROJETS/WEB/vimaiz/vendor/laravel/framework/src/Illuminate/Container/Container.php(1856): Illuminate\\Foundation\\Application->make('blade.compiler')
#7 /home/mercia/PROJETS/WEB/vimaiz/vendor/laravel/framework/src/Illuminate/Support/Facades/Facade.php(240): Illuminate\\Container\\Container->offsetGet('blade.compiler')
#8 /home/mercia/PROJETS/WEB/vimaiz/vendor/laravel/framework/src/Illuminate/Support/Facades/Facade.php(211): Illuminate\\Support\\Facades\\Facade::resolveFacadeInstance('blade.compiler')
#9 /home/mercia/PROJETS/WEB/vimaiz/vendor/laravel/framework/src/Illuminate/Support/Facades/Facade.php(357): Illuminate\\Support\\Facades\\Facade::getFacadeRoot()
#10 /home/mercia/PROJETS/WEB/vimaiz/vendor/blade-ui-kit/blade-icons/src/BladeIconsServiceProvider.php(106): Illuminate\\Support\\Facades\\Facade::__callStatic('directive', Array)
#11 /home/mercia/PROJETS/WEB/vimaiz/vendor/blade-ui-kit/blade-icons/src/BladeIconsServiceProvider.php(27): BladeUI\\Icons\\BladeIconsServiceProvider->bootDirectives()
#12 /home/mercia/PROJETS/WEB/vimaiz/vendor/laravel/framework/src/Illuminate/Container/BoundMethod.php(36): BladeUI\\Icons\\BladeIconsServiceProvider->boot()
#13 /home/mercia/PROJETS/WEB/vimaiz/vendor/laravel/framework/src/Illuminate/Container/Util.php(43): Illuminate\\Container\\BoundMethod::{closure:Illuminate\\Container\\BoundMethod::call():35}()
#14 /home/mercia/PROJETS/WEB/vimaiz/vendor/laravel/framework/src/Illuminate/Container/BoundMethod.php(96): Illuminate\\Container\\Util::unwrapIfClosure(Object(Closure))
#15 /home/mercia/PROJETS/WEB/vimaiz/vendor/laravel/framework/src/Illuminate/Container/BoundMethod.php(35): Illuminate\\Container\\BoundMethod::callBoundMethod(Object(Illuminate\\Foundation\\Application), Array, Object(Closure))
#16 /home/mercia/PROJETS/WEB/vimaiz/vendor/laravel/framework/src/Illuminate/Container/Container.php(836): Illuminate\\Container\\BoundMethod::call(Object(Illuminate\\Foundation\\Application), Array, Array, NULL)
#17 /home/mercia/PROJETS/WEB/vimaiz/vendor/laravel/framework/src/Illuminate/Foundation/Application.php(1151): Illuminate\\Container\\Container->call(Array)
#18 /home/mercia/PROJETS/WEB/vimaiz/vendor/laravel/framework/src/Illuminate/Foundation/Application.php(1132): Illuminate\\Foundation\\Application->bootProvider(Object(BladeUI\\Icons\\BladeIconsServiceProvider))
#19 [internal function]: Illuminate\\Foundation\\Application->{closure:Illuminate\\Foundation\\Application::boot():1131}(Object(BladeUI\\Icons\\BladeIconsServiceProvider), 'BladeUI\\\\Icons\\\\B...')
#20 /home/mercia/PROJETS/WEB/vimaiz/vendor/laravel/framework/src/Illuminate/Foundation/Application.php(1131): array_walk(Array, Object(Closure))
#21 /home/mercia/PROJETS/WEB/vimaiz/vendor/laravel/framework/src/Illuminate/Foundation/Bootstrap/BootProviders.php(17): Illuminate\\Foundation\\Application->boot()
#22 /home/mercia/PROJETS/WEB/vimaiz/vendor/laravel/framework/src/Illuminate/Foundation/Application.php(342): Illuminate\\Foundation\\Bootstrap\\BootProviders->bootstrap(Object(Illuminate\\Foundation\\Application))
#23 /home/mercia/PROJETS/WEB/vimaiz/vendor/laravel/framework/src/Illuminate/Foundation/Console/Kernel.php(473): Illuminate\\Foundation\\Application->bootstrapWith(Array)
#24 /home/mercia/PROJETS/WEB/vimaiz/vendor/laravel/framework/src/Illuminate/Foundation/Console/Kernel.php(195): Illuminate\\Foundation\\Console\\Kernel->bootstrap()
#25 /home/mercia/PROJETS/WEB/vimaiz/vendor/laravel/framework/src/Illuminate/Foundation/Application.php(1235): Illuminate\\Foundation\\Console\\Kernel->handle(Object(Symfony\\Component\\Console\\Input\\ArgvInput), Object(Symfony\\Component\\Console\\Output\\ConsoleOutput))
#26 /home/mercia/PROJETS/WEB/vimaiz/artisan(16): Illuminate\\Foundation\\Application->handleCommand(Object(Symfony\\Component\\Console\\Input\\ArgvInput))
#27 {main}
"} 
[2025-12-24 08:22:55] local.ERROR: Please provide a valid cache path. {"exception":"[object] (InvalidArgumentException(code: 0): Please provide a valid cache path. at /home/mercia/PROJETS/WEB/vimaiz/vendor/laravel/framework/src/Illuminate/View/Compilers/Compiler.php:75)
[stacktrace]
#0 /home/mercia/PROJETS/WEB/vimaiz/vendor/laravel/framework/src/Illuminate/View/ViewServiceProvider.php(97): Illuminate\\View\\Compilers\\Compiler->__construct(Object(Illuminate\\Filesystem\\Filesystem), false, '', true, 'php', true)
#1 /home/mercia/PROJETS/WEB/vimaiz/vendor/laravel/framework/src/Illuminate/Container/Container.php(1154): Illuminate\\View\\ViewServiceProvider->{closure:Illuminate\\View\\ViewServiceProvider::registerBladeCompiler():96}(Object(Illuminate\\Foundation\\Application), Array)
#2 /home/mercia/PROJETS/WEB/vimaiz/vendor/laravel/framework/src/Illuminate/Container/Container.php(972): Illuminate\\Container\\Container->build(Object(Closure))
#3 /home/mercia/PROJETS/WEB/vimaiz/vendor/laravel/framework/src/Illuminate/Foundation/Application.php(1078): Illuminate\\Container\\Container->resolve('blade.compiler', Array, true)
#4 /home/mercia/PROJETS/WEB/vimaiz/vendor/laravel/framework/src/Illuminate/Container/Container.php(903): Illuminate\\Foundation\\Application->resolve('blade.compiler', Array)
#5 /home/mercia/PROJETS/WEB/vimaiz/vendor/laravel/framework/src/Illuminate/Foundation/Application.php(1058): Illuminate\\Container\\Container->make('blade.compiler', Array)
#6 /home/mercia/PROJETS/WEB/vimaiz/vendor/laravel/framework/src/Illuminate/Container/Container.php(1856): Illuminate\\Foundation\\Application->make('blade.compiler')
#7 /home/mercia/PROJETS/WEB/vimaiz/vendor/laravel/framework/src/Illuminate/Support/Facades/Facade.php(240): Illuminate\\Container\\Container->offsetGet('blade.compiler')
#8 /home/mercia/PROJETS/WEB/vimaiz/vendor/laravel/framework/src/Illuminate/Support/Facades/Facade.php(211): Illuminate\\Support\\Facades\\Facade::resolveFacadeInstance('blade.compiler')
#9 /home/mercia/PROJETS/WEB/vimaiz/vendor/laravel/framework/src/Illuminate/Support/Facades/Facade.php(357): Illuminate\\Support\\Facades\\Facade::getFacadeRoot()
#10 /home/mercia/PROJETS/WEB/vimaiz/vendor/blade-ui-kit/blade-icons/src/BladeIconsServiceProvider.php(106): Illuminate\\Support\\Facades\\Facade::__callStatic('directive', Array)
#11 /home/mercia/PROJETS/WEB/vimaiz/vendor/blade-ui-kit/blade-icons/src/BladeIconsServiceProvider.php(27): BladeUI\\Icons\\BladeIconsServiceProvider->bootDirectives()
#12 /home/mercia/PROJETS/WEB/vimaiz/vendor/laravel/framework/src/Illuminate/Container/BoundMethod.php(36): BladeUI\\Icons\\BladeIconsServiceProvider->boot()
#13 /home/mercia/PROJETS/WEB/vimaiz/vendor/laravel/framework/src/Illuminate/Container/Util.php(43): Illuminate\\Container\\BoundMethod::{closure:Illuminate\\Container\\BoundMethod::call():35}()
#14 /home/mercia/PROJETS/WEB/vimaiz/vendor/laravel/framework/src/Illuminate/Container/BoundMethod.php(96): Illuminate\\Container\\Util::unwrapIfClosure(Object(Closure))
#15 /home/mercia/PROJETS/WEB/vimaiz/vendor/laravel/framework/src/Illuminate/Container/BoundMethod.php(35): Illuminate\\Container\\BoundMethod::callBoundMethod(Object(Illuminate\\Foundation\\Application), Array, Object(Closure))
#16 /home/mercia/PROJETS/WEB/vimaiz/vendor/laravel/framework/src/Illuminate/Container/Container.php(836): Illuminate\\Container\\BoundMethod::call(Object(Illuminate\\Foundation\\Application), Array, Array, NULL)
#17 /home/mercia/PROJETS/WEB/vimaiz/vendor/laravel/framework/src/Illuminate/Foundation/Application.php(1151): Illuminate\\Container\\Container->call(Array)
#18 /home/mercia/PROJETS/WEB/vimaiz/vendor/laravel/framework/src/Illuminate/Foundation/Application.php(1132): Illuminate\\Foundation\\Application->bootProvider(Object(BladeUI\\Icons\\BladeIconsServiceProvider))
#19 [internal function]: Illuminate\\Foundation\\Application->{closure:Illuminate\\Foundation\\Application::boot():1131}(Object(BladeUI\\Icons\\BladeIconsServiceProvider), 'BladeUI\\\\Icons\\\\B...')
#20 /home/mercia/PROJETS/WEB/vimaiz/vendor/laravel/framework/src/Illuminate/Foundation/Application.php(1131): array_walk(Array, Object(Closure))
#21 /home/mercia/PROJETS/WEB/vimaiz/vendor/laravel/framework/src/Illuminate/Foundation/Bootstrap/BootProviders.php(17): Illuminate\\Foundation\\Application->boot()
#22 /home/mercia/PROJETS/WEB/vimaiz/vendor/laravel/framework/src/Illuminate/Foundation/Application.php(342): Illuminate\\Foundation\\Bootstrap\\BootProviders->bootstrap(Object(Illuminate\\Foundation\\Application))
#23 /home/mercia/PROJETS/WEB/vimaiz/vendor/laravel/framework/src/Illuminate/Foundation/Console/Kernel.php(473): Illuminate\\Foundation\\Application->bootstrapWith(Array)
#24 /home/mercia/PROJETS/WEB/vimaiz/vendor/laravel/framework/src/Illuminate/Foundation/Console/Kernel.php(195): Illuminate\\Foundation\\Console\\Kernel->bootstrap()
#25 /home/mercia/PROJETS/WEB/vimaiz/vendor/laravel/framework/src/Illuminate/Foundation/Application.php(1235): Illuminate\\Foundation\\Console\\Kernel->handle(Object(Symfony\\Component\\Console\\Input\\ArgvInput), Object(Symfony\\Component\\Console\\Output\\ConsoleOutput))
#26 /home/mercia/PROJETS/WEB/vimaiz/artisan(16): Illuminate\\Foundation\\Application->handleCommand(Object(Symfony\\Component\\Console\\Input\\ArgvInput))
#27 {main}
"} 
[2025-12-24 08:23:02] local.ERROR: Please provide a valid cache path. {"exception":"[object] (InvalidArgumentException(code: 0): Please provide a valid cache path. at /home/mercia/PROJETS/WEB/vimaiz/vendor/laravel/framework/src/Illuminate/View/Compilers/Compiler.php:75)
[stacktrace]
#0 /home/mercia/PROJETS/WEB/vimaiz/vendor/laravel/framework/src/Illuminate/View/ViewServiceProvider.php(97): Illuminate\\View\\Compilers\\Compiler->__construct(Object(Illuminate\\Filesystem\\Filesystem), false, '', true, 'php', true)
#1 /home/mercia/PROJETS/WEB/vimaiz/vendor/laravel/framework/src/Illuminate/Container/Container.php(1154): Illuminate\\View\\ViewServiceProvider->{closure:Illuminate\\View\\ViewServiceProvider::registerBladeCompiler():96}(Object(Illuminate\\Foundation\\Application), Array)
#2 /home/mercia/PROJETS/WEB/vimaiz/vendor/laravel/framework/src/Illuminate/Container/Container.php(972): Illuminate\\Container\\Container->build(Object(Closure))
#3 /home/mercia/PROJETS/WEB/vimaiz/vendor/laravel/framework/src/Illuminate/Foundation/Application.php(1078): Illuminate\\Container\\Container->resolve('blade.compiler', Array, true)
#4 /home/mercia/PROJETS/WEB/vimaiz/vendor/laravel/framework/src/Illuminate/Container/Container.php(903): Illuminate\\Foundation\\Application->resolve('blade.compiler', Array)
#5 /home/mercia/PROJETS/WEB/vimaiz/vendor/laravel/framework/src/Illuminate/Foundation/Application.php(1058): Illuminate\\Container\\Container->make('blade.compiler', Array)
#6 /home/mercia/PROJETS/WEB/vimaiz/vendor/laravel/framework/src/Illuminate/Container/Container.php(1856): Illuminate\\Foundation\\Application->make('blade.compiler')
#7 /home/mercia/PROJETS/WEB/vimaiz/vendor/laravel/framework/src/Illuminate/Support/Facades/Facade.php(240): Illuminate\\Container\\Container->offsetGet('blade.compiler')
#8 /home/mercia/PROJETS/WEB/vimaiz/vendor/laravel/framework/src/Illuminate/Support/Facades/Facade.php(211): Illuminate\\Support\\Facades\\Facade::resolveFacadeInstance('blade.compiler')
#9 /home/mercia/PROJETS/WEB/vimaiz/vendor/laravel/framework/src/Illuminate/Support/Facades/Facade.php(357): Illuminate\\Support\\Facades\\Facade::getFacadeRoot()
#10 /home/mercia/PROJETS/WEB/vimaiz/vendor/blade-ui-kit/blade-icons/src/BladeIconsServiceProvider.php(106): Illuminate\\Support\\Facades\\Facade::__callStatic('directive', Array)
#11 /home/mercia/PROJETS/WEB/vimaiz/vendor/blade-ui-kit/blade-icons/src/BladeIconsServiceProvider.php(27): BladeUI\\Icons\\BladeIconsServiceProvider->bootDirectives()
#12 /home/mercia/PROJETS/WEB/vimaiz/vendor/laravel/framework/src/Illuminate/Container/BoundMethod.php(36): BladeUI\\Icons\\BladeIconsServiceProvider->boot()
#13 /home/mercia/PROJETS/WEB/vimaiz/vendor/laravel/framework/src/Illuminate/Container/Util.php(43): Illuminate\\Container\\BoundMethod::{closure:Illuminate\\Container\\BoundMethod::call():35}()
#14 /home/mercia/PROJETS/WEB/vimaiz/vendor/laravel/framework/src/Illuminate/Container/BoundMethod.php(96): Illuminate\\Container\\Util::unwrapIfClosure(Object(Closure))
#15 /home/mercia/PROJETS/WEB/vimaiz/vendor/laravel/framework/src/Illuminate/Container/BoundMethod.php(35): Illuminate\\Container\\BoundMethod::callBoundMethod(Object(Illuminate\\Foundation\\Application), Array, Object(Closure))
#16 /home/mercia/PROJETS/WEB/vimaiz/vendor/laravel/framework/src/Illuminate/Container/Container.php(836): Illuminate\\Container\\BoundMethod::call(Object(Illuminate\\Foundation\\Application), Array, Array, NULL)
#17 /home/mercia/PROJETS/WEB/vimaiz/vendor/laravel/framework/src/Illuminate/Foundation/Application.php(1151): Illuminate\\Container\\Container->call(Array)
#18 /home/mercia/PROJETS/WEB/vimaiz/vendor/laravel/framework/src/Illuminate/Foundation/Application.php(1132): Illuminate\\Foundation\\Application->bootProvider(Object(BladeUI\\Icons\\BladeIconsServiceProvider))
#19 [internal function]: Illuminate\\Foundation\\Application->{closure:Illuminate\\Foundation\\Application::boot():1131}(Object(BladeUI\\Icons\\BladeIconsServiceProvider), 'BladeUI\\\\Icons\\\\B...')
#20 /home/mercia/PROJETS/WEB/vimaiz/vendor/laravel/framework/src/Illuminate/Foundation/Application.php(1131): array_walk(Array, Object(Closure))
#21 /home/mercia/PROJETS/WEB/vimaiz/vendor/laravel/framework/src/Illuminate/Foundation/Bootstrap/BootProviders.php(17): Illuminate\\Foundation\\Application->boot()
#22 /home/mercia/PROJETS/WEB/vimaiz/vendor/laravel/framework/src/Illuminate/Foundation/Application.php(342): Illuminate\\Foundation\\Bootstrap\\BootProviders->bootstrap(Object(Illuminate\\Foundation\\Application))
#23 /home/mercia/PROJETS/WEB/vimaiz/vendor/laravel/framework/src/Illuminate/Foundation/Console/Kernel.php(473): Illuminate\\Foundation\\Application->bootstrapWith(Array)
#24 /home/mercia/PROJETS/WEB/vimaiz/vendor/laravel/framework/src/Illuminate/Foundation/Console/Kernel.php(195): Illuminate\\Foundation\\Console\\Kernel->bootstrap()
#25 /home/mercia/PROJETS/WEB/vimaiz/vendor/laravel/framework/src/Illuminate/Foundation/Application.php(1235): Illuminate\\Foundation\\Console\\Kernel->handle(Object(Symfony\\Component\\Console\\Input\\ArgvInput), Object(Symfony\\Component\\Console\\Output\\ConsoleOutput))
#26 /home/mercia/PROJETS/WEB/vimaiz/artisan(16): Illuminate\\Foundation\\Application->handleCommand(Object(Symfony\\Component\\Console\\Input\\ArgvInput))
#27 {main}
"} 
[2025-12-24 08:23:27] local.ERROR: Please provide a valid cache path. {"exception":"[object] (InvalidArgumentException(code: 0): Please provide a valid cache path. at /home/mercia/PROJETS/WEB/vimaiz/vendor/laravel/framework/src/Illuminate/View/Compilers/Compiler.php:75)
[stacktrace]
#0 /home/mercia/PROJETS/WEB/vimaiz/vendor/laravel/framework/src/Illuminate/View/ViewServiceProvider.php(97): Illuminate\\View\\Compilers\\Compiler->__construct(Object(Illuminate\\Filesystem\\Filesystem), false, '', true, 'php', true)
#1 /home/mercia/PROJETS/WEB/vimaiz/vendor/laravel/framework/src/Illuminate/Container/Container.php(1154): Illuminate\\View\\ViewServiceProvider->{closure:Illuminate\\View\\ViewServiceProvider::registerBladeCompiler():96}(Object(Illuminate\\Foundation\\Application), Array)
#2 /home/mercia/PROJETS/WEB/vimaiz/vendor/laravel/framework/src/Illuminate/Container/Container.php(972): Illuminate\\Container\\Container->build(Object(Closure))
#3 /home/mercia/PROJETS/WEB/vimaiz/vendor/laravel/framework/src/Illuminate/Foundation/Application.php(1078): Illuminate\\Container\\Container->resolve('blade.compiler', Array, true)
#4 /home/mercia/PROJETS/WEB/vimaiz/vendor/laravel/framework/src/Illuminate/Container/Container.php(903): Illuminate\\Foundation\\Application->resolve('blade.compiler', Array)
#5 /home/mercia/PROJETS/WEB/vimaiz/vendor/laravel/framework/src/Illuminate/Foundation/Application.php(1058): Illuminate\\Container\\Container->make('blade.compiler', Array)
#6 /home/mercia/PROJETS/WEB/vimaiz/vendor/laravel/framework/src/Illuminate/Container/Container.php(1856): Illuminate\\Foundation\\Application->make('blade.compiler')
#7 /home/mercia/PROJETS/WEB/vimaiz/vendor/laravel/framework/src/Illuminate/Support/Facades/Facade.php(240): Illuminate\\Container\\Container->offsetGet('blade.compiler')
#8 /home/mercia/PROJETS/WEB/vimaiz/vendor/laravel/framework/src/Illuminate/Support/Facades/Facade.php(211): Illuminate\\Support\\Facades\\Facade::resolveFacadeInstance('blade.compiler')
#9 /home/mercia/PROJETS/WEB/vimaiz/vendor/laravel/framework/src/Illuminate/Support/Facades/Facade.php(357): Illuminate\\Support\\Facades\\Facade::getFacadeRoot()
#10 /home/mercia/PROJETS/WEB/vimaiz/vendor/blade-ui-kit/blade-icons/src/BladeIconsServiceProvider.php(106): Illuminate\\Support\\Facades\\Facade::__callStatic('directive', Array)
#11 /home/mercia/PROJETS/WEB/vimaiz/vendor/blade-ui-kit/blade-icons/src/BladeIconsServiceProvider.php(27): BladeUI\\Icons\\BladeIconsServiceProvider->bootDirectives()
#12 /home/mercia/PROJETS/WEB/vimaiz/vendor/laravel/framework/src/Illuminate/Container/BoundMethod.php(36): BladeUI\\Icons\\BladeIconsServiceProvider->boot()
#13 /home/mercia/PROJETS/WEB/vimaiz/vendor/laravel/framework/src/Illuminate/Container/Util.php(43): Illuminate\\Container\\BoundMethod::{closure:Illuminate\\Container\\BoundMethod::call():35}()
#14 /home/mercia/PROJETS/WEB/vimaiz/vendor/laravel/framework/src/Illuminate/Container/BoundMethod.php(96): Illuminate\\Container\\Util::unwrapIfClosure(Object(Closure))
#15 /home/mercia/PROJETS/WEB/vimaiz/vendor/laravel/framework/src/Illuminate/Container/BoundMethod.php(35): Illuminate\\Container\\BoundMethod::callBoundMethod(Object(Illuminate\\Foundation\\Application), Array, Object(Closure))
#16 /home/mercia/PROJETS/WEB/vimaiz/vendor/laravel/framework/src/Illuminate/Container/Container.php(836): Illuminate\\Container\\BoundMethod::call(Object(Illuminate\\Foundation\\Application), Array, Array, NULL)
#17 /home/mercia/PROJETS/WEB/vimaiz/vendor/laravel/framework/src/Illuminate/Foundation/Application.php(1151): Illuminate\\Container\\Container->call(Array)
#18 /home/mercia/PROJETS/WEB/vimaiz/vendor/laravel/framework/src/Illuminate/Foundation/Application.php(1132): Illuminate\\Foundation\\Application->bootProvider(Object(BladeUI\\Icons\\BladeIconsServiceProvider))
#19 [internal function]: Illuminate\\Foundation\\Application->{closure:Illuminate\\Foundation\\Application::boot():1131}(Object(BladeUI\\Icons\\BladeIconsServiceProvider), 'BladeUI\\\\Icons\\\\B...')
#20 /home/mercia/PROJETS/WEB/vimaiz/vendor/laravel/framework/src/Illuminate/Foundation/Application.php(1131): array_walk(Array, Object(Closure))
#21 /home/mercia/PROJETS/WEB/vimaiz/vendor/laravel/framework/src/Illuminate/Foundation/Bootstrap/BootProviders.php(17): Illuminate\\Foundation\\Application->boot()
#22 /home/mercia/PROJETS/WEB/vimaiz/vendor/laravel/framework/src/Illuminate/Foundation/Application.php(342): Illuminate\\Foundation\\Bootstrap\\BootProviders->bootstrap(Object(Illuminate\\Foundation\\Application))
#23 /home/mercia/PROJETS/WEB/vimaiz/vendor/laravel/framework/src/Illuminate/Foundation/Console/Kernel.php(473): Illuminate\\Foundation\\Application->bootstrapWith(Array)
#24 /home/mercia/PROJETS/WEB/vimaiz/vendor/laravel/framework/src/Illuminate/Foundation/Console/Kernel.php(195): Illuminate\\Foundation\\Console\\Kernel->bootstrap()
#25 /home/mercia/PROJETS/WEB/vimaiz/vendor/laravel/framework/src/Illuminate/Foundation/Application.php(1235): Illuminate\\Foundation\\Console\\Kernel->handle(Object(Symfony\\Component\\Console\\Input\\ArgvInput), Object(Symfony\\Component\\Console\\Output\\ConsoleOutput))
#26 /home/mercia/PROJETS/WEB/vimaiz/artisan(16): Illuminate\\Foundation\\Application->handleCommand(Object(Symfony\\Component\\Console\\Input\\ArgvInput))
#27 {main}
"} 
[2025-12-24 08:23:27] local.ERROR: Please provide a valid cache path. {"exception":"[object] (InvalidArgumentException(code: 0): Please provide a valid cache path. at /home/mercia/PROJETS/WEB/vimaiz/vendor/laravel/framework/src/Illuminate/View/Compilers/Compiler.php:75)
[stacktrace]
#0 /home/mercia/PROJETS/WEB/vimaiz/vendor/laravel/framework/src/Illuminate/View/ViewServiceProvider.php(97): Illuminate\\View\\Compilers\\Compiler->__construct(Object(Illuminate\\Filesystem\\Filesystem), false, '', true, 'php', true)
#1 /home/mercia/PROJETS/WEB/vimaiz/vendor/laravel/framework/src/Illuminate/Container/Container.php(1154): Illuminate\\View\\ViewServiceProvider->{closure:Illuminate\\View\\ViewServiceProvider::registerBladeCompiler():96}(Object(Illuminate\\Foundation\\Application), Array)
#2 /home/mercia/PROJETS/WEB/vimaiz/vendor/laravel/framework/src/Illuminate/Container/Container.php(972): Illuminate\\Container\\Container->build(Object(Closure))
#3 /home/mercia/PROJETS/WEB/vimaiz/vendor/laravel/framework/src/Illuminate/Foundation/Application.php(1078): Illuminate\\Container\\Container->resolve('blade.compiler', Array, true)
#4 /home/mercia/PROJETS/WEB/vimaiz/vendor/laravel/framework/src/Illuminate/Container/Container.php(903): Illuminate\\Foundation\\Application->resolve('blade.compiler', Array)
#5 /home/mercia/PROJETS/WEB/vimaiz/vendor/laravel/framework/src/Illuminate/Foundation/Application.php(1058): Illuminate\\Container\\Container->make('blade.compiler', Array)
#6 /home/mercia/PROJETS/WEB/vimaiz/vendor/laravel/framework/src/Illuminate/Container/Container.php(1856): Illuminate\\Foundation\\Application->make('blade.compiler')
#7 /home/mercia/PROJETS/WEB/vimaiz/vendor/laravel/framework/src/Illuminate/Support/Facades/Facade.php(240): Illuminate\\Container\\Container->offsetGet('blade.compiler')
#8 /home/mercia/PROJETS/WEB/vimaiz/vendor/laravel/framework/src/Illuminate/Support/Facades/Facade.php(211): Illuminate\\Support\\Facades\\Facade::resolveFacadeInstance('blade.compiler')
#9 /home/mercia/PROJETS/WEB/vimaiz/vendor/laravel/framework/src/Illuminate/Support/Facades/Facade.php(357): Illuminate\\Support\\Facades\\Facade::getFacadeRoot()
#10 /home/mercia/PROJETS/WEB/vimaiz/vendor/blade-ui-kit/blade-icons/src/BladeIconsServiceProvider.php(106): Illuminate\\Support\\Facades\\Facade::__callStatic('directive', Array)
#11 /home/mercia/PROJETS/WEB/vimaiz/vendor/blade-ui-kit/blade-icons/src/BladeIconsServiceProvider.php(27): BladeUI\\Icons\\BladeIconsServiceProvider->bootDirectives()
#12 /home/mercia/PROJETS/WEB/vimaiz/vendor/laravel/framework/src/Illuminate/Container/BoundMethod.php(36): BladeUI\\Icons\\BladeIconsServiceProvider->boot()
#13 /home/mercia/PROJETS/WEB/vimaiz/vendor/laravel/framework/src/Illuminate/Container/Util.php(43): Illuminate\\Container\\BoundMethod::{closure:Illuminate\\Container\\BoundMethod::call():35}()
#14 /home/mercia/PROJETS/WEB/vimaiz/vendor/laravel/framework/src/Illuminate/Container/BoundMethod.php(96): Illuminate\\Container\\Util::unwrapIfClosure(Object(Closure))
#15 /home/mercia/PROJETS/WEB/vimaiz/vendor/laravel/framework/src/Illuminate/Container/BoundMethod.php(35): Illuminate\\Container\\BoundMethod::callBoundMethod(Object(Illuminate\\Foundation\\Application), Array, Object(Closure))
#16 /home/mercia/PROJETS/WEB/vimaiz/vendor/laravel/framework/src/Illuminate/Container/Container.php(836): Illuminate\\Container\\BoundMethod::call(Object(Illuminate\\Foundation\\Application), Array, Array, NULL)
#17 /home/mercia/PROJETS/WEB/vimaiz/vendor/laravel/framework/src/Illuminate/Foundation/Application.php(1151): Illuminate\\Container\\Container->call(Array)
#18 /home/mercia/PROJETS/WEB/vimaiz/vendor/laravel/framework/src/Illuminate/Foundation/Application.php(1132): Illuminate\\Foundation\\Application->bootProvider(Object(BladeUI\\Icons\\BladeIconsServiceProvider))
#19 [internal function]: Illuminate\\Foundation\\Application->{closure:Illuminate\\Foundation\\Application::boot():1131}(Object(BladeUI\\Icons\\BladeIconsServiceProvider), 'BladeUI\\\\Icons\\\\B...')
#20 /home/mercia/PROJETS/WEB/vimaiz/vendor/laravel/framework/src/Illuminate/Foundation/Application.php(1131): array_walk(Array, Object(Closure))
#21 /home/mercia/PROJETS/WEB/vimaiz/vendor/laravel/framework/src/Illuminate/Foundation/Bootstrap/BootProviders.php(17): Illuminate\\Foundation\\Application->boot()
#22 /home/mercia/PROJETS/WEB/vimaiz/vendor/laravel/framework/src/Illuminate/Foundation/Application.php(342): Illuminate\\Foundation\\Bootstrap\\BootProviders->bootstrap(Object(Illuminate\\Foundation\\Application))
#23 /home/mercia/PROJETS/WEB/vimaiz/vendor/laravel/framework/src/Illuminate/Foundation/Console/Kernel.php(473): Illuminate\\Foundation\\Application->bootstrapWith(Array)
#24 /home/mercia/PROJETS/WEB/vimaiz/vendor/laravel/framework/src/Illuminate/Foundation/Console/Kernel.php(195): Illuminate\\Foundation\\Console\\Kernel->bootstrap()
#25 /home/mercia/PROJETS/WEB/vimaiz/vendor/laravel/framework/src/Illuminate/Foundation/Application.php(1235): Illuminate\\Foundation\\Console\\Kernel->handle(Object(Symfony\\Component\\Console\\Input\\ArgvInput), Object(Symfony\\Component\\Console\\Output\\ConsoleOutput))
#26 /home/mercia/PROJETS/WEB/vimaiz/artisan(16): Illuminate\\Foundation\\Application->handleCommand(Object(Symfony\\Component\\Console\\Input\\ArgvInput))
#27 {main}
"} 
[2025-12-24 08:23:28] local.ERROR: Please provide a valid cache path. {"exception":"[object] (InvalidArgumentException(code: 0): Please provide a valid cache path. at /home/mercia/PROJETS/WEB/vimaiz/vendor/laravel/framework/src/Illuminate/View/Compilers/Compiler.php:75)
[stacktrace]
#0 /home/mercia/PROJETS/WEB/vimaiz/vendor/laravel/framework/src/Illuminate/View/ViewServiceProvider.php(97): Illuminate\\View\\Compilers\\Compiler->__construct(Object(Illuminate\\Filesystem\\Filesystem), false, '', true, 'php', true)
#1 /home/mercia/PROJETS/WEB/vimaiz/vendor/laravel/framework/src/Illuminate/Container/Container.php(1154): Illuminate\\View\\ViewServiceProvider->{closure:Illuminate\\View\\ViewServiceProvider::registerBladeCompiler():96}(Object(Illuminate\\Foundation\\Application), Array)
#2 /home/mercia/PROJETS/WEB/vimaiz/vendor/laravel/framework/src/Illuminate/Container/Container.php(972): Illuminate\\Container\\Container->build(Object(Closure))
#3 /home/mercia/PROJETS/WEB/vimaiz/vendor/laravel/framework/src/Illuminate/Foundation/Application.php(1078): Illuminate\\Container\\Container->resolve('blade.compiler', Array, true)
#4 /home/mercia/PROJETS/WEB/vimaiz/vendor/laravel/framework/src/Illuminate/Container/Container.php(903): Illuminate\\Foundation\\Application->resolve('blade.compiler', Array)
#5 /home/mercia/PROJETS/WEB/vimaiz/vendor/laravel/framework/src/Illuminate/Foundation/Application.php(1058): Illuminate\\Container\\Container->make('blade.compiler', Array)
#6 /home/mercia/PROJETS/WEB/vimaiz/vendor/laravel/framework/src/Illuminate/Container/Container.php(1856): Illuminate\\Foundation\\Application->make('blade.compiler')
#7 /home/mercia/PROJETS/WEB/vimaiz/vendor/laravel/framework/src/Illuminate/Support/Facades/Facade.php(240): Illuminate\\Container\\Container->offsetGet('blade.compiler')
#8 /home/mercia/PROJETS/WEB/vimaiz/vendor/laravel/framework/src/Illuminate/Support/Facades/Facade.php(211): Illuminate\\Support\\Facades\\Facade::resolveFacadeInstance('blade.compiler')
#9 /home/mercia/PROJETS/WEB/vimaiz/vendor/laravel/framework/src/Illuminate/Support/Facades/Facade.php(357): Illuminate\\Support\\Facades\\Facade::getFacadeRoot()
#10 /home/mercia/PROJETS/WEB/vimaiz/vendor/blade-ui-kit/blade-icons/src/BladeIconsServiceProvider.php(106): Illuminate\\Support\\Facades\\Facade::__callStatic('directive', Array)
#11 /home/mercia/PROJETS/WEB/vimaiz/vendor/blade-ui-kit/blade-icons/src/BladeIconsServiceProvider.php(27): BladeUI\\Icons\\BladeIconsServiceProvider->bootDirectives()
#12 /home/mercia/PROJETS/WEB/vimaiz/vendor/laravel/framework/src/Illuminate/Container/BoundMethod.php(36): BladeUI\\Icons\\BladeIconsServiceProvider->boot()
#13 /home/mercia/PROJETS/WEB/vimaiz/vendor/laravel/framework/src/Illuminate/Container/Util.php(43): Illuminate\\Container\\BoundMethod::{closure:Illuminate\\Container\\BoundMethod::call():35}()
#14 /home/mercia/PROJETS/WEB/vimaiz/vendor/laravel/framework/src/Illuminate/Container/BoundMethod.php(96): Illuminate\\Container\\Util::unwrapIfClosure(Object(Closure))
#15 /home/mercia/PROJETS/WEB/vimaiz/vendor/laravel/framework/src/Illuminate/Container/BoundMethod.php(35): Illuminate\\Container\\BoundMethod::callBoundMethod(Object(Illuminate\\Foundation\\Application), Array, Object(Closure))
#16 /home/mercia/PROJETS/WEB/vimaiz/vendor/laravel/framework/src/Illuminate/Container/Container.php(836): Illuminate\\Container\\BoundMethod::call(Object(Illuminate\\Foundation\\Application), Array, Array, NULL)
#17 /home/mercia/PROJETS/WEB/vimaiz/vendor/laravel/framework/src/Illuminate/Foundation/Application.php(1151): Illuminate\\Container\\Container->call(Array)
#18 /home/mercia/PROJETS/WEB/vimaiz/vendor/laravel/framework/src/Illuminate/Foundation/Application.php(1132): Illuminate\\Foundation\\Application->bootProvider(Object(BladeUI\\Icons\\BladeIconsServiceProvider))
#19 [internal function]: Illuminate\\Foundation\\Application->{closure:Illuminate\\Foundation\\Application::boot():1131}(Object(BladeUI\\Icons\\BladeIconsServiceProvider), 'BladeUI\\\\Icons\\\\B...')
#20 /home/mercia/PROJETS/WEB/vimaiz/vendor/laravel/framework/src/Illuminate/Foundation/Application.php(1131): array_walk(Array, Object(Closure))
#21 /home/mercia/PROJETS/WEB/vimaiz/vendor/laravel/framework/src/Illuminate/Foundation/Bootstrap/BootProviders.php(17): Illuminate\\Foundation\\Application->boot()
#22 /home/mercia/PROJETS/WEB/vimaiz/vendor/laravel/framework/src/Illuminate/Foundation/Application.php(342): Illuminate\\Foundation\\Bootstrap\\BootProviders->bootstrap(Object(Illuminate\\Foundation\\Application))
#23 /home/mercia/PROJETS/WEB/vimaiz/vendor/laravel/framework/src/Illuminate/Foundation/Console/Kernel.php(473): Illuminate\\Foundation\\Application->bootstrapWith(Array)
#24 /home/mercia/PROJETS/WEB/vimaiz/vendor/laravel/framework/src/Illuminate/Foundation/Console/Kernel.php(195): Illuminate\\Foundation\\Console\\Kernel->bootstrap()
#25 /home/mercia/PROJETS/WEB/vimaiz/vendor/laravel/framework/src/Illuminate/Foundation/Application.php(1235): Illuminate\\Foundation\\Console\\Kernel->handle(Object(Symfony\\Component\\Console\\Input\\ArgvInput), Object(Symfony\\Component\\Console\\Output\\ConsoleOutput))
#26 /home/mercia/PROJETS/WEB/vimaiz/artisan(16): Illuminate\\Foundation\\Application->handleCommand(Object(Symfony\\Component\\Console\\Input\\ArgvInput))
#27 {main}
"} 
[2025-12-24 08:23:28] local.ERROR: Please provide a valid cache path. {"exception":"[object] (InvalidArgumentException(code: 0): Please provide a valid cache path. at /home/mercia/PROJETS/WEB/vimaiz/vendor/laravel/framework/src/Illuminate/View/Compilers/Compiler.php:75)
[stacktrace]
#0 /home/mercia/PROJETS/WEB/vimaiz/vendor/laravel/framework/src/Illuminate/View/ViewServiceProvider.php(97): Illuminate\\View\\Compilers\\Compiler->__construct(Object(Illuminate\\Filesystem\\Filesystem), false, '', true, 'php', true)
#1 /home/mercia/PROJETS/WEB/vimaiz/vendor/laravel/framework/src/Illuminate/Container/Container.php(1154): Illuminate\\View\\ViewServiceProvider->{closure:Illuminate\\View\\ViewServiceProvider::registerBladeCompiler():96}(Object(Illuminate\\Foundation\\Application), Array)
#2 /home/mercia/PROJETS/WEB/vimaiz/vendor/laravel/framework/src/Illuminate/Container/Container.php(972): Illuminate\\Container\\Container->build(Object(Closure))
#3 /home/mercia/PROJETS/WEB/vimaiz/vendor/laravel/framework/src/Illuminate/Foundation/Application.php(1078): Illuminate\\Container\\Container->resolve('blade.compiler', Array, true)
#4 /home/mercia/PROJETS/WEB/vimaiz/vendor/laravel/framework/src/Illuminate/Container/Container.php(903): Illuminate\\Foundation\\Application->resolve('blade.compiler', Array)
#5 /home/mercia/PROJETS/WEB/vimaiz/vendor/laravel/framework/src/Illuminate/Foundation/Application.php(1058): Illuminate\\Container\\Container->make('blade.compiler', Array)
#6 /home/mercia/PROJETS/WEB/vimaiz/vendor/laravel/framework/src/Illuminate/Container/Container.php(1856): Illuminate\\Foundation\\Application->make('blade.compiler')
#7 /home/mercia/PROJETS/WEB/vimaiz/vendor/laravel/framework/src/Illuminate/Support/Facades/Facade.php(240): Illuminate\\Container\\Container->offsetGet('blade.compiler')
#8 /home/mercia/PROJETS/WEB/vimaiz/vendor/laravel/framework/src/Illuminate/Support/Facades/Facade.php(211): Illuminate\\Support\\Facades\\Facade::resolveFacadeInstance('blade.compiler')
#9 /home/mercia/PROJETS/WEB/vimaiz/vendor/laravel/framework/src/Illuminate/Support/Facades/Facade.php(357): Illuminate\\Support\\Facades\\Facade::getFacadeRoot()
#10 /home/mercia/PROJETS/WEB/vimaiz/vendor/blade-ui-kit/blade-icons/src/BladeIconsServiceProvider.php(106): Illuminate\\Support\\Facades\\Facade::__callStatic('directive', Array)
#11 /home/mercia/PROJETS/WEB/vimaiz/vendor/blade-ui-kit/blade-icons/src/BladeIconsServiceProvider.php(27): BladeUI\\Icons\\BladeIconsServiceProvider->bootDirectives()
#12 /home/mercia/PROJETS/WEB/vimaiz/vendor/laravel/framework/src/Illuminate/Container/BoundMethod.php(36): BladeUI\\Icons\\BladeIconsServiceProvider->boot()
#13 /home/mercia/PROJETS/WEB/vimaiz/vendor/laravel/framework/src/Illuminate/Container/Util.php(43): Illuminate\\Container\\BoundMethod::{closure:Illuminate\\Container\\BoundMethod::call():35}()
#14 /home/mercia/PROJETS/WEB/vimaiz/vendor/laravel/framework/src/Illuminate/Container/BoundMethod.php(96): Illuminate\\Container\\Util::unwrapIfClosure(Object(Closure))
#15 /home/mercia/PROJETS/WEB/vimaiz/vendor/laravel/framework/src/Illuminate/Container/BoundMethod.php(35): Illuminate\\Container\\BoundMethod::callBoundMethod(Object(Illuminate\\Foundation\\Application), Array, Object(Closure))
#16 /home/mercia/PROJETS/WEB/vimaiz/vendor/laravel/framework/src/Illuminate/Container/Container.php(836): Illuminate\\Container\\BoundMethod::call(Object(Illuminate\\Foundation\\Application), Array, Array, NULL)
#17 /home/mercia/PROJETS/WEB/vimaiz/vendor/laravel/framework/src/Illuminate/Foundation/Application.php(1151): Illuminate\\Container\\Container->call(Array)
#18 /home/mercia/PROJETS/WEB/vimaiz/vendor/laravel/framework/src/Illuminate/Foundation/Application.php(1132): Illuminate\\Foundation\\Application->bootProvider(Object(BladeUI\\Icons\\BladeIconsServiceProvider))
#19 [internal function]: Illuminate\\Foundation\\Application->{closure:Illuminate\\Foundation\\Application::boot():1131}(Object(BladeUI\\Icons\\BladeIconsServiceProvider), 'BladeUI\\\\Icons\\\\B...')
#20 /home/mercia/PROJETS/WEB/vimaiz/vendor/laravel/framework/src/Illuminate/Foundation/Application.php(1131): array_walk(Array, Object(Closure))
#21 /home/mercia/PROJETS/WEB/vimaiz/vendor/laravel/framework/src/Illuminate/Foundation/Bootstrap/BootProviders.php(17): Illuminate\\Foundation\\Application->boot()
#22 /home/mercia/PROJETS/WEB/vimaiz/vendor/laravel/framework/src/Illuminate/Foundation/Application.php(342): Illuminate\\Foundation\\Bootstrap\\BootProviders->bootstrap(Object(Illuminate\\Foundation\\Application))
#23 /home/mercia/PROJETS/WEB/vimaiz/vendor/laravel/framework/src/Illuminate/Foundation/Console/Kernel.php(473): Illuminate\\Foundation\\Application->bootstrapWith(Array)
#24 /home/mercia/PROJETS/WEB/vimaiz/vendor/laravel/framework/src/Illuminate/Foundation/Console/Kernel.php(195): Illuminate\\Foundation\\Console\\Kernel->bootstrap()
#25 /home/mercia/PROJETS/WEB/vimaiz/vendor/laravel/framework/src/Illuminate/Foundation/Application.php(1235): Illuminate\\Foundation\\Console\\Kernel->handle(Object(Symfony\\Component\\Console\\Input\\ArgvInput), Object(Symfony\\Component\\Console\\Output\\ConsoleOutput))
#26 /home/mercia/PROJETS/WEB/vimaiz/artisan(16): Illuminate\\Foundation\\Application->handleCommand(Object(Symfony\\Component\\Console\\Input\\ArgvInput))
#27 {main}
"} 
[2025-12-24 08:27:03] local.ERROR: Please provide a valid cache path. {"exception":"[object] (InvalidArgumentException(code: 0): Please provide a valid cache path. at /home/mercia/PROJETS/WEB/vimaiz/vendor/laravel/framework/src/Illuminate/View/Compilers/Compiler.php:75)
[stacktrace]
#0 /home/mercia/PROJETS/WEB/vimaiz/vendor/laravel/framework/src/Illuminate/View/ViewServiceProvider.php(97): Illuminate\\View\\Compilers\\Compiler->__construct(Object(Illuminate\\Filesystem\\Filesystem), false, '', true, 'php', true)
#1 /home/mercia/PROJETS/WEB/vimaiz/vendor/laravel/framework/src/Illuminate/Container/Container.php(1154): Illuminate\\View\\ViewServiceProvider->{closure:Illuminate\\View\\ViewServiceProvider::registerBladeCompiler():96}(Object(Illuminate\\Foundation\\Application), Array)
#2 /home/mercia/PROJETS/WEB/vimaiz/vendor/laravel/framework/src/Illuminate/Container/Container.php(972): Illuminate\\Container\\Container->build(Object(Closure))
#3 /home/mercia/PROJETS/WEB/vimaiz/vendor/laravel/framework/src/Illuminate/Foundation/Application.php(1078): Illuminate\\Container\\Container->resolve('blade.compiler', Array, true)
#4 /home/mercia/PROJETS/WEB/vimaiz/vendor/laravel/framework/src/Illuminate/Container/Container.php(903): Illuminate\\Foundation\\Application->resolve('blade.compiler', Array)
#5 /home/mercia/PROJETS/WEB/vimaiz/vendor/laravel/framework/src/Illuminate/Foundation/Application.php(1058): Illuminate\\Container\\Container->make('blade.compiler', Array)
#6 /home/mercia/PROJETS/WEB/vimaiz/vendor/laravel/framework/src/Illuminate/Container/Container.php(1856): Illuminate\\Foundation\\Application->make('blade.compiler')
#7 /home/mercia/PROJETS/WEB/vimaiz/vendor/laravel/framework/src/Illuminate/Support/Facades/Facade.php(240): Illuminate\\Container\\Container->offsetGet('blade.compiler')
#8 /home/mercia/PROJETS/WEB/vimaiz/vendor/laravel/framework/src/Illuminate/Support/Facades/Facade.php(211): Illuminate\\Support\\Facades\\Facade::resolveFacadeInstance('blade.compiler')
#9 /home/mercia/PROJETS/WEB/vimaiz/vendor/laravel/framework/src/Illuminate/Support/Facades/Facade.php(357): Illuminate\\Support\\Facades\\Facade::getFacadeRoot()
#10 /home/mercia/PROJETS/WEB/vimaiz/vendor/blade-ui-kit/blade-icons/src/BladeIconsServiceProvider.php(106): Illuminate\\Support\\Facades\\Facade::__callStatic('directive', Array)
#11 /home/mercia/PROJETS/WEB/vimaiz/vendor/blade-ui-kit/blade-icons/src/BladeIconsServiceProvider.php(27): BladeUI\\Icons\\BladeIconsServiceProvider->bootDirectives()
#12 /home/mercia/PROJETS/WEB/vimaiz/vendor/laravel/framework/src/Illuminate/Container/BoundMethod.php(36): BladeUI\\Icons\\BladeIconsServiceProvider->boot()
#13 /home/mercia/PROJETS/WEB/vimaiz/vendor/laravel/framework/src/Illuminate/Container/Util.php(43): Illuminate\\Container\\BoundMethod::{closure:Illuminate\\Container\\BoundMethod::call():35}()
#14 /home/mercia/PROJETS/WEB/vimaiz/vendor/laravel/framework/src/Illuminate/Container/BoundMethod.php(96): Illuminate\\Container\\Util::unwrapIfClosure(Object(Closure))
#15 /home/mercia/PROJETS/WEB/vimaiz/vendor/laravel/framework/src/Illuminate/Container/BoundMethod.php(35): Illuminate\\Container\\BoundMethod::callBoundMethod(Object(Illuminate\\Foundation\\Application), Array, Object(Closure))
#16 /home/mercia/PROJETS/WEB/vimaiz/vendor/laravel/framework/src/Illuminate/Container/Container.php(836): Illuminate\\Container\\BoundMethod::call(Object(Illuminate\\Foundation\\Application), Array, Array, NULL)
#17 /home/mercia/PROJETS/WEB/vimaiz/vendor/laravel/framework/src/Illuminate/Foundation/Application.php(1151): Illuminate\\Container\\Container->call(Array)
#18 /home/mercia/PROJETS/WEB/vimaiz/vendor/laravel/framework/src/Illuminate/Foundation/Application.php(1132): Illuminate\\Foundation\\Application->bootProvider(Object(BladeUI\\Icons\\BladeIconsServiceProvider))
#19 [internal function]: Illuminate\\Foundation\\Application->{closure:Illuminate\\Foundation\\Application::boot():1131}(Object(BladeUI\\Icons\\BladeIconsServiceProvider), 'BladeUI\\\\Icons\\\\B...')
#20 /home/mercia/PROJETS/WEB/vimaiz/vendor/laravel/framework/src/Illuminate/Foundation/Application.php(1131): array_walk(Array, Object(Closure))
#21 /home/mercia/PROJETS/WEB/vimaiz/vendor/laravel/framework/src/Illuminate/Foundation/Bootstrap/BootProviders.php(17): Illuminate\\Foundation\\Application->boot()
#22 /home/mercia/PROJETS/WEB/vimaiz/vendor/laravel/framework/src/Illuminate/Foundation/Application.php(342): Illuminate\\Foundation\\Bootstrap\\BootProviders->bootstrap(Object(Illuminate\\Foundation\\Application))
#23 /home/mercia/PROJETS/WEB/vimaiz/vendor/laravel/framework/src/Illuminate/Foundation/Console/Kernel.php(473): Illuminate\\Foundation\\Application->bootstrapWith(Array)
#24 /home/mercia/PROJETS/WEB/vimaiz/vendor/laravel/framework/src/Illuminate/Foundation/Console/Kernel.php(195): Illuminate\\Foundation\\Console\\Kernel->bootstrap()
#25 /home/mercia/PROJETS/WEB/vimaiz/vendor/laravel/framework/src/Illuminate/Foundation/Application.php(1235): Illuminate\\Foundation\\Console\\Kernel->handle(Object(Symfony\\Component\\Console\\Input\\ArgvInput), Object(Symfony\\Component\\Console\\Output\\ConsoleOutput))
#26 /home/mercia/PROJETS/WEB/vimaiz/artisan(16): Illuminate\\Foundation\\Application->handleCommand(Object(Symfony\\Component\\Console\\Input\\ArgvInput))
#27 {main}
"} 
[2025-12-24 08:27:48] local.ERROR: Please provide a valid cache path. {"exception":"[object] (InvalidArgumentException(code: 0): Please provide a valid cache path. at /home/mercia/PROJETS/WEB/vimaiz/vendor/laravel/framework/src/Illuminate/View/Compilers/Compiler.php:75)
[stacktrace]
#0 /home/mercia/PROJETS/WEB/vimaiz/vendor/laravel/framework/src/Illuminate/View/ViewServiceProvider.php(97): Illuminate\\View\\Compilers\\Compiler->__construct(Object(Illuminate\\Filesystem\\Filesystem), false, '', true, 'php', true)
#1 /home/mercia/PROJETS/WEB/vimaiz/vendor/laravel/framework/src/Illuminate/Container/Container.php(1154): Illuminate\\View\\ViewServiceProvider->{closure:Illuminate\\View\\ViewServiceProvider::registerBladeCompiler():96}(Object(Illuminate\\Foundation\\Application), Array)
#2 /home/mercia/PROJETS/WEB/vimaiz/vendor/laravel/framework/src/Illuminate/Container/Container.php(972): Illuminate\\Container\\Container->build(Object(Closure))
#3 /home/mercia/PROJETS/WEB/vimaiz/vendor/laravel/framework/src/Illuminate/Foundation/Application.php(1078): Illuminate\\Container\\Container->resolve('blade.compiler', Array, true)
#4 /home/mercia/PROJETS/WEB/vimaiz/vendor/laravel/framework/src/Illuminate/Container/Container.php(903): Illuminate\\Foundation\\Application->resolve('blade.compiler', Array)
#5 /home/mercia/PROJETS/WEB/vimaiz/vendor/laravel/framework/src/Illuminate/Foundation/Application.php(1058): Illuminate\\Container\\Container->make('blade.compiler', Array)
#6 /home/mercia/PROJETS/WEB/vimaiz/vendor/laravel/framework/src/Illuminate/Container/Container.php(1856): Illuminate\\Foundation\\Application->make('blade.compiler')
#7 /home/mercia/PROJETS/WEB/vimaiz/vendor/laravel/framework/src/Illuminate/Support/Facades/Facade.php(240): Illuminate\\Container\\Container->offsetGet('blade.compiler')
#8 /home/mercia/PROJETS/WEB/vimaiz/vendor/laravel/framework/src/Illuminate/Support/Facades/Facade.php(211): Illuminate\\Support\\Facades\\Facade::resolveFacadeInstance('blade.compiler')
#9 /home/mercia/PROJETS/WEB/vimaiz/vendor/laravel/framework/src/Illuminate/Support/Facades/Facade.php(357): Illuminate\\Support\\Facades\\Facade::getFacadeRoot()
#10 /home/mercia/PROJETS/WEB/vimaiz/vendor/blade-ui-kit/blade-icons/src/BladeIconsServiceProvider.php(106): Illuminate\\Support\\Facades\\Facade::__callStatic('directive', Array)
#11 /home/mercia/PROJETS/WEB/vimaiz/vendor/blade-ui-kit/blade-icons/src/BladeIconsServiceProvider.php(27): BladeUI\\Icons\\BladeIconsServiceProvider->bootDirectives()
#12 /home/mercia/PROJETS/WEB/vimaiz/vendor/laravel/framework/src/Illuminate/Container/BoundMethod.php(36): BladeUI\\Icons\\BladeIconsServiceProvider->boot()
#13 /home/mercia/PROJETS/WEB/vimaiz/vendor/laravel/framework/src/Illuminate/Container/Util.php(43): Illuminate\\Container\\BoundMethod::{closure:Illuminate\\Container\\BoundMethod::call():35}()
#14 /home/mercia/PROJETS/WEB/vimaiz/vendor/laravel/framework/src/Illuminate/Container/BoundMethod.php(96): Illuminate\\Container\\Util::unwrapIfClosure(Object(Closure))
#15 /home/mercia/PROJETS/WEB/vimaiz/vendor/laravel/framework/src/Illuminate/Container/BoundMethod.php(35): Illuminate\\Container\\BoundMethod::callBoundMethod(Object(Illuminate\\Foundation\\Application), Array, Object(Closure))
#16 /home/mercia/PROJETS/WEB/vimaiz/vendor/laravel/framework/src/Illuminate/Container/Container.php(836): Illuminate\\Container\\BoundMethod::call(Object(Illuminate\\Foundation\\Application), Array, Array, NULL)
#17 /home/mercia/PROJETS/WEB/vimaiz/vendor/laravel/framework/src/Illuminate/Foundation/Application.php(1151): Illuminate\\Container\\Container->call(Array)
#18 /home/mercia/PROJETS/WEB/vimaiz/vendor/laravel/framework/src/Illuminate/Foundation/Application.php(1132): Illuminate\\Foundation\\Application->bootProvider(Object(BladeUI\\Icons\\BladeIconsServiceProvider))
#19 [internal function]: Illuminate\\Foundation\\Application->{closure:Illuminate\\Foundation\\Application::boot():1131}(Object(BladeUI\\Icons\\BladeIconsServiceProvider), 'BladeUI\\\\Icons\\\\B...')
#20 /home/mercia/PROJETS/WEB/vimaiz/vendor/laravel/framework/src/Illuminate/Foundation/Application.php(1131): array_walk(Array, Object(Closure))
#21 /home/mercia/PROJETS/WEB/vimaiz/vendor/laravel/framework/src/Illuminate/Foundation/Bootstrap/BootProviders.php(17): Illuminate\\Foundation\\Application->boot()
#22 /home/mercia/PROJETS/WEB/vimaiz/vendor/laravel/framework/src/Illuminate/Foundation/Application.php(342): Illuminate\\Foundation\\Bootstrap\\BootProviders->bootstrap(Object(Illuminate\\Foundation\\Application))
#23 /home/mercia/PROJETS/WEB/vimaiz/vendor/laravel/framework/src/Illuminate/Foundation/Console/Kernel.php(473): Illuminate\\Foundation\\Application->bootstrapWith(Array)
#24 /home/mercia/PROJETS/WEB/vimaiz/vendor/laravel/framework/src/Illuminate/Foundation/Console/Kernel.php(195): Illuminate\\Foundation\\Console\\Kernel->bootstrap()
#25 /home/mercia/PROJETS/WEB/vimaiz/vendor/laravel/framework/src/Illuminate/Foundation/Application.php(1235): Illuminate\\Foundation\\Console\\Kernel->handle(Object(Symfony\\Component\\Console\\Input\\ArgvInput), Object(Symfony\\Component\\Console\\Output\\ConsoleOutput))
#26 /home/mercia/PROJETS/WEB/vimaiz/artisan(16): Illuminate\\Foundation\\Application->handleCommand(Object(Symfony\\Component\\Console\\Input\\ArgvInput))
#27 {main}
"} 
[2025-12-24 08:28:11] local.ERROR: Please provide a valid cache path. {"exception":"[object] (InvalidArgumentException(code: 0): Please provide a valid cache path. at /home/mercia/PROJETS/WEB/vimaiz/vendor/laravel/framework/src/Illuminate/View/Compilers/Compiler.php:75)
[stacktrace]
#0 /home/mercia/PROJETS/WEB/vimaiz/vendor/laravel/framework/src/Illuminate/View/ViewServiceProvider.php(97): Illuminate\\View\\Compilers\\Compiler->__construct(Object(Illuminate\\Filesystem\\Filesystem), false, '', true, 'php', true)
#1 /home/mercia/PROJETS/WEB/vimaiz/vendor/laravel/framework/src/Illuminate/Container/Container.php(1154): Illuminate\\View\\ViewServiceProvider->{closure:Illuminate\\View\\ViewServiceProvider::registerBladeCompiler():96}(Object(Illuminate\\Foundation\\Application), Array)
#2 /home/mercia/PROJETS/WEB/vimaiz/vendor/laravel/framework/src/Illuminate/Container/Container.php(972): Illuminate\\Container\\Container->build(Object(Closure))
#3 /home/mercia/PROJETS/WEB/vimaiz/vendor/laravel/framework/src/Illuminate/Foundation/Application.php(1078): Illuminate\\Container\\Container->resolve('blade.compiler', Array, true)
#4 /home/mercia/PROJETS/WEB/vimaiz/vendor/laravel/framework/src/Illuminate/Container/Container.php(903): Illuminate\\Foundation\\Application->resolve('blade.compiler', Array)
#5 /home/mercia/PROJETS/WEB/vimaiz/vendor/laravel/framework/src/Illuminate/Foundation/Application.php(1058): Illuminate\\Container\\Container->make('blade.compiler', Array)
#6 /home/mercia/PROJETS/WEB/vimaiz/vendor/laravel/framework/src/Illuminate/Container/Container.php(1856): Illuminate\\Foundation\\Application->make('blade.compiler')
#7 /home/mercia/PROJETS/WEB/vimaiz/vendor/laravel/framework/src/Illuminate/Support/Facades/Facade.php(240): Illuminate\\Container\\Container->offsetGet('blade.compiler')
#8 /home/mercia/PROJETS/WEB/vimaiz/vendor/laravel/framework/src/Illuminate/Support/Facades/Facade.php(211): Illuminate\\Support\\Facades\\Facade::resolveFacadeInstance('blade.compiler')
#9 /home/mercia/PROJETS/WEB/vimaiz/vendor/laravel/framework/src/Illuminate/Support/Facades/Facade.php(357): Illuminate\\Support\\Facades\\Facade::getFacadeRoot()
#10 /home/mercia/PROJETS/WEB/vimaiz/vendor/blade-ui-kit/blade-icons/src/BladeIconsServiceProvider.php(106): Illuminate\\Support\\Facades\\Facade::__callStatic('directive', Array)
#11 /home/mercia/PROJETS/WEB/vimaiz/vendor/blade-ui-kit/blade-icons/src/BladeIconsServiceProvider.php(27): BladeUI\\Icons\\BladeIconsServiceProvider->bootDirectives()
#12 /home/mercia/PROJETS/WEB/vimaiz/vendor/laravel/framework/src/Illuminate/Container/BoundMethod.php(36): BladeUI\\Icons\\BladeIconsServiceProvider->boot()
#13 /home/mercia/PROJETS/WEB/vimaiz/vendor/laravel/framework/src/Illuminate/Container/Util.php(43): Illuminate\\Container\\BoundMethod::{closure:Illuminate\\Container\\BoundMethod::call():35}()
#14 /home/mercia/PROJETS/WEB/vimaiz/vendor/laravel/framework/src/Illuminate/Container/BoundMethod.php(96): Illuminate\\Container\\Util::unwrapIfClosure(Object(Closure))
#15 /home/mercia/PROJETS/WEB/vimaiz/vendor/laravel/framework/src/Illuminate/Container/BoundMethod.php(35): Illuminate\\Container\\BoundMethod::callBoundMethod(Object(Illuminate\\Foundation\\Application), Array, Object(Closure))
#16 /home/mercia/PROJETS/WEB/vimaiz/vendor/laravel/framework/src/Illuminate/Container/Container.php(836): Illuminate\\Container\\BoundMethod::call(Object(Illuminate\\Foundation\\Application), Array, Array, NULL)
#17 /home/mercia/PROJETS/WEB/vimaiz/vendor/laravel/framework/src/Illuminate/Foundation/Application.php(1151): Illuminate\\Container\\Container->call(Array)
#18 /home/mercia/PROJETS/WEB/vimaiz/vendor/laravel/framework/src/Illuminate/Foundation/Application.php(1132): Illuminate\\Foundation\\Application->bootProvider(Object(BladeUI\\Icons\\BladeIconsServiceProvider))
#19 [internal function]: Illuminate\\Foundation\\Application->{closure:Illuminate\\Foundation\\Application::boot():1131}(Object(BladeUI\\Icons\\BladeIconsServiceProvider), 'BladeUI\\\\Icons\\\\B...')
#20 /home/mercia/PROJETS/WEB/vimaiz/vendor/laravel/framework/src/Illuminate/Foundation/Application.php(1131): array_walk(Array, Object(Closure))
#21 /home/mercia/PROJETS/WEB/vimaiz/vendor/laravel/framework/src/Illuminate/Foundation/Bootstrap/BootProviders.php(17): Illuminate\\Foundation\\Application->boot()
#22 /home/mercia/PROJETS/WEB/vimaiz/vendor/laravel/framework/src/Illuminate/Foundation/Application.php(342): Illuminate\\Foundation\\Bootstrap\\BootProviders->bootstrap(Object(Illuminate\\Foundation\\Application))
#23 /home/mercia/PROJETS/WEB/vimaiz/vendor/laravel/framework/src/Illuminate/Foundation/Console/Kernel.php(473): Illuminate\\Foundation\\Application->bootstrapWith(Array)
#24 /home/mercia/PROJETS/WEB/vimaiz/vendor/laravel/framework/src/Illuminate/Foundation/Console/Kernel.php(195): Illuminate\\Foundation\\Console\\Kernel->bootstrap()
#25 /home/mercia/PROJETS/WEB/vimaiz/vendor/laravel/framework/src/Illuminate/Foundation/Application.php(1235): Illuminate\\Foundation\\Console\\Kernel->handle(Object(Symfony\\Component\\Console\\Input\\ArgvInput), Object(Symfony\\Component\\Console\\Output\\ConsoleOutput))
#26 /home/mercia/PROJETS/WEB/vimaiz/artisan(16): Illuminate\\Foundation\\Application->handleCommand(Object(Symfony\\Component\\Console\\Input\\ArgvInput))
#27 {main}
"} 
[2025-12-24 08:28:56] local.ERROR: Please provide a valid cache path. {"exception":"[object] (InvalidArgumentException(code: 0): Please provide a valid cache path. at /home/mercia/PROJETS/WEB/vimaiz/vendor/laravel/framework/src/Illuminate/View/Compilers/Compiler.php:75)
[stacktrace]
#0 /home/mercia/PROJETS/WEB/vimaiz/vendor/laravel/framework/src/Illuminate/View/ViewServiceProvider.php(97): Illuminate\\View\\Compilers\\Compiler->__construct(Object(Illuminate\\Filesystem\\Filesystem), false, '', true, 'php', true)
#1 /home/mercia/PROJETS/WEB/vimaiz/vendor/laravel/framework/src/Illuminate/Container/Container.php(1154): Illuminate\\View\\ViewServiceProvider->{closure:Illuminate\\View\\ViewServiceProvider::registerBladeCompiler():96}(Object(Illuminate\\Foundation\\Application), Array)
#2 /home/mercia/PROJETS/WEB/vimaiz/vendor/laravel/framework/src/Illuminate/Container/Container.php(972): Illuminate\\Container\\Container->build(Object(Closure))
#3 /home/mercia/PROJETS/WEB/vimaiz/vendor/laravel/framework/src/Illuminate/Foundation/Application.php(1078): Illuminate\\Container\\Container->resolve('blade.compiler', Array, true)
#4 /home/mercia/PROJETS/WEB/vimaiz/vendor/laravel/framework/src/Illuminate/Container/Container.php(903): Illuminate\\Foundation\\Application->resolve('blade.compiler', Array)
#5 /home/mercia/PROJETS/WEB/vimaiz/vendor/laravel/framework/src/Illuminate/Foundation/Application.php(1058): Illuminate\\Container\\Container->make('blade.compiler', Array)
#6 /home/mercia/PROJETS/WEB/vimaiz/vendor/laravel/framework/src/Illuminate/Container/Container.php(1856): Illuminate\\Foundation\\Application->make('blade.compiler')
#7 /home/mercia/PROJETS/WEB/vimaiz/vendor/laravel/framework/src/Illuminate/Support/Facades/Facade.php(240): Illuminate\\Container\\Container->offsetGet('blade.compiler')
#8 /home/mercia/PROJETS/WEB/vimaiz/vendor/laravel/framework/src/Illuminate/Support/Facades/Facade.php(211): Illuminate\\Support\\Facades\\Facade::resolveFacadeInstance('blade.compiler')
#9 /home/mercia/PROJETS/WEB/vimaiz/vendor/laravel/framework/src/Illuminate/Support/Facades/Facade.php(357): Illuminate\\Support\\Facades\\Facade::getFacadeRoot()
#10 /home/mercia/PROJETS/WEB/vimaiz/vendor/blade-ui-kit/blade-icons/src/BladeIconsServiceProvider.php(106): Illuminate\\Support\\Facades\\Facade::__callStatic('directive', Array)
#11 /home/mercia/PROJETS/WEB/vimaiz/vendor/blade-ui-kit/blade-icons/src/BladeIconsServiceProvider.php(27): BladeUI\\Icons\\BladeIconsServiceProvider->bootDirectives()
#12 /home/mercia/PROJETS/WEB/vimaiz/vendor/laravel/framework/src/Illuminate/Container/BoundMethod.php(36): BladeUI\\Icons\\BladeIconsServiceProvider->boot()
#13 /home/mercia/PROJETS/WEB/vimaiz/vendor/laravel/framework/src/Illuminate/Container/Util.php(43): Illuminate\\Container\\BoundMethod::{closure:Illuminate\\Container\\BoundMethod::call():35}()
#14 /home/mercia/PROJETS/WEB/vimaiz/vendor/laravel/framework/src/Illuminate/Container/BoundMethod.php(96): Illuminate\\Container\\Util::unwrapIfClosure(Object(Closure))
#15 /home/mercia/PROJETS/WEB/vimaiz/vendor/laravel/framework/src/Illuminate/Container/BoundMethod.php(35): Illuminate\\Container\\BoundMethod::callBoundMethod(Object(Illuminate\\Foundation\\Application), Array, Object(Closure))
#16 /home/mercia/PROJETS/WEB/vimaiz/vendor/laravel/framework/src/Illuminate/Container/Container.php(836): Illuminate\\Container\\BoundMethod::call(Object(Illuminate\\Foundation\\Application), Array, Array, NULL)
#17 /home/mercia/PROJETS/WEB/vimaiz/vendor/laravel/framework/src/Illuminate/Foundation/Application.php(1151): Illuminate\\Container\\Container->call(Array)
#18 /home/mercia/PROJETS/WEB/vimaiz/vendor/laravel/framework/src/Illuminate/Foundation/Application.php(1132): Illuminate\\Foundation\\Application->bootProvider(Object(BladeUI\\Icons\\BladeIconsServiceProvider))
#19 [internal function]: Illuminate\\Foundation\\Application->{closure:Illuminate\\Foundation\\Application::boot():1131}(Object(BladeUI\\Icons\\BladeIconsServiceProvider), 'BladeUI\\\\Icons\\\\B...')
#20 /home/mercia/PROJETS/WEB/vimaiz/vendor/laravel/framework/src/Illuminate/Foundation/Application.php(1131): array_walk(Array, Object(Closure))
#21 /home/mercia/PROJETS/WEB/vimaiz/vendor/laravel/framework/src/Illuminate/Foundation/Bootstrap/BootProviders.php(17): Illuminate\\Foundation\\Application->boot()
#22 /home/mercia/PROJETS/WEB/vimaiz/vendor/laravel/framework/src/Illuminate/Foundation/Application.php(342): Illuminate\\Foundation\\Bootstrap\\BootProviders->bootstrap(Object(Illuminate\\Foundation\\Application))
#23 /home/mercia/PROJETS/WEB/vimaiz/vendor/laravel/framework/src/Illuminate/Foundation/Console/Kernel.php(473): Illuminate\\Foundation\\Application->bootstrapWith(Array)
#24 /home/mercia/PROJETS/WEB/vimaiz/vendor/laravel/framework/src/Illuminate/Foundation/Console/Kernel.php(195): Illuminate\\Foundation\\Console\\Kernel->bootstrap()
#25 /home/mercia/PROJETS/WEB/vimaiz/vendor/laravel/framework/src/Illuminate/Foundation/Application.php(1235): Illuminate\\Foundation\\Console\\Kernel->handle(Object(Symfony\\Component\\Console\\Input\\ArgvInput), Object(Symfony\\Component\\Console\\Output\\ConsoleOutput))
#26 /home/mercia/PROJETS/WEB/vimaiz/artisan(16): Illuminate\\Foundation\\Application->handleCommand(Object(Symfony\\Component\\Console\\Input\\ArgvInput))
#27 {main}
"} 
[2025-12-24 08:29:01] local.ERROR: Please provide a valid cache path. {"exception":"[object] (InvalidArgumentException(code: 0): Please provide a valid cache path. at /home/mercia/PROJETS/WEB/vimaiz/vendor/laravel/framework/src/Illuminate/View/Compilers/Compiler.php:75)
[stacktrace]
#0 /home/mercia/PROJETS/WEB/vimaiz/vendor/laravel/framework/src/Illuminate/View/ViewServiceProvider.php(97): Illuminate\\View\\Compilers\\Compiler->__construct(Object(Illuminate\\Filesystem\\Filesystem), false, '', true, 'php', true)
#1 /home/mercia/PROJETS/WEB/vimaiz/vendor/laravel/framework/src/Illuminate/Container/Container.php(1154): Illuminate\\View\\ViewServiceProvider->{closure:Illuminate\\View\\ViewServiceProvider::registerBladeCompiler():96}(Object(Illuminate\\Foundation\\Application), Array)
#2 /home/mercia/PROJETS/WEB/vimaiz/vendor/laravel/framework/src/Illuminate/Container/Container.php(972): Illuminate\\Container\\Container->build(Object(Closure))
#3 /home/mercia/PROJETS/WEB/vimaiz/vendor/laravel/framework/src/Illuminate/Foundation/Application.php(1078): Illuminate\\Container\\Container->resolve('blade.compiler', Array, true)
#4 /home/mercia/PROJETS/WEB/vimaiz/vendor/laravel/framework/src/Illuminate/Container/Container.php(903): Illuminate\\Foundation\\Application->resolve('blade.compiler', Array)
#5 /home/mercia/PROJETS/WEB/vimaiz/vendor/laravel/framework/src/Illuminate/Foundation/Application.php(1058): Illuminate\\Container\\Container->make('blade.compiler', Array)
#6 /home/mercia/PROJETS/WEB/vimaiz/vendor/laravel/framework/src/Illuminate/Container/Container.php(1856): Illuminate\\Foundation\\Application->make('blade.compiler')
#7 /home/mercia/PROJETS/WEB/vimaiz/vendor/laravel/framework/src/Illuminate/Support/Facades/Facade.php(240): Illuminate\\Container\\Container->offsetGet('blade.compiler')
#8 /home/mercia/PROJETS/WEB/vimaiz/vendor/laravel/framework/src/Illuminate/Support/Facades/Facade.php(211): Illuminate\\Support\\Facades\\Facade::resolveFacadeInstance('blade.compiler')
#9 /home/mercia/PROJETS/WEB/vimaiz/vendor/laravel/framework/src/Illuminate/Support/Facades/Facade.php(357): Illuminate\\Support\\Facades\\Facade::getFacadeRoot()
#10 /home/mercia/PROJETS/WEB/vimaiz/vendor/blade-ui-kit/blade-icons/src/BladeIconsServiceProvider.php(106): Illuminate\\Support\\Facades\\Facade::__callStatic('directive', Array)
#11 /home/mercia/PROJETS/WEB/vimaiz/vendor/blade-ui-kit/blade-icons/src/BladeIconsServiceProvider.php(27): BladeUI\\Icons\\BladeIconsServiceProvider->bootDirectives()
#12 /home/mercia/PROJETS/WEB/vimaiz/vendor/laravel/framework/src/Illuminate/Container/BoundMethod.php(36): BladeUI\\Icons\\BladeIconsServiceProvider->boot()
#13 /home/mercia/PROJETS/WEB/vimaiz/vendor/laravel/framework/src/Illuminate/Container/Util.php(43): Illuminate\\Container\\BoundMethod::{closure:Illuminate\\Container\\BoundMethod::call():35}()
#14 /home/mercia/PROJETS/WEB/vimaiz/vendor/laravel/framework/src/Illuminate/Container/BoundMethod.php(96): Illuminate\\Container\\Util::unwrapIfClosure(Object(Closure))
#15 /home/mercia/PROJETS/WEB/vimaiz/vendor/laravel/framework/src/Illuminate/Container/BoundMethod.php(35): Illuminate\\Container\\BoundMethod::callBoundMethod(Object(Illuminate\\Foundation\\Application), Array, Object(Closure))
#16 /home/mercia/PROJETS/WEB/vimaiz/vendor/laravel/framework/src/Illuminate/Container/Container.php(836): Illuminate\\Container\\BoundMethod::call(Object(Illuminate\\Foundation\\Application), Array, Array, NULL)
#17 /home/mercia/PROJETS/WEB/vimaiz/vendor/laravel/framework/src/Illuminate/Foundation/Application.php(1151): Illuminate\\Container\\Container->call(Array)
#18 /home/mercia/PROJETS/WEB/vimaiz/vendor/laravel/framework/src/Illuminate/Foundation/Application.php(1132): Illuminate\\Foundation\\Application->bootProvider(Object(BladeUI\\Icons\\BladeIconsServiceProvider))
#19 [internal function]: Illuminate\\Foundation\\Application->{closure:Illuminate\\Foundation\\Application::boot():1131}(Object(BladeUI\\Icons\\BladeIconsServiceProvider), 'BladeUI\\\\Icons\\\\B...')
#20 /home/mercia/PROJETS/WEB/vimaiz/vendor/laravel/framework/src/Illuminate/Foundation/Application.php(1131): array_walk(Array, Object(Closure))
#21 /home/mercia/PROJETS/WEB/vimaiz/vendor/laravel/framework/src/Illuminate/Foundation/Bootstrap/BootProviders.php(17): Illuminate\\Foundation\\Application->boot()
#22 /home/mercia/PROJETS/WEB/vimaiz/vendor/laravel/framework/src/Illuminate/Foundation/Application.php(342): Illuminate\\Foundation\\Bootstrap\\BootProviders->bootstrap(Object(Illuminate\\Foundation\\Application))
#23 /home/mercia/PROJETS/WEB/vimaiz/vendor/laravel/framework/src/Illuminate/Foundation/Console/Kernel.php(473): Illuminate\\Foundation\\Application->bootstrapWith(Array)
#24 /home/mercia/PROJETS/WEB/vimaiz/vendor/laravel/framework/src/Illuminate/Foundation/Console/Kernel.php(195): Illuminate\\Foundation\\Console\\Kernel->bootstrap()
#25 /home/mercia/PROJETS/WEB/vimaiz/vendor/laravel/framework/src/Illuminate/Foundation/Application.php(1235): Illuminate\\Foundation\\Console\\Kernel->handle(Object(Symfony\\Component\\Console\\Input\\ArgvInput), Object(Symfony\\Component\\Console\\Output\\ConsoleOutput))
#26 /home/mercia/PROJETS/WEB/vimaiz/artisan(16): Illuminate\\Foundation\\Application->handleCommand(Object(Symfony\\Component\\Console\\Input\\ArgvInput))
#27 {main}
"} 
[2025-12-24 08:29:06] local.ERROR: Please provide a valid cache path. {"exception":"[object] (InvalidArgumentException(code: 0): Please provide a valid cache path. at /home/mercia/PROJETS/WEB/vimaiz/vendor/laravel/framework/src/Illuminate/View/Compilers/Compiler.php:75)
[stacktrace]
#0 /home/mercia/PROJETS/WEB/vimaiz/vendor/laravel/framework/src/Illuminate/View/ViewServiceProvider.php(97): Illuminate\\View\\Compilers\\Compiler->__construct(Object(Illuminate\\Filesystem\\Filesystem), false, '', true, 'php', true)
#1 /home/mercia/PROJETS/WEB/vimaiz/vendor/laravel/framework/src/Illuminate/Container/Container.php(1154): Illuminate\\View\\ViewServiceProvider->{closure:Illuminate\\View\\ViewServiceProvider::registerBladeCompiler():96}(Object(Illuminate\\Foundation\\Application), Array)
#2 /home/mercia/PROJETS/WEB/vimaiz/vendor/laravel/framework/src/Illuminate/Container/Container.php(972): Illuminate\\Container\\Container->build(Object(Closure))
#3 /home/mercia/PROJETS/WEB/vimaiz/vendor/laravel/framework/src/Illuminate/Foundation/Application.php(1078): Illuminate\\Container\\Container->resolve('blade.compiler', Array, true)
#4 /home/mercia/PROJETS/WEB/vimaiz/vendor/laravel/framework/src/Illuminate/Container/Container.php(903): Illuminate\\Foundation\\Application->resolve('blade.compiler', Array)
#5 /home/mercia/PROJETS/WEB/vimaiz/vendor/laravel/framework/src/Illuminate/Foundation/Application.php(1058): Illuminate\\Container\\Container->make('blade.compiler', Array)
#6 /home/mercia/PROJETS/WEB/vimaiz/vendor/laravel/framework/src/Illuminate/Container/Container.php(1856): Illuminate\\Foundation\\Application->make('blade.compiler')
#7 /home/mercia/PROJETS/WEB/vimaiz/vendor/laravel/framework/src/Illuminate/Support/Facades/Facade.php(240): Illuminate\\Container\\Container->offsetGet('blade.compiler')
#8 /home/mercia/PROJETS/WEB/vimaiz/vendor/laravel/framework/src/Illuminate/Support/Facades/Facade.php(211): Illuminate\\Support\\Facades\\Facade::resolveFacadeInstance('blade.compiler')
#9 /home/mercia/PROJETS/WEB/vimaiz/vendor/laravel/framework/src/Illuminate/Support/Facades/Facade.php(357): Illuminate\\Support\\Facades\\Facade::getFacadeRoot()
#10 /home/mercia/PROJETS/WEB/vimaiz/vendor/blade-ui-kit/blade-icons/src/BladeIconsServiceProvider.php(106): Illuminate\\Support\\Facades\\Facade::__callStatic('directive', Array)
#11 /home/mercia/PROJETS/WEB/vimaiz/vendor/blade-ui-kit/blade-icons/src/BladeIconsServiceProvider.php(27): BladeUI\\Icons\\BladeIconsServiceProvider->bootDirectives()
#12 /home/mercia/PROJETS/WEB/vimaiz/vendor/laravel/framework/src/Illuminate/Container/BoundMethod.php(36): BladeUI\\Icons\\BladeIconsServiceProvider->boot()
#13 /home/mercia/PROJETS/WEB/vimaiz/vendor/laravel/framework/src/Illuminate/Container/Util.php(43): Illuminate\\Container\\BoundMethod::{closure:Illuminate\\Container\\BoundMethod::call():35}()
#14 /home/mercia/PROJETS/WEB/vimaiz/vendor/laravel/framework/src/Illuminate/Container/BoundMethod.php(96): Illuminate\\Container\\Util::unwrapIfClosure(Object(Closure))
#15 /home/mercia/PROJETS/WEB/vimaiz/vendor/laravel/framework/src/Illuminate/Container/BoundMethod.php(35): Illuminate\\Container\\BoundMethod::callBoundMethod(Object(Illuminate\\Foundation\\Application), Array, Object(Closure))
#16 /home/mercia/PROJETS/WEB/vimaiz/vendor/laravel/framework/src/Illuminate/Container/Container.php(836): Illuminate\\Container\\BoundMethod::call(Object(Illuminate\\Foundation\\Application), Array, Array, NULL)
#17 /home/mercia/PROJETS/WEB/vimaiz/vendor/laravel/framework/src/Illuminate/Foundation/Application.php(1151): Illuminate\\Container\\Container->call(Array)
#18 /home/mercia/PROJETS/WEB/vimaiz/vendor/laravel/framework/src/Illuminate/Foundation/Application.php(1132): Illuminate\\Foundation\\Application->bootProvider(Object(BladeUI\\Icons\\BladeIconsServiceProvider))
#19 [internal function]: Illuminate\\Foundation\\Application->{closure:Illuminate\\Foundation\\Application::boot():1131}(Object(BladeUI\\Icons\\BladeIconsServiceProvider), 'BladeUI\\\\Icons\\\\B...')
#20 /home/mercia/PROJETS/WEB/vimaiz/vendor/laravel/framework/src/Illuminate/Foundation/Application.php(1131): array_walk(Array, Object(Closure))
#21 /home/mercia/PROJETS/WEB/vimaiz/vendor/laravel/framework/src/Illuminate/Foundation/Bootstrap/BootProviders.php(17): Illuminate\\Foundation\\Application->boot()
#22 /home/mercia/PROJETS/WEB/vimaiz/vendor/laravel/framework/src/Illuminate/Foundation/Application.php(342): Illuminate\\Foundation\\Bootstrap\\BootProviders->bootstrap(Object(Illuminate\\Foundation\\Application))
#23 /home/mercia/PROJETS/WEB/vimaiz/vendor/laravel/framework/src/Illuminate/Foundation/Console/Kernel.php(473): Illuminate\\Foundation\\Application->bootstrapWith(Array)
#24 /home/mercia/PROJETS/WEB/vimaiz/vendor/laravel/framework/src/Illuminate/Foundation/Console/Kernel.php(195): Illuminate\\Foundation\\Console\\Kernel->bootstrap()
#25 /home/mercia/PROJETS/WEB/vimaiz/vendor/laravel/framework/src/Illuminate/Foundation/Application.php(1235): Illuminate\\Foundation\\Console\\Kernel->handle(Object(Symfony\\Component\\Console\\Input\\ArgvInput), Object(Symfony\\Component\\Console\\Output\\ConsoleOutput))
#26 /home/mercia/PROJETS/WEB/vimaiz/artisan(16): Illuminate\\Foundation\\Application->handleCommand(Object(Symfony\\Component\\Console\\Input\\ArgvInput))
#27 {main}
"} 
[2025-12-24 08:29:18] local.ERROR: Please provide a valid cache path. {"exception":"[object] (InvalidArgumentException(code: 0): Please provide a valid cache path. at /home/mercia/PROJETS/WEB/vimaiz/vendor/laravel/framework/src/Illuminate/View/Compilers/Compiler.php:75)
[stacktrace]
#0 /home/mercia/PROJETS/WEB/vimaiz/vendor/laravel/framework/src/Illuminate/View/ViewServiceProvider.php(97): Illuminate\\View\\Compilers\\Compiler->__construct(Object(Illuminate\\Filesystem\\Filesystem), false, '', true, 'php', true)
#1 /home/mercia/PROJETS/WEB/vimaiz/vendor/laravel/framework/src/Illuminate/Container/Container.php(1154): Illuminate\\View\\ViewServiceProvider->{closure:Illuminate\\View\\ViewServiceProvider::registerBladeCompiler():96}(Object(Illuminate\\Foundation\\Application), Array)
#2 /home/mercia/PROJETS/WEB/vimaiz/vendor/laravel/framework/src/Illuminate/Container/Container.php(972): Illuminate\\Container\\Container->build(Object(Closure))
#3 /home/mercia/PROJETS/WEB/vimaiz/vendor/laravel/framework/src/Illuminate/Foundation/Application.php(1078): Illuminate\\Container\\Container->resolve('blade.compiler', Array, true)
#4 /home/mercia/PROJETS/WEB/vimaiz/vendor/laravel/framework/src/Illuminate/Container/Container.php(903): Illuminate\\Foundation\\Application->resolve('blade.compiler', Array)
#5 /home/mercia/PROJETS/WEB/vimaiz/vendor/laravel/framework/src/Illuminate/Foundation/Application.php(1058): Illuminate\\Container\\Container->make('blade.compiler', Array)
#6 /home/mercia/PROJETS/WEB/vimaiz/vendor/laravel/framework/src/Illuminate/Container/Container.php(1856): Illuminate\\Foundation\\Application->make('blade.compiler')
#7 /home/mercia/PROJETS/WEB/vimaiz/vendor/laravel/framework/src/Illuminate/Support/Facades/Facade.php(240): Illuminate\\Container\\Container->offsetGet('blade.compiler')
#8 /home/mercia/PROJETS/WEB/vimaiz/vendor/laravel/framework/src/Illuminate/Support/Facades/Facade.php(211): Illuminate\\Support\\Facades\\Facade::resolveFacadeInstance('blade.compiler')
#9 /home/mercia/PROJETS/WEB/vimaiz/vendor/laravel/framework/src/Illuminate/Support/Facades/Facade.php(357): Illuminate\\Support\\Facades\\Facade::getFacadeRoot()
#10 /home/mercia/PROJETS/WEB/vimaiz/vendor/blade-ui-kit/blade-icons/src/BladeIconsServiceProvider.php(106): Illuminate\\Support\\Facades\\Facade::__callStatic('directive', Array)
#11 /home/mercia/PROJETS/WEB/vimaiz/vendor/blade-ui-kit/blade-icons/src/BladeIconsServiceProvider.php(27): BladeUI\\Icons\\BladeIconsServiceProvider->bootDirectives()
#12 /home/mercia/PROJETS/WEB/vimaiz/vendor/laravel/framework/src/Illuminate/Container/BoundMethod.php(36): BladeUI\\Icons\\BladeIconsServiceProvider->boot()
#13 /home/mercia/PROJETS/WEB/vimaiz/vendor/laravel/framework/src/Illuminate/Container/Util.php(43): Illuminate\\Container\\BoundMethod::{closure:Illuminate\\Container\\BoundMethod::call():35}()
#14 /home/mercia/PROJETS/WEB/vimaiz/vendor/laravel/framework/src/Illuminate/Container/BoundMethod.php(96): Illuminate\\Container\\Util::unwrapIfClosure(Object(Closure))
#15 /home/mercia/PROJETS/WEB/vimaiz/vendor/laravel/framework/src/Illuminate/Container/BoundMethod.php(35): Illuminate\\Container\\BoundMethod::callBoundMethod(Object(Illuminate\\Foundation\\Application), Array, Object(Closure))
#16 /home/mercia/PROJETS/WEB/vimaiz/vendor/laravel/framework/src/Illuminate/Container/Container.php(836): Illuminate\\Container\\BoundMethod::call(Object(Illuminate\\Foundation\\Application), Array, Array, NULL)
#17 /home/mercia/PROJETS/WEB/vimaiz/vendor/laravel/framework/src/Illuminate/Foundation/Application.php(1151): Illuminate\\Container\\Container->call(Array)
#18 /home/mercia/PROJETS/WEB/vimaiz/vendor/laravel/framework/src/Illuminate/Foundation/Application.php(1132): Illuminate\\Foundation\\Application->bootProvider(Object(BladeUI\\Icons\\BladeIconsServiceProvider))
#19 [internal function]: Illuminate\\Foundation\\Application->{closure:Illuminate\\Foundation\\Application::boot():1131}(Object(BladeUI\\Icons\\BladeIconsServiceProvider), 'BladeUI\\\\Icons\\\\B...')
#20 /home/mercia/PROJETS/WEB/vimaiz/vendor/laravel/framework/src/Illuminate/Foundation/Application.php(1131): array_walk(Array, Object(Closure))
#21 /home/mercia/PROJETS/WEB/vimaiz/vendor/laravel/framework/src/Illuminate/Foundation/Bootstrap/BootProviders.php(17): Illuminate\\Foundation\\Application->boot()
#22 /home/mercia/PROJETS/WEB/vimaiz/vendor/laravel/framework/src/Illuminate/Foundation/Application.php(342): Illuminate\\Foundation\\Bootstrap\\BootProviders->bootstrap(Object(Illuminate\\Foundation\\Application))
#23 /home/mercia/PROJETS/WEB/vimaiz/vendor/laravel/framework/src/Illuminate/Foundation/Console/Kernel.php(473): Illuminate\\Foundation\\Application->bootstrapWith(Array)
#24 /home/mercia/PROJETS/WEB/vimaiz/vendor/laravel/framework/src/Illuminate/Foundation/Console/Kernel.php(195): Illuminate\\Foundation\\Console\\Kernel->bootstrap()
#25 /home/mercia/PROJETS/WEB/vimaiz/vendor/laravel/framework/src/Illuminate/Foundation/Application.php(1235): Illuminate\\Foundation\\Console\\Kernel->handle(Object(Symfony\\Component\\Console\\Input\\ArgvInput), Object(Symfony\\Component\\Console\\Output\\ConsoleOutput))
#26 /home/mercia/PROJETS/WEB/vimaiz/artisan(16): Illuminate\\Foundation\\Application->handleCommand(Object(Symfony\\Component\\Console\\Input\\ArgvInput))
#27 {main}
"} 
[2025-12-24 08:30:33] local.ERROR: Please provide a valid cache path. {"exception":"[object] (InvalidArgumentException(code: 0): Please provide a valid cache path. at /home/mercia/PROJETS/WEB/vimaiz/vendor/laravel/framework/src/Illuminate/View/Compilers/Compiler.php:75)
[stacktrace]
#0 /home/mercia/PROJETS/WEB/vimaiz/vendor/laravel/framework/src/Illuminate/View/ViewServiceProvider.php(97): Illuminate\\View\\Compilers\\Compiler->__construct(Object(Illuminate\\Filesystem\\Filesystem), false, '', true, 'php', true)
#1 /home/mercia/PROJETS/WEB/vimaiz/vendor/laravel/framework/src/Illuminate/Container/Container.php(1154): Illuminate\\View\\ViewServiceProvider->{closure:Illuminate\\View\\ViewServiceProvider::registerBladeCompiler():96}(Object(Illuminate\\Foundation\\Application), Array)
#2 /home/mercia/PROJETS/WEB/vimaiz/vendor/laravel/framework/src/Illuminate/Container/Container.php(972): Illuminate\\Container\\Container->build(Object(Closure))
#3 /home/mercia/PROJETS/WEB/vimaiz/vendor/laravel/framework/src/Illuminate/Foundation/Application.php(1078): Illuminate\\Container\\Container->resolve('blade.compiler', Array, true)
#4 /home/mercia/PROJETS/WEB/vimaiz/vendor/laravel/framework/src/Illuminate/Container/Container.php(903): Illuminate\\Foundation\\Application->resolve('blade.compiler', Array)
#5 /home/mercia/PROJETS/WEB/vimaiz/vendor/laravel/framework/src/Illuminate/Foundation/Application.php(1058): Illuminate\\Container\\Container->make('blade.compiler', Array)
#6 /home/mercia/PROJETS/WEB/vimaiz/vendor/laravel/framework/src/Illuminate/Container/Container.php(1856): Illuminate\\Foundation\\Application->make('blade.compiler')
#7 /home/mercia/PROJETS/WEB/vimaiz/vendor/laravel/framework/src/Illuminate/Support/Facades/Facade.php(240): Illuminate\\Container\\Container->offsetGet('blade.compiler')
#8 /home/mercia/PROJETS/WEB/vimaiz/vendor/laravel/framework/src/Illuminate/Support/Facades/Facade.php(211): Illuminate\\Support\\Facades\\Facade::resolveFacadeInstance('blade.compiler')
#9 /home/mercia/PROJETS/WEB/vimaiz/vendor/laravel/framework/src/Illuminate/Support/Facades/Facade.php(357): Illuminate\\Support\\Facades\\Facade::getFacadeRoot()
#10 /home/mercia/PROJETS/WEB/vimaiz/vendor/blade-ui-kit/blade-icons/src/BladeIconsServiceProvider.php(106): Illuminate\\Support\\Facades\\Facade::__callStatic('directive', Array)
#11 /home/mercia/PROJETS/WEB/vimaiz/vendor/blade-ui-kit/blade-icons/src/BladeIconsServiceProvider.php(27): BladeUI\\Icons\\BladeIconsServiceProvider->bootDirectives()
#12 /home/mercia/PROJETS/WEB/vimaiz/vendor/laravel/framework/src/Illuminate/Container/BoundMethod.php(36): BladeUI\\Icons\\BladeIconsServiceProvider->boot()
#13 /home/mercia/PROJETS/WEB/vimaiz/vendor/laravel/framework/src/Illuminate/Container/Util.php(43): Illuminate\\Container\\BoundMethod::{closure:Illuminate\\Container\\BoundMethod::call():35}()
#14 /home/mercia/PROJETS/WEB/vimaiz/vendor/laravel/framework/src/Illuminate/Container/BoundMethod.php(96): Illuminate\\Container\\Util::unwrapIfClosure(Object(Closure))
#15 /home/mercia/PROJETS/WEB/vimaiz/vendor/laravel/framework/src/Illuminate/Container/BoundMethod.php(35): Illuminate\\Container\\BoundMethod::callBoundMethod(Object(Illuminate\\Foundation\\Application), Array, Object(Closure))
#16 /home/mercia/PROJETS/WEB/vimaiz/vendor/laravel/framework/src/Illuminate/Container/Container.php(836): Illuminate\\Container\\BoundMethod::call(Object(Illuminate\\Foundation\\Application), Array, Array, NULL)
#17 /home/mercia/PROJETS/WEB/vimaiz/vendor/laravel/framework/src/Illuminate/Foundation/Application.php(1151): Illuminate\\Container\\Container->call(Array)
#18 /home/mercia/PROJETS/WEB/vimaiz/vendor/laravel/framework/src/Illuminate/Foundation/Application.php(1132): Illuminate\\Foundation\\Application->bootProvider(Object(BladeUI\\Icons\\BladeIconsServiceProvider))
#19 [internal function]: Illuminate\\Foundation\\Application->{closure:Illuminate\\Foundation\\Application::boot():1131}(Object(BladeUI\\Icons\\BladeIconsServiceProvider), 'BladeUI\\\\Icons\\\\B...')
#20 /home/mercia/PROJETS/WEB/vimaiz/vendor/laravel/framework/src/Illuminate/Foundation/Application.php(1131): array_walk(Array, Object(Closure))
#21 /home/mercia/PROJETS/WEB/vimaiz/vendor/laravel/framework/src/Illuminate/Foundation/Bootstrap/BootProviders.php(17): Illuminate\\Foundation\\Application->boot()
#22 /home/mercia/PROJETS/WEB/vimaiz/vendor/laravel/framework/src/Illuminate/Foundation/Application.php(342): Illuminate\\Foundation\\Bootstrap\\BootProviders->bootstrap(Object(Illuminate\\Foundation\\Application))
#23 /home/mercia/PROJETS/WEB/vimaiz/vendor/laravel/framework/src/Illuminate/Foundation/Console/Kernel.php(473): Illuminate\\Foundation\\Application->bootstrapWith(Array)
#24 /home/mercia/PROJETS/WEB/vimaiz/vendor/laravel/framework/src/Illuminate/Foundation/Console/Kernel.php(195): Illuminate\\Foundation\\Console\\Kernel->bootstrap()
#25 /home/mercia/PROJETS/WEB/vimaiz/vendor/laravel/framework/src/Illuminate/Foundation/Application.php(1235): Illuminate\\Foundation\\Console\\Kernel->handle(Object(Symfony\\Component\\Console\\Input\\ArgvInput), Object(Symfony\\Component\\Console\\Output\\ConsoleOutput))
#26 /home/mercia/PROJETS/WEB/vimaiz/artisan(16): Illuminate\\Foundation\\Application->handleCommand(Object(Symfony\\Component\\Console\\Input\\ArgvInput))
#27 {main}
"} 
[2025-12-24 08:30:52] local.ERROR: Please provide a valid cache path. {"exception":"[object] (InvalidArgumentException(code: 0): Please provide a valid cache path. at /home/mercia/PROJETS/WEB/vimaiz/vendor/laravel/framework/src/Illuminate/View/Compilers/Compiler.php:75)
[stacktrace]
#0 /home/mercia/PROJETS/WEB/vimaiz/vendor/laravel/framework/src/Illuminate/View/ViewServiceProvider.php(97): Illuminate\\View\\Compilers\\Compiler->__construct(Object(Illuminate\\Filesystem\\Filesystem), false, '', true, 'php', true)
#1 /home/mercia/PROJETS/WEB/vimaiz/vendor/laravel/framework/src/Illuminate/Container/Container.php(1154): Illuminate\\View\\ViewServiceProvider->{closure:Illuminate\\View\\ViewServiceProvider::registerBladeCompiler():96}(Object(Illuminate\\Foundation\\Application), Array)
#2 /home/mercia/PROJETS/WEB/vimaiz/vendor/laravel/framework/src/Illuminate/Container/Container.php(972): Illuminate\\Container\\Container->build(Object(Closure))
#3 /home/mercia/PROJETS/WEB/vimaiz/vendor/laravel/framework/src/Illuminate/Foundation/Application.php(1078): Illuminate\\Container\\Container->resolve('blade.compiler', Array, true)
#4 /home/mercia/PROJETS/WEB/vimaiz/vendor/laravel/framework/src/Illuminate/Container/Container.php(903): Illuminate\\Foundation\\Application->resolve('blade.compiler', Array)
#5 /home/mercia/PROJETS/WEB/vimaiz/vendor/laravel/framework/src/Illuminate/Foundation/Application.php(1058): Illuminate\\Container\\Container->make('blade.compiler', Array)
#6 /home/mercia/PROJETS/WEB/vimaiz/vendor/laravel/framework/src/Illuminate/Container/Container.php(1856): Illuminate\\Foundation\\Application->make('blade.compiler')
#7 /home/mercia/PROJETS/WEB/vimaiz/vendor/laravel/framework/src/Illuminate/Support/Facades/Facade.php(240): Illuminate\\Container\\Container->offsetGet('blade.compiler')
#8 /home/mercia/PROJETS/WEB/vimaiz/vendor/laravel/framework/src/Illuminate/Support/Facades/Facade.php(211): Illuminate\\Support\\Facades\\Facade::resolveFacadeInstance('blade.compiler')
#9 /home/mercia/PROJETS/WEB/vimaiz/vendor/laravel/framework/src/Illuminate/Support/Facades/Facade.php(357): Illuminate\\Support\\Facades\\Facade::getFacadeRoot()
#10 /home/mercia/PROJETS/WEB/vimaiz/vendor/blade-ui-kit/blade-icons/src/BladeIconsServiceProvider.php(106): Illuminate\\Support\\Facades\\Facade::__callStatic('directive', Array)
#11 /home/mercia/PROJETS/WEB/vimaiz/vendor/blade-ui-kit/blade-icons/src/BladeIconsServiceProvider.php(27): BladeUI\\Icons\\BladeIconsServiceProvider->bootDirectives()
#12 /home/mercia/PROJETS/WEB/vimaiz/vendor/laravel/framework/src/Illuminate/Container/BoundMethod.php(36): BladeUI\\Icons\\BladeIconsServiceProvider->boot()
#13 /home/mercia/PROJETS/WEB/vimaiz/vendor/laravel/framework/src/Illuminate/Container/Util.php(43): Illuminate\\Container\\BoundMethod::{closure:Illuminate\\Container\\BoundMethod::call():35}()
#14 /home/mercia/PROJETS/WEB/vimaiz/vendor/laravel/framework/src/Illuminate/Container/BoundMethod.php(96): Illuminate\\Container\\Util::unwrapIfClosure(Object(Closure))
#15 /home/mercia/PROJETS/WEB/vimaiz/vendor/laravel/framework/src/Illuminate/Container/BoundMethod.php(35): Illuminate\\Container\\BoundMethod::callBoundMethod(Object(Illuminate\\Foundation\\Application), Array, Object(Closure))
#16 /home/mercia/PROJETS/WEB/vimaiz/vendor/laravel/framework/src/Illuminate/Container/Container.php(836): Illuminate\\Container\\BoundMethod::call(Object(Illuminate\\Foundation\\Application), Array, Array, NULL)
#17 /home/mercia/PROJETS/WEB/vimaiz/vendor/laravel/framework/src/Illuminate/Foundation/Application.php(1151): Illuminate\\Container\\Container->call(Array)
#18 /home/mercia/PROJETS/WEB/vimaiz/vendor/laravel/framework/src/Illuminate/Foundation/Application.php(1132): Illuminate\\Foundation\\Application->bootProvider(Object(BladeUI\\Icons\\BladeIconsServiceProvider))
#19 [internal function]: Illuminate\\Foundation\\Application->{closure:Illuminate\\Foundation\\Application::boot():1131}(Object(BladeUI\\Icons\\BladeIconsServiceProvider), 'BladeUI\\\\Icons\\\\B...')
#20 /home/mercia/PROJETS/WEB/vimaiz/vendor/laravel/framework/src/Illuminate/Foundation/Application.php(1131): array_walk(Array, Object(Closure))
#21 /home/mercia/PROJETS/WEB/vimaiz/vendor/laravel/framework/src/Illuminate/Foundation/Bootstrap/BootProviders.php(17): Illuminate\\Foundation\\Application->boot()
#22 /home/mercia/PROJETS/WEB/vimaiz/vendor/laravel/framework/src/Illuminate/Foundation/Application.php(342): Illuminate\\Foundation\\Bootstrap\\BootProviders->bootstrap(Object(Illuminate\\Foundation\\Application))
#23 /home/mercia/PROJETS/WEB/vimaiz/vendor/laravel/framework/src/Illuminate/Foundation/Console/Kernel.php(473): Illuminate\\Foundation\\Application->bootstrapWith(Array)
#24 /home/mercia/PROJETS/WEB/vimaiz/vendor/laravel/framework/src/Illuminate/Foundation/Console/Kernel.php(195): Illuminate\\Foundation\\Console\\Kernel->bootstrap()
#25 /home/mercia/PROJETS/WEB/vimaiz/vendor/laravel/framework/src/Illuminate/Foundation/Application.php(1235): Illuminate\\Foundation\\Console\\Kernel->handle(Object(Symfony\\Component\\Console\\Input\\ArgvInput), Object(Symfony\\Component\\Console\\Output\\ConsoleOutput))
#26 /home/mercia/PROJETS/WEB/vimaiz/artisan(16): Illuminate\\Foundation\\Application->handleCommand(Object(Symfony\\Component\\Console\\Input\\ArgvInput))
#27 {main}
"} 
[2025-12-24 08:30:58] local.ERROR: Please provide a valid cache path. {"exception":"[object] (InvalidArgumentException(code: 0): Please provide a valid cache path. at /home/mercia/PROJETS/WEB/vimaiz/vendor/laravel/framework/src/Illuminate/View/Compilers/Compiler.php:75)
[stacktrace]
#0 /home/mercia/PROJETS/WEB/vimaiz/vendor/laravel/framework/src/Illuminate/View/ViewServiceProvider.php(97): Illuminate\\View\\Compilers\\Compiler->__construct(Object(Illuminate\\Filesystem\\Filesystem), false, '', true, 'php', true)
#1 /home/mercia/PROJETS/WEB/vimaiz/vendor/laravel/framework/src/Illuminate/Container/Container.php(1154): Illuminate\\View\\ViewServiceProvider->{closure:Illuminate\\View\\ViewServiceProvider::registerBladeCompiler():96}(Object(Illuminate\\Foundation\\Application), Array)
#2 /home/mercia/PROJETS/WEB/vimaiz/vendor/laravel/framework/src/Illuminate/Container/Container.php(972): Illuminate\\Container\\Container->build(Object(Closure))
#3 /home/mercia/PROJETS/WEB/vimaiz/vendor/laravel/framework/src/Illuminate/Foundation/Application.php(1078): Illuminate\\Container\\Container->resolve('blade.compiler', Array, true)
#4 /home/mercia/PROJETS/WEB/vimaiz/vendor/laravel/framework/src/Illuminate/Container/Container.php(903): Illuminate\\Foundation\\Application->resolve('blade.compiler', Array)
#5 /home/mercia/PROJETS/WEB/vimaiz/vendor/laravel/framework/src/Illuminate/Foundation/Application.php(1058): Illuminate\\Container\\Container->make('blade.compiler', Array)
#6 /home/mercia/PROJETS/WEB/vimaiz/vendor/laravel/framework/src/Illuminate/Container/Container.php(1856): Illuminate\\Foundation\\Application->make('blade.compiler')
#7 /home/mercia/PROJETS/WEB/vimaiz/vendor/laravel/framework/src/Illuminate/Support/Facades/Facade.php(240): Illuminate\\Container\\Container->offsetGet('blade.compiler')
#8 /home/mercia/PROJETS/WEB/vimaiz/vendor/laravel/framework/src/Illuminate/Support/Facades/Facade.php(211): Illuminate\\Support\\Facades\\Facade::resolveFacadeInstance('blade.compiler')
#9 /home/mercia/PROJETS/WEB/vimaiz/vendor/laravel/framework/src/Illuminate/Support/Facades/Facade.php(357): Illuminate\\Support\\Facades\\Facade::getFacadeRoot()
#10 /home/mercia/PROJETS/WEB/vimaiz/vendor/blade-ui-kit/blade-icons/src/BladeIconsServiceProvider.php(106): Illuminate\\Support\\Facades\\Facade::__callStatic('directive', Array)
#11 /home/mercia/PROJETS/WEB/vimaiz/vendor/blade-ui-kit/blade-icons/src/BladeIconsServiceProvider.php(27): BladeUI\\Icons\\BladeIconsServiceProvider->bootDirectives()
#12 /home/mercia/PROJETS/WEB/vimaiz/vendor/laravel/framework/src/Illuminate/Container/BoundMethod.php(36): BladeUI\\Icons\\BladeIconsServiceProvider->boot()
#13 /home/mercia/PROJETS/WEB/vimaiz/vendor/laravel/framework/src/Illuminate/Container/Util.php(43): Illuminate\\Container\\BoundMethod::{closure:Illuminate\\Container\\BoundMethod::call():35}()
#14 /home/mercia/PROJETS/WEB/vimaiz/vendor/laravel/framework/src/Illuminate/Container/BoundMethod.php(96): Illuminate\\Container\\Util::unwrapIfClosure(Object(Closure))
#15 /home/mercia/PROJETS/WEB/vimaiz/vendor/laravel/framework/src/Illuminate/Container/BoundMethod.php(35): Illuminate\\Container\\BoundMethod::callBoundMethod(Object(Illuminate\\Foundation\\Application), Array, Object(Closure))
#16 /home/mercia/PROJETS/WEB/vimaiz/vendor/laravel/framework/src/Illuminate/Container/Container.php(836): Illuminate\\Container\\BoundMethod::call(Object(Illuminate\\Foundation\\Application), Array, Array, NULL)
#17 /home/mercia/PROJETS/WEB/vimaiz/vendor/laravel/framework/src/Illuminate/Foundation/Application.php(1151): Illuminate\\Container\\Container->call(Array)
#18 /home/mercia/PROJETS/WEB/vimaiz/vendor/laravel/framework/src/Illuminate/Foundation/Application.php(1132): Illuminate\\Foundation\\Application->bootProvider(Object(BladeUI\\Icons\\BladeIconsServiceProvider))
#19 [internal function]: Illuminate\\Foundation\\Application->{closure:Illuminate\\Foundation\\Application::boot():1131}(Object(BladeUI\\Icons\\BladeIconsServiceProvider), 'BladeUI\\\\Icons\\\\B...')
#20 /home/mercia/PROJETS/WEB/vimaiz/vendor/laravel/framework/src/Illuminate/Foundation/Application.php(1131): array_walk(Array, Object(Closure))
#21 /home/mercia/PROJETS/WEB/vimaiz/vendor/laravel/framework/src/Illuminate/Foundation/Bootstrap/BootProviders.php(17): Illuminate\\Foundation\\Application->boot()
#22 /home/mercia/PROJETS/WEB/vimaiz/vendor/laravel/framework/src/Illuminate/Foundation/Application.php(342): Illuminate\\Foundation\\Bootstrap\\BootProviders->bootstrap(Object(Illuminate\\Foundation\\Application))
#23 /home/mercia/PROJETS/WEB/vimaiz/vendor/laravel/framework/src/Illuminate/Foundation/Console/Kernel.php(473): Illuminate\\Foundation\\Application->bootstrapWith(Array)
#24 /home/mercia/PROJETS/WEB/vimaiz/vendor/laravel/framework/src/Illuminate/Foundation/Console/Kernel.php(195): Illuminate\\Foundation\\Console\\Kernel->bootstrap()
#25 /home/mercia/PROJETS/WEB/vimaiz/vendor/laravel/framework/src/Illuminate/Foundation/Application.php(1235): Illuminate\\Foundation\\Console\\Kernel->handle(Object(Symfony\\Component\\Console\\Input\\ArgvInput), Object(Symfony\\Component\\Console\\Output\\ConsoleOutput))
#26 /home/mercia/PROJETS/WEB/vimaiz/artisan(16): Illuminate\\Foundation\\Application->handleCommand(Object(Symfony\\Component\\Console\\Input\\ArgvInput))
#27 {main}
"} 
[2025-12-24 08:31:20] local.ERROR: Please provide a valid cache path. {"exception":"[object] (InvalidArgumentException(code: 0): Please provide a valid cache path. at /home/mercia/PROJETS/WEB/vimaiz/vendor/laravel/framework/src/Illuminate/View/Compilers/Compiler.php:75)
[stacktrace]
#0 /home/mercia/PROJETS/WEB/vimaiz/vendor/laravel/framework/src/Illuminate/View/ViewServiceProvider.php(97): Illuminate\\View\\Compilers\\Compiler->__construct(Object(Illuminate\\Filesystem\\Filesystem), false, '', true, 'php', true)
#1 /home/mercia/PROJETS/WEB/vimaiz/vendor/laravel/framework/src/Illuminate/Container/Container.php(1154): Illuminate\\View\\ViewServiceProvider->{closure:Illuminate\\View\\ViewServiceProvider::registerBladeCompiler():96}(Object(Illuminate\\Foundation\\Application), Array)
#2 /home/mercia/PROJETS/WEB/vimaiz/vendor/laravel/framework/src/Illuminate/Container/Container.php(972): Illuminate\\Container\\Container->build(Object(Closure))
#3 /home/mercia/PROJETS/WEB/vimaiz/vendor/laravel/framework/src/Illuminate/Foundation/Application.php(1078): Illuminate\\Container\\Container->resolve('blade.compiler', Array, true)
#4 /home/mercia/PROJETS/WEB/vimaiz/vendor/laravel/framework/src/Illuminate/Container/Container.php(903): Illuminate\\Foundation\\Application->resolve('blade.compiler', Array)
#5 /home/mercia/PROJETS/WEB/vimaiz/vendor/laravel/framework/src/Illuminate/Foundation/Application.php(1058): Illuminate\\Container\\Container->make('blade.compiler', Array)
#6 /home/mercia/PROJETS/WEB/vimaiz/vendor/laravel/framework/src/Illuminate/Container/Container.php(1856): Illuminate\\Foundation\\Application->make('blade.compiler')
#7 /home/mercia/PROJETS/WEB/vimaiz/vendor/laravel/framework/src/Illuminate/Support/Facades/Facade.php(240): Illuminate\\Container\\Container->offsetGet('blade.compiler')
#8 /home/mercia/PROJETS/WEB/vimaiz/vendor/laravel/framework/src/Illuminate/Support/Facades/Facade.php(211): Illuminate\\Support\\Facades\\Facade::resolveFacadeInstance('blade.compiler')
#9 /home/mercia/PROJETS/WEB/vimaiz/vendor/laravel/framework/src/Illuminate/Support/Facades/Facade.php(357): Illuminate\\Support\\Facades\\Facade::getFacadeRoot()
#10 /home/mercia/PROJETS/WEB/vimaiz/vendor/blade-ui-kit/blade-icons/src/BladeIconsServiceProvider.php(106): Illuminate\\Support\\Facades\\Facade::__callStatic('directive', Array)
#11 /home/mercia/PROJETS/WEB/vimaiz/vendor/blade-ui-kit/blade-icons/src/BladeIconsServiceProvider.php(27): BladeUI\\Icons\\BladeIconsServiceProvider->bootDirectives()
#12 /home/mercia/PROJETS/WEB/vimaiz/vendor/laravel/framework/src/Illuminate/Container/BoundMethod.php(36): BladeUI\\Icons\\BladeIconsServiceProvider->boot()
#13 /home/mercia/PROJETS/WEB/vimaiz/vendor/laravel/framework/src/Illuminate/Container/Util.php(43): Illuminate\\Container\\BoundMethod::{closure:Illuminate\\Container\\BoundMethod::call():35}()
#14 /home/mercia/PROJETS/WEB/vimaiz/vendor/laravel/framework/src/Illuminate/Container/BoundMethod.php(96): Illuminate\\Container\\Util::unwrapIfClosure(Object(Closure))
#15 /home/mercia/PROJETS/WEB/vimaiz/vendor/laravel/framework/src/Illuminate/Container/BoundMethod.php(35): Illuminate\\Container\\BoundMethod::callBoundMethod(Object(Illuminate\\Foundation\\Application), Array, Object(Closure))
#16 /home/mercia/PROJETS/WEB/vimaiz/vendor/laravel/framework/src/Illuminate/Container/Container.php(836): Illuminate\\Container\\BoundMethod::call(Object(Illuminate\\Foundation\\Application), Array, Array, NULL)
#17 /home/mercia/PROJETS/WEB/vimaiz/vendor/laravel/framework/src/Illuminate/Foundation/Application.php(1151): Illuminate\\Container\\Container->call(Array)
#18 /home/mercia/PROJETS/WEB/vimaiz/vendor/laravel/framework/src/Illuminate/Foundation/Application.php(1132): Illuminate\\Foundation\\Application->bootProvider(Object(BladeUI\\Icons\\BladeIconsServiceProvider))
#19 [internal function]: Illuminate\\Foundation\\Application->{closure:Illuminate\\Foundation\\Application::boot():1131}(Object(BladeUI\\Icons\\BladeIconsServiceProvider), 'BladeUI\\\\Icons\\\\B...')
#20 /home/mercia/PROJETS/WEB/vimaiz/vendor/laravel/framework/src/Illuminate/Foundation/Application.php(1131): array_walk(Array, Object(Closure))
#21 /home/mercia/PROJETS/WEB/vimaiz/vendor/laravel/framework/src/Illuminate/Foundation/Bootstrap/BootProviders.php(17): Illuminate\\Foundation\\Application->boot()
#22 /home/mercia/PROJETS/WEB/vimaiz/vendor/laravel/framework/src/Illuminate/Foundation/Application.php(342): Illuminate\\Foundation\\Bootstrap\\BootProviders->bootstrap(Object(Illuminate\\Foundation\\Application))
#23 /home/mercia/PROJETS/WEB/vimaiz/vendor/laravel/framework/src/Illuminate/Foundation/Console/Kernel.php(473): Illuminate\\Foundation\\Application->bootstrapWith(Array)
#24 /home/mercia/PROJETS/WEB/vimaiz/vendor/laravel/framework/src/Illuminate/Foundation/Console/Kernel.php(195): Illuminate\\Foundation\\Console\\Kernel->bootstrap()
#25 /home/mercia/PROJETS/WEB/vimaiz/vendor/laravel/framework/src/Illuminate/Foundation/Application.php(1235): Illuminate\\Foundation\\Console\\Kernel->handle(Object(Symfony\\Component\\Console\\Input\\ArgvInput), Object(Symfony\\Component\\Console\\Output\\ConsoleOutput))
#26 /home/mercia/PROJETS/WEB/vimaiz/artisan(16): Illuminate\\Foundation\\Application->handleCommand(Object(Symfony\\Component\\Console\\Input\\ArgvInput))
#27 {main}
"} 
[2025-12-24 08:32:12] local.ERROR: Please provide a valid cache path. {"exception":"[object] (InvalidArgumentException(code: 0): Please provide a valid cache path. at /home/mercia/PROJETS/WEB/vimaiz/vendor/laravel/framework/src/Illuminate/View/Compilers/Compiler.php:75)
[stacktrace]
#0 /home/mercia/PROJETS/WEB/vimaiz/vendor/laravel/framework/src/Illuminate/View/ViewServiceProvider.php(97): Illuminate\\View\\Compilers\\Compiler->__construct(Object(Illuminate\\Filesystem\\Filesystem), false, '', true, 'php', true)
#1 /home/mercia/PROJETS/WEB/vimaiz/vendor/laravel/framework/src/Illuminate/Container/Container.php(1154): Illuminate\\View\\ViewServiceProvider->{closure:Illuminate\\View\\ViewServiceProvider::registerBladeCompiler():96}(Object(Illuminate\\Foundation\\Application), Array)
#2 /home/mercia/PROJETS/WEB/vimaiz/vendor/laravel/framework/src/Illuminate/Container/Container.php(972): Illuminate\\Container\\Container->build(Object(Closure))
#3 /home/mercia/PROJETS/WEB/vimaiz/vendor/laravel/framework/src/Illuminate/Foundation/Application.php(1078): Illuminate\\Container\\Container->resolve('blade.compiler', Array, true)
#4 /home/mercia/PROJETS/WEB/vimaiz/vendor/laravel/framework/src/Illuminate/Container/Container.php(903): Illuminate\\Foundation\\Application->resolve('blade.compiler', Array)
#5 /home/mercia/PROJETS/WEB/vimaiz/vendor/laravel/framework/src/Illuminate/Foundation/Application.php(1058): Illuminate\\Container\\Container->make('blade.compiler', Array)
#6 /home/mercia/PROJETS/WEB/vimaiz/vendor/laravel/framework/src/Illuminate/Container/Container.php(1856): Illuminate\\Foundation\\Application->make('blade.compiler')
#7 /home/mercia/PROJETS/WEB/vimaiz/vendor/laravel/framework/src/Illuminate/Support/Facades/Facade.php(240): Illuminate\\Container\\Container->offsetGet('blade.compiler')
#8 /home/mercia/PROJETS/WEB/vimaiz/vendor/laravel/framework/src/Illuminate/Support/Facades/Facade.php(211): Illuminate\\Support\\Facades\\Facade::resolveFacadeInstance('blade.compiler')
#9 /home/mercia/PROJETS/WEB/vimaiz/vendor/laravel/framework/src/Illuminate/Support/Facades/Facade.php(357): Illuminate\\Support\\Facades\\Facade::getFacadeRoot()
#10 /home/mercia/PROJETS/WEB/vimaiz/vendor/blade-ui-kit/blade-icons/src/BladeIconsServiceProvider.php(106): Illuminate\\Support\\Facades\\Facade::__callStatic('directive', Array)
#11 /home/mercia/PROJETS/WEB/vimaiz/vendor/blade-ui-kit/blade-icons/src/BladeIconsServiceProvider.php(27): BladeUI\\Icons\\BladeIconsServiceProvider->bootDirectives()
#12 /home/mercia/PROJETS/WEB/vimaiz/vendor/laravel/framework/src/Illuminate/Container/BoundMethod.php(36): BladeUI\\Icons\\BladeIconsServiceProvider->boot()
#13 /home/mercia/PROJETS/WEB/vimaiz/vendor/laravel/framework/src/Illuminate/Container/Util.php(43): Illuminate\\Container\\BoundMethod::{closure:Illuminate\\Container\\BoundMethod::call():35}()
#14 /home/mercia/PROJETS/WEB/vimaiz/vendor/laravel/framework/src/Illuminate/Container/BoundMethod.php(96): Illuminate\\Container\\Util::unwrapIfClosure(Object(Closure))
#15 /home/mercia/PROJETS/WEB/vimaiz/vendor/laravel/framework/src/Illuminate/Container/BoundMethod.php(35): Illuminate\\Container\\BoundMethod::callBoundMethod(Object(Illuminate\\Foundation\\Application), Array, Object(Closure))
#16 /home/mercia/PROJETS/WEB/vimaiz/vendor/laravel/framework/src/Illuminate/Container/Container.php(836): Illuminate\\Container\\BoundMethod::call(Object(Illuminate\\Foundation\\Application), Array, Array, NULL)
#17 /home/mercia/PROJETS/WEB/vimaiz/vendor/laravel/framework/src/Illuminate/Foundation/Application.php(1151): Illuminate\\Container\\Container->call(Array)
#18 /home/mercia/PROJETS/WEB/vimaiz/vendor/laravel/framework/src/Illuminate/Foundation/Application.php(1132): Illuminate\\Foundation\\Application->bootProvider(Object(BladeUI\\Icons\\BladeIconsServiceProvider))
#19 [internal function]: Illuminate\\Foundation\\Application->{closure:Illuminate\\Foundation\\Application::boot():1131}(Object(BladeUI\\Icons\\BladeIconsServiceProvider), 'BladeUI\\\\Icons\\\\B...')
#20 /home/mercia/PROJETS/WEB/vimaiz/vendor/laravel/framework/src/Illuminate/Foundation/Application.php(1131): array_walk(Array, Object(Closure))
#21 /home/mercia/PROJETS/WEB/vimaiz/vendor/laravel/framework/src/Illuminate/Foundation/Bootstrap/BootProviders.php(17): Illuminate\\Foundation\\Application->boot()
#22 /home/mercia/PROJETS/WEB/vimaiz/vendor/laravel/framework/src/Illuminate/Foundation/Application.php(342): Illuminate\\Foundation\\Bootstrap\\BootProviders->bootstrap(Object(Illuminate\\Foundation\\Application))
#23 /home/mercia/PROJETS/WEB/vimaiz/vendor/laravel/framework/src/Illuminate/Foundation/Console/Kernel.php(473): Illuminate\\Foundation\\Application->bootstrapWith(Array)
#24 /home/mercia/PROJETS/WEB/vimaiz/vendor/laravel/framework/src/Illuminate/Foundation/Console/Kernel.php(195): Illuminate\\Foundation\\Console\\Kernel->bootstrap()
#25 /home/mercia/PROJETS/WEB/vimaiz/vendor/laravel/framework/src/Illuminate/Foundation/Application.php(1235): Illuminate\\Foundation\\Console\\Kernel->handle(Object(Symfony\\Component\\Console\\Input\\ArgvInput), Object(Symfony\\Component\\Console\\Output\\ConsoleOutput))
#26 /home/mercia/PROJETS/WEB/vimaiz/artisan(16): Illuminate\\Foundation\\Application->handleCommand(Object(Symfony\\Component\\Console\\Input\\ArgvInput))
#27 {main}
"} 
[2025-12-24 08:33:07] local.ERROR: SQLSTATE[HY000] [1045] Access denied for user 'root'@'localhost' (using password: NO) (Connection: mysql, SQL: select exists (select 1 from information_schema.tables where table_schema = schema() and table_name = 'migrations' and table_type in ('BASE TABLE', 'SYSTEM VERSIONED')) as `exists`) {"exception":"[object] (Illuminate\\Database\\QueryException(code: 1045): SQLSTATE[HY000] [1045] Access denied for user 'root'@'localhost' (using password: NO) (Connection: mysql, SQL: select exists (select 1 from information_schema.tables where table_schema = schema() and table_name = 'migrations' and table_type in ('BASE TABLE', 'SYSTEM VERSIONED')) as `exists`) at /home/mercia/PROJETS/WEB/vimaiz/vendor/laravel/framework/src/Illuminate/Database/Connection.php:824)
[stacktrace]
#0 /home/mercia/PROJETS/WEB/vimaiz/vendor/laravel/framework/src/Illuminate/Database/Connection.php(978): Illuminate\\Database\\Connection->runQueryCallback('select exists (...', Array, Object(Closure))
#1 /home/mercia/PROJETS/WEB/vimaiz/vendor/laravel/framework/src/Illuminate/Database/Connection.php(957): Illuminate\\Database\\Connection->tryAgainIfCausedByLostConnection(Object(Illuminate\\Database\\QueryException), 'select exists (...', Array, Object(Closure))
#2 /home/mercia/PROJETS/WEB/vimaiz/vendor/laravel/framework/src/Illuminate/Database/Connection.php(780): Illuminate\\Database\\Connection->handleQueryException(Object(Illuminate\\Database\\QueryException), 'select exists (...', Array, Object(Closure))
#3 /home/mercia/PROJETS/WEB/vimaiz/vendor/laravel/framework/src/Illuminate/Database/Connection.php(397): Illuminate\\Database\\Connection->run('select exists (...', Array, Object(Closure))
#4 /home/mercia/PROJETS/WEB/vimaiz/vendor/laravel/framework/src/Illuminate/Database/Connection.php(343): Illuminate\\Database\\Connection->select('select exists (...', Array, true)
#5 /home/mercia/PROJETS/WEB/vimaiz/vendor/laravel/framework/src/Illuminate/Database/Connection.php(360): Illuminate\\Database\\Connection->selectOne('select exists (...', Array, true)
#6 /home/mercia/PROJETS/WEB/vimaiz/vendor/laravel/framework/src/Illuminate/Database/Schema/Builder.php(174): Illuminate\\Database\\Connection->scalar('select exists (...')
#7 /home/mercia/PROJETS/WEB/vimaiz/vendor/laravel/framework/src/Illuminate/Database/Migrations/DatabaseMigrationRepository.php(185): Illuminate\\Database\\Schema\\Builder->hasTable('migrations')
#8 /home/mercia/PROJETS/WEB/vimaiz/vendor/laravel/framework/src/Illuminate/Database/Migrations/Migrator.php(753): Illuminate\\Database\\Migrations\\DatabaseMigrationRepository->repositoryExists()
#9 /home/mercia/PROJETS/WEB/vimaiz/vendor/laravel/framework/src/Illuminate/Database/Console/Migrations/MigrateCommand.php(164): Illuminate\\Database\\Migrations\\Migrator->repositoryExists()
#10 /home/mercia/PROJETS/WEB/vimaiz/vendor/laravel/framework/src/Illuminate/Support/helpers.php(329): Illuminate\\Database\\Console\\Migrations\\MigrateCommand->{closure:Illuminate\\Database\\Console\\Migrations\\MigrateCommand::repositoryExists():164}(1)
#11 /home/mercia/PROJETS/WEB/vimaiz/vendor/laravel/framework/src/Illuminate/Database/Console/Migrations/MigrateCommand.php(164): retry(1, Object(Closure), 0, Object(Closure))
#12 /home/mercia/PROJETS/WEB/vimaiz/vendor/laravel/framework/src/Illuminate/Database/Console/Migrations/MigrateCommand.php(140): Illuminate\\Database\\Console\\Migrations\\MigrateCommand->repositoryExists()
#13 /home/mercia/PROJETS/WEB/vimaiz/vendor/laravel/framework/src/Illuminate/Database/Console/Migrations/MigrateCommand.php(110): Illuminate\\Database\\Console\\Migrations\\MigrateCommand->prepareDatabase()
#14 /home/mercia/PROJETS/WEB/vimaiz/vendor/laravel/framework/src/Illuminate/Database/Migrations/Migrator.php(666): Illuminate\\Database\\Console\\Migrations\\MigrateCommand->{closure:Illuminate\\Database\\Console\\Migrations\\MigrateCommand::runMigrations():109}()
#15 /home/mercia/PROJETS/WEB/vimaiz/vendor/laravel/framework/src/Illuminate/Database/Console/Migrations/MigrateCommand.php(109): Illuminate\\Database\\Migrations\\Migrator->usingConnection(NULL, Object(Closure))
#16 /home/mercia/PROJETS/WEB/vimaiz/vendor/laravel/framework/src/Illuminate/Database/Console/Migrations/MigrateCommand.php(88): Illuminate\\Database\\Console\\Migrations\\MigrateCommand->runMigrations()
#17 /home/mercia/PROJETS/WEB/vimaiz/vendor/laravel/framework/src/Illuminate/Container/BoundMethod.php(36): Illuminate\\Database\\Console\\Migrations\\MigrateCommand->handle()
#18 /home/mercia/PROJETS/WEB/vimaiz/vendor/laravel/framework/src/Illuminate/Container/Util.php(43): Illuminate\\Container\\BoundMethod::{closure:Illuminate\\Container\\BoundMethod::call():35}()
#19 /home/mercia/PROJETS/WEB/vimaiz/vendor/laravel/framework/src/Illuminate/Container/BoundMethod.php(96): Illuminate\\Container\\Util::unwrapIfClosure(Object(Closure))
#20 /home/mercia/PROJETS/WEB/vimaiz/vendor/laravel/framework/src/Illuminate/Container/BoundMethod.php(35): Illuminate\\Container\\BoundMethod::callBoundMethod(Object(Illuminate\\Foundation\\Application), Array, Object(Closure))
#21 /home/mercia/PROJETS/WEB/vimaiz/vendor/laravel/framework/src/Illuminate/Container/Container.php(836): Illuminate\\Container\\BoundMethod::call(Object(Illuminate\\Foundation\\Application), Array, Array, NULL)
#22 /home/mercia/PROJETS/WEB/vimaiz/vendor/laravel/framework/src/Illuminate/Console/Command.php(211): Illuminate\\Container\\Container->call(Array)
#23 /home/mercia/PROJETS/WEB/vimaiz/vendor/symfony/console/Command/Command.php(318): Illuminate\\Console\\Command->execute(Object(Symfony\\Component\\Console\\Input\\ArgvInput), Object(Illuminate\\Console\\OutputStyle))
#24 /home/mercia/PROJETS/WEB/vimaiz/vendor/laravel/framework/src/Illuminate/Console/Command.php(180): Symfony\\Component\\Console\\Command\\Command->run(Object(Symfony\\Component\\Console\\Input\\ArgvInput), Object(Illuminate\\Console\\OutputStyle))
#25 /home/mercia/PROJETS/WEB/vimaiz/vendor/symfony/console/Application.php(1073): Illuminate\\Console\\Command->run(Object(Symfony\\Component\\Console\\Input\\ArgvInput), Object(Symfony\\Component\\Console\\Output\\ConsoleOutput))
#26 /home/mercia/PROJETS/WEB/vimaiz/vendor/symfony/console/Application.php(356): Symfony\\Component\\Console\\Application->doRunCommand(Object(Illuminate\\Database\\Console\\Migrations\\MigrateCommand), Object(Symfony\\Component\\Console\\Input\\ArgvInput), Object(Symfony\\Component\\Console\\Output\\ConsoleOutput))
#27 /home/mercia/PROJETS/WEB/vimaiz/vendor/symfony/console/Application.php(195): Symfony\\Component\\Console\\Application->doRun(Object(Symfony\\Component\\Console\\Input\\ArgvInput), Object(Symfony\\Component\\Console\\Output\\ConsoleOutput))
#28 /home/mercia/PROJETS/WEB/vimaiz/vendor/laravel/framework/src/Illuminate/Foundation/Console/Kernel.php(197): Symfony\\Component\\Console\\Application->run(Object(Symfony\\Component\\Console\\Input\\ArgvInput), Object(Symfony\\Component\\Console\\Output\\ConsoleOutput))
#29 /home/mercia/PROJETS/WEB/vimaiz/vendor/laravel/framework/src/Illuminate/Foundation/Application.php(1235): Illuminate\\Foundation\\Console\\Kernel->handle(Object(Symfony\\Component\\Console\\Input\\ArgvInput), Object(Symfony\\Component\\Console\\Output\\ConsoleOutput))
#30 /home/mercia/PROJETS/WEB/vimaiz/artisan(16): Illuminate\\Foundation\\Application->handleCommand(Object(Symfony\\Component\\Console\\Input\\ArgvInput))
#31 {main}

[previous exception] [object] (PDOException(code: 1045): SQLSTATE[HY000] [1045] Access denied for user 'root'@'localhost' (using password: NO) at /home/mercia/PROJETS/WEB/vimaiz/vendor/laravel/framework/src/Illuminate/Database/Connectors/Connector.php:67)
[stacktrace]
#0 /home/mercia/PROJETS/WEB/vimaiz/vendor/laravel/framework/src/Illuminate/Database/Connectors/Connector.php(67): PDO::connect('mysql:host=127....', 'root', Object(SensitiveParameterValue), Array)
#1 /home/mercia/PROJETS/WEB/vimaiz/vendor/laravel/framework/src/Illuminate/Database/Connectors/Connector.php(85): Illuminate\\Database\\Connectors\\Connector->createPdoConnection('mysql:host=127....', 'root', Object(SensitiveParameterValue), Array)
#2 /home/mercia/PROJETS/WEB/vimaiz/vendor/laravel/framework/src/Illuminate/Database/Connectors/Connector.php(48): Illuminate\\Database\\Connectors\\Connector->tryAgainIfCausedByLostConnection(Object(PDOException), 'mysql:host=127....', 'root', Object(SensitiveParameterValue), Array)
#3 /home/mercia/PROJETS/WEB/vimaiz/vendor/laravel/framework/src/Illuminate/Database/Connectors/MySqlConnector.php(24): Illuminate\\Database\\Connectors\\Connector->createConnection('mysql:host=127....', Array, Array)
#4 /home/mercia/PROJETS/WEB/vimaiz/vendor/laravel/framework/src/Illuminate/Database/Connectors/ConnectionFactory.php(184): Illuminate\\Database\\Connectors\\MySqlConnector->connect(Array)
#5 [internal function]: Illuminate\\Database\\Connectors\\ConnectionFactory->{closure:Illuminate\\Database\\Connectors\\ConnectionFactory::createPdoResolverWithHosts():179}()
#6 /home/mercia/PROJETS/WEB/vimaiz/vendor/laravel/framework/src/Illuminate/Database/Connection.php(1234): call_user_func(Object(Closure))
#7 /home/mercia/PROJETS/WEB/vimaiz/vendor/laravel/framework/src/Illuminate/Database/Connection.php(1270): Illuminate\\Database\\Connection->getPdo()
#8 /home/mercia/PROJETS/WEB/vimaiz/vendor/laravel/framework/src/Illuminate/Database/Connection.php(511): Illuminate\\Database\\Connection->getReadPdo()
#9 /home/mercia/PROJETS/WEB/vimaiz/vendor/laravel/framework/src/Illuminate/Database/Connection.php(406): Illuminate\\Database\\Connection->getPdoForSelect(true)
#10 /home/mercia/PROJETS/WEB/vimaiz/vendor/laravel/framework/src/Illuminate/Database/Connection.php(811): Illuminate\\Database\\Connection->{closure:Illuminate\\Database\\Connection::select():397}('select exists (...', Array)
#11 /home/mercia/PROJETS/WEB/vimaiz/vendor/laravel/framework/src/Illuminate/Database/Connection.php(978): Illuminate\\Database\\Connection->runQueryCallback('select exists (...', Array, Object(Closure))
#12 /home/mercia/PROJETS/WEB/vimaiz/vendor/laravel/framework/src/Illuminate/Database/Connection.php(957): Illuminate\\Database\\Connection->tryAgainIfCausedByLostConnection(Object(Illuminate\\Database\\QueryException), 'select exists (...', Array, Object(Closure))
#13 /home/mercia/PROJETS/WEB/vimaiz/vendor/laravel/framework/src/Illuminate/Database/Connection.php(780): Illuminate\\Database\\Connection->handleQueryException(Object(Illuminate\\Database\\QueryException), 'select exists (...', Array, Object(Closure))
#14 /home/mercia/PROJETS/WEB/vimaiz/vendor/laravel/framework/src/Illuminate/Database/Connection.php(397): Illuminate\\Database\\Connection->run('select exists (...', Array, Object(Closure))
#15 /home/mercia/PROJETS/WEB/vimaiz/vendor/laravel/framework/src/Illuminate/Database/Connection.php(343): Illuminate\\Database\\Connection->select('select exists (...', Array, true)
#16 /home/mercia/PROJETS/WEB/vimaiz/vendor/laravel/framework/src/Illuminate/Database/Connection.php(360): Illuminate\\Database\\Connection->selectOne('select exists (...', Array, true)
#17 /home/mercia/PROJETS/WEB/vimaiz/vendor/laravel/framework/src/Illuminate/Database/Schema/Builder.php(174): Illuminate\\Database\\Connection->scalar('select exists (...')
#18 /home/mercia/PROJETS/WEB/vimaiz/vendor/laravel/framework/src/Illuminate/Database/Migrations/DatabaseMigrationRepository.php(185): Illuminate\\Database\\Schema\\Builder->hasTable('migrations')
#19 /home/mercia/PROJETS/WEB/vimaiz/vendor/laravel/framework/src/Illuminate/Database/Migrations/Migrator.php(753): Illuminate\\Database\\Migrations\\DatabaseMigrationRepository->repositoryExists()
#20 /home/mercia/PROJETS/WEB/vimaiz/vendor/laravel/framework/src/Illuminate/Database/Console/Migrations/MigrateCommand.php(164): Illuminate\\Database\\Migrations\\Migrator->repositoryExists()
#21 /home/mercia/PROJETS/WEB/vimaiz/vendor/laravel/framework/src/Illuminate/Support/helpers.php(329): Illuminate\\Database\\Console\\Migrations\\MigrateCommand->{closure:Illuminate\\Database\\Console\\Migrations\\MigrateCommand::repositoryExists():164}(1)
#22 /home/mercia/PROJETS/WEB/vimaiz/vendor/laravel/framework/src/Illuminate/Database/Console/Migrations/MigrateCommand.php(164): retry(1, Object(Closure), 0, Object(Closure))
#23 /home/mercia/PROJETS/WEB/vimaiz/vendor/laravel/framework/src/Illuminate/Database/Console/Migrations/MigrateCommand.php(140): Illuminate\\Database\\Console\\Migrations\\MigrateCommand->repositoryExists()
#24 /home/mercia/PROJETS/WEB/vimaiz/vendor/laravel/framework/src/Illuminate/Database/Console/Migrations/MigrateCommand.php(110): Illuminate\\Database\\Console\\Migrations\\MigrateCommand->prepareDatabase()
#25 /home/mercia/PROJETS/WEB/vimaiz/vendor/laravel/framework/src/Illuminate/Database/Migrations/Migrator.php(666): Illuminate\\Database\\Console\\Migrations\\MigrateCommand->{closure:Illuminate\\Database\\Console\\Migrations\\MigrateCommand::runMigrations():109}()
#26 /home/mercia/PROJETS/WEB/vimaiz/vendor/laravel/framework/src/Illuminate/Database/Console/Migrations/MigrateCommand.php(109): Illuminate\\Database\\Migrations\\Migrator->usingConnection(NULL, Object(Closure))
#27 /home/mercia/PROJETS/WEB/vimaiz/vendor/laravel/framework/src/Illuminate/Database/Console/Migrations/MigrateCommand.php(88): Illuminate\\Database\\Console\\Migrations\\MigrateCommand->runMigrations()
#28 /home/mercia/PROJETS/WEB/vimaiz/vendor/laravel/framework/src/Illuminate/Container/BoundMethod.php(36): Illuminate\\Database\\Console\\Migrations\\MigrateCommand->handle()
#29 /home/mercia/PROJETS/WEB/vimaiz/vendor/laravel/framework/src/Illuminate/Container/Util.php(43): Illuminate\\Container\\BoundMethod::{closure:Illuminate\\Container\\BoundMethod::call():35}()
#30 /home/mercia/PROJETS/WEB/vimaiz/vendor/laravel/framework/src/Illuminate/Container/BoundMethod.php(96): Illuminate\\Container\\Util::unwrapIfClosure(Object(Closure))
#31 /home/mercia/PROJETS/WEB/vimaiz/vendor/laravel/framework/src/Illuminate/Container/BoundMethod.php(35): Illuminate\\Container\\BoundMethod::callBoundMethod(Object(Illuminate\\Foundation\\Application), Array, Object(Closure))
#32 /home/mercia/PROJETS/WEB/vimaiz/vendor/laravel/framework/src/Illuminate/Container/Container.php(836): Illuminate\\Container\\BoundMethod::call(Object(Illuminate\\Foundation\\Application), Array, Array, NULL)
#33 /home/mercia/PROJETS/WEB/vimaiz/vendor/laravel/framework/src/Illuminate/Console/Command.php(211): Illuminate\\Container\\Container->call(Array)
#34 /home/mercia/PROJETS/WEB/vimaiz/vendor/symfony/console/Command/Command.php(318): Illuminate\\Console\\Command->execute(Object(Symfony\\Component\\Console\\Input\\ArgvInput), Object(Illuminate\\Console\\OutputStyle))
#35 /home/mercia/PROJETS/WEB/vimaiz/vendor/laravel/framework/src/Illuminate/Console/Command.php(180): Symfony\\Component\\Console\\Command\\Command->run(Object(Symfony\\Component\\Console\\Input\\ArgvInput), Object(Illuminate\\Console\\OutputStyle))
#36 /home/mercia/PROJETS/WEB/vimaiz/vendor/symfony/console/Application.php(1073): Illuminate\\Console\\Command->run(Object(Symfony\\Component\\Console\\Input\\ArgvInput), Object(Symfony\\Component\\Console\\Output\\ConsoleOutput))
#37 /home/mercia/PROJETS/WEB/vimaiz/vendor/symfony/console/Application.php(356): Symfony\\Component\\Console\\Application->doRunCommand(Object(Illuminate\\Database\\Console\\Migrations\\MigrateCommand), Object(Symfony\\Component\\Console\\Input\\ArgvInput), Object(Symfony\\Component\\Console\\Output\\ConsoleOutput))
#38 /home/mercia/PROJETS/WEB/vimaiz/vendor/symfony/console/Application.php(195): Symfony\\Component\\Console\\Application->doRun(Object(Symfony\\Component\\Console\\Input\\ArgvInput), Object(Symfony\\Component\\Console\\Output\\ConsoleOutput))
#39 /home/mercia/PROJETS/WEB/vimaiz/vendor/laravel/framework/src/Illuminate/Foundation/Console/Kernel.php(197): Symfony\\Component\\Console\\Application->run(Object(Symfony\\Component\\Console\\Input\\ArgvInput), Object(Symfony\\Component\\Console\\Output\\ConsoleOutput))
#40 /home/mercia/PROJETS/WEB/vimaiz/vendor/laravel/framework/src/Illuminate/Foundation/Application.php(1235): Illuminate\\Foundation\\Console\\Kernel->handle(Object(Symfony\\Component\\Console\\Input\\ArgvInput), Object(Symfony\\Component\\Console\\Output\\ConsoleOutput))
#41 /home/mercia/PROJETS/WEB/vimaiz/artisan(16): Illuminate\\Foundation\\Application->handleCommand(Object(Symfony\\Component\\Console\\Input\\ArgvInput))
#42 {main}
"} 
[2025-12-24 08:33:13] local.ERROR: SQLSTATE[HY000] [1045] Access denied for user 'root'@'localhost' (using password: NO) (Connection: mysql, SQL: select exists (select 1 from information_schema.tables where table_schema = schema() and table_name = 'migrations' and table_type in ('BASE TABLE', 'SYSTEM VERSIONED')) as `exists`) {"exception":"[object] (Illuminate\\Database\\QueryException(code: 1045): SQLSTATE[HY000] [1045] Access denied for user 'root'@'localhost' (using password: NO) (Connection: mysql, SQL: select exists (select 1 from information_schema.tables where table_schema = schema() and table_name = 'migrations' and table_type in ('BASE TABLE', 'SYSTEM VERSIONED')) as `exists`) at /home/mercia/PROJETS/WEB/vimaiz/vendor/laravel/framework/src/Illuminate/Database/Connection.php:824)
[stacktrace]
#0 /home/mercia/PROJETS/WEB/vimaiz/vendor/laravel/framework/src/Illuminate/Database/Connection.php(978): Illuminate\\Database\\Connection->runQueryCallback('select exists (...', Array, Object(Closure))
#1 /home/mercia/PROJETS/WEB/vimaiz/vendor/laravel/framework/src/Illuminate/Database/Connection.php(957): Illuminate\\Database\\Connection->tryAgainIfCausedByLostConnection(Object(Illuminate\\Database\\QueryException), 'select exists (...', Array, Object(Closure))
#2 /home/mercia/PROJETS/WEB/vimaiz/vendor/laravel/framework/src/Illuminate/Database/Connection.php(780): Illuminate\\Database\\Connection->handleQueryException(Object(Illuminate\\Database\\QueryException), 'select exists (...', Array, Object(Closure))
#3 /home/mercia/PROJETS/WEB/vimaiz/vendor/laravel/framework/src/Illuminate/Database/Connection.php(397): Illuminate\\Database\\Connection->run('select exists (...', Array, Object(Closure))
#4 /home/mercia/PROJETS/WEB/vimaiz/vendor/laravel/framework/src/Illuminate/Database/Connection.php(343): Illuminate\\Database\\Connection->select('select exists (...', Array, true)
#5 /home/mercia/PROJETS/WEB/vimaiz/vendor/laravel/framework/src/Illuminate/Database/Connection.php(360): Illuminate\\Database\\Connection->selectOne('select exists (...', Array, true)
#6 /home/mercia/PROJETS/WEB/vimaiz/vendor/laravel/framework/src/Illuminate/Database/Schema/Builder.php(174): Illuminate\\Database\\Connection->scalar('select exists (...')
#7 /home/mercia/PROJETS/WEB/vimaiz/vendor/laravel/framework/src/Illuminate/Database/Migrations/DatabaseMigrationRepository.php(185): Illuminate\\Database\\Schema\\Builder->hasTable('migrations')
#8 /home/mercia/PROJETS/WEB/vimaiz/vendor/laravel/framework/src/Illuminate/Database/Migrations/Migrator.php(753): Illuminate\\Database\\Migrations\\DatabaseMigrationRepository->repositoryExists()
#9 /home/mercia/PROJETS/WEB/vimaiz/vendor/laravel/framework/src/Illuminate/Database/Console/Migrations/MigrateCommand.php(164): Illuminate\\Database\\Migrations\\Migrator->repositoryExists()
#10 /home/mercia/PROJETS/WEB/vimaiz/vendor/laravel/framework/src/Illuminate/Support/helpers.php(329): Illuminate\\Database\\Console\\Migrations\\MigrateCommand->{closure:Illuminate\\Database\\Console\\Migrations\\MigrateCommand::repositoryExists():164}(1)
#11 /home/mercia/PROJETS/WEB/vimaiz/vendor/laravel/framework/src/Illuminate/Database/Console/Migrations/MigrateCommand.php(164): retry(1, Object(Closure), 0, Object(Closure))
#12 /home/mercia/PROJETS/WEB/vimaiz/vendor/laravel/framework/src/Illuminate/Database/Console/Migrations/MigrateCommand.php(140): Illuminate\\Database\\Console\\Migrations\\MigrateCommand->repositoryExists()
#13 /home/mercia/PROJETS/WEB/vimaiz/vendor/laravel/framework/src/Illuminate/Database/Console/Migrations/MigrateCommand.php(110): Illuminate\\Database\\Console\\Migrations\\MigrateCommand->prepareDatabase()
#14 /home/mercia/PROJETS/WEB/vimaiz/vendor/laravel/framework/src/Illuminate/Database/Migrations/Migrator.php(666): Illuminate\\Database\\Console\\Migrations\\MigrateCommand->{closure:Illuminate\\Database\\Console\\Migrations\\MigrateCommand::runMigrations():109}()
#15 /home/mercia/PROJETS/WEB/vimaiz/vendor/laravel/framework/src/Illuminate/Database/Console/Migrations/MigrateCommand.php(109): Illuminate\\Database\\Migrations\\Migrator->usingConnection(NULL, Object(Closure))
#16 /home/mercia/PROJETS/WEB/vimaiz/vendor/laravel/framework/src/Illuminate/Database/Console/Migrations/MigrateCommand.php(88): Illuminate\\Database\\Console\\Migrations\\MigrateCommand->runMigrations()
#17 /home/mercia/PROJETS/WEB/vimaiz/vendor/laravel/framework/src/Illuminate/Container/BoundMethod.php(36): Illuminate\\Database\\Console\\Migrations\\MigrateCommand->handle()
#18 /home/mercia/PROJETS/WEB/vimaiz/vendor/laravel/framework/src/Illuminate/Container/Util.php(43): Illuminate\\Container\\BoundMethod::{closure:Illuminate\\Container\\BoundMethod::call():35}()
#19 /home/mercia/PROJETS/WEB/vimaiz/vendor/laravel/framework/src/Illuminate/Container/BoundMethod.php(96): Illuminate\\Container\\Util::unwrapIfClosure(Object(Closure))
#20 /home/mercia/PROJETS/WEB/vimaiz/vendor/laravel/framework/src/Illuminate/Container/BoundMethod.php(35): Illuminate\\Container\\BoundMethod::callBoundMethod(Object(Illuminate\\Foundation\\Application), Array, Object(Closure))
#21 /home/mercia/PROJETS/WEB/vimaiz/vendor/laravel/framework/src/Illuminate/Container/Container.php(836): Illuminate\\Container\\BoundMethod::call(Object(Illuminate\\Foundation\\Application), Array, Array, NULL)
#22 /home/mercia/PROJETS/WEB/vimaiz/vendor/laravel/framework/src/Illuminate/Console/Command.php(211): Illuminate\\Container\\Container->call(Array)
#23 /home/mercia/PROJETS/WEB/vimaiz/vendor/symfony/console/Command/Command.php(318): Illuminate\\Console\\Command->execute(Object(Symfony\\Component\\Console\\Input\\ArgvInput), Object(Illuminate\\Console\\OutputStyle))
#24 /home/mercia/PROJETS/WEB/vimaiz/vendor/laravel/framework/src/Illuminate/Console/Command.php(180): Symfony\\Component\\Console\\Command\\Command->run(Object(Symfony\\Component\\Console\\Input\\ArgvInput), Object(Illuminate\\Console\\OutputStyle))
#25 /home/mercia/PROJETS/WEB/vimaiz/vendor/symfony/console/Application.php(1073): Illuminate\\Console\\Command->run(Object(Symfony\\Component\\Console\\Input\\ArgvInput), Object(Symfony\\Component\\Console\\Output\\ConsoleOutput))
#26 /home/mercia/PROJETS/WEB/vimaiz/vendor/symfony/console/Application.php(356): Symfony\\Component\\Console\\Application->doRunCommand(Object(Illuminate\\Database\\Console\\Migrations\\MigrateCommand), Object(Symfony\\Component\\Console\\Input\\ArgvInput), Object(Symfony\\Component\\Console\\Output\\ConsoleOutput))
#27 /home/mercia/PROJETS/WEB/vimaiz/vendor/symfony/console/Application.php(195): Symfony\\Component\\Console\\Application->doRun(Object(Symfony\\Component\\Console\\Input\\ArgvInput), Object(Symfony\\Component\\Console\\Output\\ConsoleOutput))
#28 /home/mercia/PROJETS/WEB/vimaiz/vendor/laravel/framework/src/Illuminate/Foundation/Console/Kernel.php(197): Symfony\\Component\\Console\\Application->run(Object(Symfony\\Component\\Console\\Input\\ArgvInput), Object(Symfony\\Component\\Console\\Output\\ConsoleOutput))
#29 /home/mercia/PROJETS/WEB/vimaiz/vendor/laravel/framework/src/Illuminate/Foundation/Application.php(1235): Illuminate\\Foundation\\Console\\Kernel->handle(Object(Symfony\\Component\\Console\\Input\\ArgvInput), Object(Symfony\\Component\\Console\\Output\\ConsoleOutput))
#30 /home/mercia/PROJETS/WEB/vimaiz/artisan(16): Illuminate\\Foundation\\Application->handleCommand(Object(Symfony\\Component\\Console\\Input\\ArgvInput))
#31 {main}

[previous exception] [object] (PDOException(code: 1045): SQLSTATE[HY000] [1045] Access denied for user 'root'@'localhost' (using password: NO) at /home/mercia/PROJETS/WEB/vimaiz/vendor/laravel/framework/src/Illuminate/Database/Connectors/Connector.php:67)
[stacktrace]
#0 /home/mercia/PROJETS/WEB/vimaiz/vendor/laravel/framework/src/Illuminate/Database/Connectors/Connector.php(67): PDO::connect('mysql:host=127....', 'root', Object(SensitiveParameterValue), Array)
#1 /home/mercia/PROJETS/WEB/vimaiz/vendor/laravel/framework/src/Illuminate/Database/Connectors/Connector.php(85): Illuminate\\Database\\Connectors\\Connector->createPdoConnection('mysql:host=127....', 'root', Object(SensitiveParameterValue), Array)
#2 /home/mercia/PROJETS/WEB/vimaiz/vendor/laravel/framework/src/Illuminate/Database/Connectors/Connector.php(48): Illuminate\\Database\\Connectors\\Connector->tryAgainIfCausedByLostConnection(Object(PDOException), 'mysql:host=127....', 'root', Object(SensitiveParameterValue), Array)
#3 /home/mercia/PROJETS/WEB/vimaiz/vendor/laravel/framework/src/Illuminate/Database/Connectors/MySqlConnector.php(24): Illuminate\\Database\\Connectors\\Connector->createConnection('mysql:host=127....', Array, Array)
#4 /home/mercia/PROJETS/WEB/vimaiz/vendor/laravel/framework/src/Illuminate/Database/Connectors/ConnectionFactory.php(184): Illuminate\\Database\\Connectors\\MySqlConnector->connect(Array)
#5 [internal function]: Illuminate\\Database\\Connectors\\ConnectionFactory->{closure:Illuminate\\Database\\Connectors\\ConnectionFactory::createPdoResolverWithHosts():179}()
#6 /home/mercia/PROJETS/WEB/vimaiz/vendor/laravel/framework/src/Illuminate/Database/Connection.php(1234): call_user_func(Object(Closure))
#7 /home/mercia/PROJETS/WEB/vimaiz/vendor/laravel/framework/src/Illuminate/Database/Connection.php(1270): Illuminate\\Database\\Connection->getPdo()
#8 /home/mercia/PROJETS/WEB/vimaiz/vendor/laravel/framework/src/Illuminate/Database/Connection.php(511): Illuminate\\Database\\Connection->getReadPdo()
#9 /home/mercia/PROJETS/WEB/vimaiz/vendor/laravel/framework/src/Illuminate/Database/Connection.php(406): Illuminate\\Database\\Connection->getPdoForSelect(true)
#10 /home/mercia/PROJETS/WEB/vimaiz/vendor/laravel/framework/src/Illuminate/Database/Connection.php(811): Illuminate\\Database\\Connection->{closure:Illuminate\\Database\\Connection::select():397}('select exists (...', Array)
#11 /home/mercia/PROJETS/WEB/vimaiz/vendor/laravel/framework/src/Illuminate/Database/Connection.php(978): Illuminate\\Database\\Connection->runQueryCallback('select exists (...', Array, Object(Closure))
#12 /home/mercia/PROJETS/WEB/vimaiz/vendor/laravel/framework/src/Illuminate/Database/Connection.php(957): Illuminate\\Database\\Connection->tryAgainIfCausedByLostConnection(Object(Illuminate\\Database\\QueryException), 'select exists (...', Array, Object(Closure))
#13 /home/mercia/PROJETS/WEB/vimaiz/vendor/laravel/framework/src/Illuminate/Database/Connection.php(780): Illuminate\\Database\\Connection->handleQueryException(Object(Illuminate\\Database\\QueryException), 'select exists (...', Array, Object(Closure))
#14 /home/mercia/PROJETS/WEB/vimaiz/vendor/laravel/framework/src/Illuminate/Database/Connection.php(397): Illuminate\\Database\\Connection->run('select exists (...', Array, Object(Closure))
#15 /home/mercia/PROJETS/WEB/vimaiz/vendor/laravel/framework/src/Illuminate/Database/Connection.php(343): Illuminate\\Database\\Connection->select('select exists (...', Array, true)
#16 /home/mercia/PROJETS/WEB/vimaiz/vendor/laravel/framework/src/Illuminate/Database/Connection.php(360): Illuminate\\Database\\Connection->selectOne('select exists (...', Array, true)
#17 /home/mercia/PROJETS/WEB/vimaiz/vendor/laravel/framework/src/Illuminate/Database/Schema/Builder.php(174): Illuminate\\Database\\Connection->scalar('select exists (...')
#18 /home/mercia/PROJETS/WEB/vimaiz/vendor/laravel/framework/src/Illuminate/Database/Migrations/DatabaseMigrationRepository.php(185): Illuminate\\Database\\Schema\\Builder->hasTable('migrations')
#19 /home/mercia/PROJETS/WEB/vimaiz/vendor/laravel/framework/src/Illuminate/Database/Migrations/Migrator.php(753): Illuminate\\Database\\Migrations\\DatabaseMigrationRepository->repositoryExists()
#20 /home/mercia/PROJETS/WEB/vimaiz/vendor/laravel/framework/src/Illuminate/Database/Console/Migrations/MigrateCommand.php(164): Illuminate\\Database\\Migrations\\Migrator->repositoryExists()
#21 /home/mercia/PROJETS/WEB/vimaiz/vendor/laravel/framework/src/Illuminate/Support/helpers.php(329): Illuminate\\Database\\Console\\Migrations\\MigrateCommand->{closure:Illuminate\\Database\\Console\\Migrations\\MigrateCommand::repositoryExists():164}(1)
#22 /home/mercia/PROJETS/WEB/vimaiz/vendor/laravel/framework/src/Illuminate/Database/Console/Migrations/MigrateCommand.php(164): retry(1, Object(Closure), 0, Object(Closure))
#23 /home/mercia/PROJETS/WEB/vimaiz/vendor/laravel/framework/src/Illuminate/Database/Console/Migrations/MigrateCommand.php(140): Illuminate\\Database\\Console\\Migrations\\MigrateCommand->repositoryExists()
#24 /home/mercia/PROJETS/WEB/vimaiz/vendor/laravel/framework/src/Illuminate/Database/Console/Migrations/MigrateCommand.php(110): Illuminate\\Database\\Console\\Migrations\\MigrateCommand->prepareDatabase()
#25 /home/mercia/PROJETS/WEB/vimaiz/vendor/laravel/framework/src/Illuminate/Database/Migrations/Migrator.php(666): Illuminate\\Database\\Console\\Migrations\\MigrateCommand->{closure:Illuminate\\Database\\Console\\Migrations\\MigrateCommand::runMigrations():109}()
#26 /home/mercia/PROJETS/WEB/vimaiz/vendor/laravel/framework/src/Illuminate/Database/Console/Migrations/MigrateCommand.php(109): Illuminate\\Database\\Migrations\\Migrator->usingConnection(NULL, Object(Closure))
#27 /home/mercia/PROJETS/WEB/vimaiz/vendor/laravel/framework/src/Illuminate/Database/Console/Migrations/MigrateCommand.php(88): Illuminate\\Database\\Console\\Migrations\\MigrateCommand->runMigrations()
#28 /home/mercia/PROJETS/WEB/vimaiz/vendor/laravel/framework/src/Illuminate/Container/BoundMethod.php(36): Illuminate\\Database\\Console\\Migrations\\MigrateCommand->handle()
#29 /home/mercia/PROJETS/WEB/vimaiz/vendor/laravel/framework/src/Illuminate/Container/Util.php(43): Illuminate\\Container\\BoundMethod::{closure:Illuminate\\Container\\BoundMethod::call():35}()
#30 /home/mercia/PROJETS/WEB/vimaiz/vendor/laravel/framework/src/Illuminate/Container/BoundMethod.php(96): Illuminate\\Container\\Util::unwrapIfClosure(Object(Closure))
#31 /home/mercia/PROJETS/WEB/vimaiz/vendor/laravel/framework/src/Illuminate/Container/BoundMethod.php(35): Illuminate\\Container\\BoundMethod::callBoundMethod(Object(Illuminate\\Foundation\\Application), Array, Object(Closure))
#32 /home/mercia/PROJETS/WEB/vimaiz/vendor/laravel/framework/src/Illuminate/Container/Container.php(836): Illuminate\\Container\\BoundMethod::call(Object(Illuminate\\Foundation\\Application), Array, Array, NULL)
#33 /home/mercia/PROJETS/WEB/vimaiz/vendor/laravel/framework/src/Illuminate/Console/Command.php(211): Illuminate\\Container\\Container->call(Array)
#34 /home/mercia/PROJETS/WEB/vimaiz/vendor/symfony/console/Command/Command.php(318): Illuminate\\Console\\Command->execute(Object(Symfony\\Component\\Console\\Input\\ArgvInput), Object(Illuminate\\Console\\OutputStyle))
#35 /home/mercia/PROJETS/WEB/vimaiz/vendor/laravel/framework/src/Illuminate/Console/Command.php(180): Symfony\\Component\\Console\\Command\\Command->run(Object(Symfony\\Component\\Console\\Input\\ArgvInput), Object(Illuminate\\Console\\OutputStyle))
#36 /home/mercia/PROJETS/WEB/vimaiz/vendor/symfony/console/Application.php(1073): Illuminate\\Console\\Command->run(Object(Symfony\\Component\\Console\\Input\\ArgvInput), Object(Symfony\\Component\\Console\\Output\\ConsoleOutput))
#37 /home/mercia/PROJETS/WEB/vimaiz/vendor/symfony/console/Application.php(356): Symfony\\Component\\Console\\Application->doRunCommand(Object(Illuminate\\Database\\Console\\Migrations\\MigrateCommand), Object(Symfony\\Component\\Console\\Input\\ArgvInput), Object(Symfony\\Component\\Console\\Output\\ConsoleOutput))
#38 /home/mercia/PROJETS/WEB/vimaiz/vendor/symfony/console/Application.php(195): Symfony\\Component\\Console\\Application->doRun(Object(Symfony\\Component\\Console\\Input\\ArgvInput), Object(Symfony\\Component\\Console\\Output\\ConsoleOutput))
#39 /home/mercia/PROJETS/WEB/vimaiz/vendor/laravel/framework/src/Illuminate/Foundation/Console/Kernel.php(197): Symfony\\Component\\Console\\Application->run(Object(Symfony\\Component\\Console\\Input\\ArgvInput), Object(Symfony\\Component\\Console\\Output\\ConsoleOutput))
#40 /home/mercia/PROJETS/WEB/vimaiz/vendor/laravel/framework/src/Illuminate/Foundation/Application.php(1235): Illuminate\\Foundation\\Console\\Kernel->handle(Object(Symfony\\Component\\Console\\Input\\ArgvInput), Object(Symfony\\Component\\Console\\Output\\ConsoleOutput))
#41 /home/mercia/PROJETS/WEB/vimaiz/artisan(16): Illuminate\\Foundation\\Application->handleCommand(Object(Symfony\\Component\\Console\\Input\\ArgvInput))
#42 {main}
"} 
[2025-12-24 08:33:29] local.ERROR: SQLSTATE[HY000] [1045] Access denied for user 'root'@'localhost' (using password: NO) (Connection: mysql, SQL: delete from `cache`) {"exception":"[object] (Illuminate\\Database\\QueryException(code: 1045): SQLSTATE[HY000] [1045] Access denied for user 'root'@'localhost' (using password: NO) (Connection: mysql, SQL: delete from `cache`) at /home/mercia/PROJETS/WEB/vimaiz/vendor/laravel/framework/src/Illuminate/Database/Connection.php:824)
[stacktrace]
#0 /home/mercia/PROJETS/WEB/vimaiz/vendor/laravel/framework/src/Illuminate/Database/Connection.php(978): Illuminate\\Database\\Connection->runQueryCallback('delete from `ca...', Array, Object(Closure))
#1 /home/mercia/PROJETS/WEB/vimaiz/vendor/laravel/framework/src/Illuminate/Database/Connection.php(957): Illuminate\\Database\\Connection->tryAgainIfCausedByLostConnection(Object(Illuminate\\Database\\QueryException), 'delete from `ca...', Array, Object(Closure))
#2 /home/mercia/PROJETS/WEB/vimaiz/vendor/laravel/framework/src/Illuminate/Database/Connection.php(780): Illuminate\\Database\\Connection->handleQueryException(Object(Illuminate\\Database\\QueryException), 'delete from `ca...', Array, Object(Closure))
#3 /home/mercia/PROJETS/WEB/vimaiz/vendor/laravel/framework/src/Illuminate/Database/Connection.php(583): Illuminate\\Database\\Connection->run('delete from `ca...', Array, Object(Closure))
#4 /home/mercia/PROJETS/WEB/vimaiz/vendor/laravel/framework/src/Illuminate/Database/Connection.php(547): Illuminate\\Database\\Connection->affectingStatement('delete from `ca...', Array)
#5 /home/mercia/PROJETS/WEB/vimaiz/vendor/laravel/framework/src/Illuminate/Database/Query/Builder.php(4109): Illuminate\\Database\\Connection->delete('delete from `ca...', Array)
#6 /home/mercia/PROJETS/WEB/vimaiz/vendor/laravel/framework/src/Illuminate/Cache/DatabaseStore.php(423): Illuminate\\Database\\Query\\Builder->delete()
#7 /home/mercia/PROJETS/WEB/vimaiz/vendor/laravel/framework/src/Illuminate/Cache/Repository.php(807): Illuminate\\Cache\\DatabaseStore->flush()
#8 /home/mercia/PROJETS/WEB/vimaiz/vendor/laravel/framework/src/Illuminate/Cache/Console/ClearCommand.php(68): Illuminate\\Cache\\Repository->__call('flush', Array)
#9 /home/mercia/PROJETS/WEB/vimaiz/vendor/laravel/framework/src/Illuminate/Container/BoundMethod.php(36): Illuminate\\Cache\\Console\\ClearCommand->handle()
#10 /home/mercia/PROJETS/WEB/vimaiz/vendor/laravel/framework/src/Illuminate/Container/Util.php(43): Illuminate\\Container\\BoundMethod::{closure:Illuminate\\Container\\BoundMethod::call():35}()
#11 /home/mercia/PROJETS/WEB/vimaiz/vendor/laravel/framework/src/Illuminate/Container/BoundMethod.php(96): Illuminate\\Container\\Util::unwrapIfClosure(Object(Closure))
#12 /home/mercia/PROJETS/WEB/vimaiz/vendor/laravel/framework/src/Illuminate/Container/BoundMethod.php(35): Illuminate\\Container\\BoundMethod::callBoundMethod(Object(Illuminate\\Foundation\\Application), Array, Object(Closure))
#13 /home/mercia/PROJETS/WEB/vimaiz/vendor/laravel/framework/src/Illuminate/Container/Container.php(836): Illuminate\\Container\\BoundMethod::call(Object(Illuminate\\Foundation\\Application), Array, Array, NULL)
#14 /home/mercia/PROJETS/WEB/vimaiz/vendor/laravel/framework/src/Illuminate/Console/Command.php(211): Illuminate\\Container\\Container->call(Array)
#15 /home/mercia/PROJETS/WEB/vimaiz/vendor/symfony/console/Command/Command.php(318): Illuminate\\Console\\Command->execute(Object(Symfony\\Component\\Console\\Input\\ArgvInput), Object(Illuminate\\Console\\OutputStyle))
#16 /home/mercia/PROJETS/WEB/vimaiz/vendor/laravel/framework/src/Illuminate/Console/Command.php(180): Symfony\\Component\\Console\\Command\\Command->run(Object(Symfony\\Component\\Console\\Input\\ArgvInput), Object(Illuminate\\Console\\OutputStyle))
#17 /home/mercia/PROJETS/WEB/vimaiz/vendor/symfony/console/Application.php(1073): Illuminate\\Console\\Command->run(Object(Symfony\\Component\\Console\\Input\\ArgvInput), Object(Symfony\\Component\\Console\\Output\\ConsoleOutput))
#18 /home/mercia/PROJETS/WEB/vimaiz/vendor/symfony/console/Application.php(356): Symfony\\Component\\Console\\Application->doRunCommand(Object(Illuminate\\Cache\\Console\\ClearCommand), Object(Symfony\\Component\\Console\\Input\\ArgvInput), Object(Symfony\\Component\\Console\\Output\\ConsoleOutput))
#19 /home/mercia/PROJETS/WEB/vimaiz/vendor/symfony/console/Application.php(195): Symfony\\Component\\Console\\Application->doRun(Object(Symfony\\Component\\Console\\Input\\ArgvInput), Object(Symfony\\Component\\Console\\Output\\ConsoleOutput))
#20 /home/mercia/PROJETS/WEB/vimaiz/vendor/laravel/framework/src/Illuminate/Foundation/Console/Kernel.php(197): Symfony\\Component\\Console\\Application->run(Object(Symfony\\Component\\Console\\Input\\ArgvInput), Object(Symfony\\Component\\Console\\Output\\ConsoleOutput))
#21 /home/mercia/PROJETS/WEB/vimaiz/vendor/laravel/framework/src/Illuminate/Foundation/Application.php(1235): Illuminate\\Foundation\\Console\\Kernel->handle(Object(Symfony\\Component\\Console\\Input\\ArgvInput), Object(Symfony\\Component\\Console\\Output\\ConsoleOutput))
#22 /home/mercia/PROJETS/WEB/vimaiz/artisan(16): Illuminate\\Foundation\\Application->handleCommand(Object(Symfony\\Component\\Console\\Input\\ArgvInput))
#23 {main}

[previous exception] [object] (PDOException(code: 1045): SQLSTATE[HY000] [1045] Access denied for user 'root'@'localhost' (using password: NO) at /home/mercia/PROJETS/WEB/vimaiz/vendor/laravel/framework/src/Illuminate/Database/Connectors/Connector.php:67)
[stacktrace]
#0 /home/mercia/PROJETS/WEB/vimaiz/vendor/laravel/framework/src/Illuminate/Database/Connectors/Connector.php(67): PDO::connect('mysql:host=127....', 'root', Object(SensitiveParameterValue), Array)
#1 /home/mercia/PROJETS/WEB/vimaiz/vendor/laravel/framework/src/Illuminate/Database/Connectors/Connector.php(85): Illuminate\\Database\\Connectors\\Connector->createPdoConnection('mysql:host=127....', 'root', Object(SensitiveParameterValue), Array)
#2 /home/mercia/PROJETS/WEB/vimaiz/vendor/laravel/framework/src/Illuminate/Database/Connectors/Connector.php(48): Illuminate\\Database\\Connectors\\Connector->tryAgainIfCausedByLostConnection(Object(PDOException), 'mysql:host=127....', 'root', Object(SensitiveParameterValue), Array)
#3 /home/mercia/PROJETS/WEB/vimaiz/vendor/laravel/framework/src/Illuminate/Database/Connectors/MySqlConnector.php(24): Illuminate\\Database\\Connectors\\Connector->createConnection('mysql:host=127....', Array, Array)
#4 /home/mercia/PROJETS/WEB/vimaiz/vendor/laravel/framework/src/Illuminate/Database/Connectors/ConnectionFactory.php(184): Illuminate\\Database\\Connectors\\MySqlConnector->connect(Array)
#5 [internal function]: Illuminate\\Database\\Connectors\\ConnectionFactory->{closure:Illuminate\\Database\\Connectors\\ConnectionFactory::createPdoResolverWithHosts():179}()
#6 /home/mercia/PROJETS/WEB/vimaiz/vendor/laravel/framework/src/Illuminate/Database/Connection.php(1234): call_user_func(Object(Closure))
#7 /home/mercia/PROJETS/WEB/vimaiz/vendor/laravel/framework/src/Illuminate/Database/Connection.php(591): Illuminate\\Database\\Connection->getPdo()
#8 /home/mercia/PROJETS/WEB/vimaiz/vendor/laravel/framework/src/Illuminate/Database/Connection.php(811): Illuminate\\Database\\Connection->{closure:Illuminate\\Database\\Connection::affectingStatement():583}('delete from `ca...', Array)
#9 /home/mercia/PROJETS/WEB/vimaiz/vendor/laravel/framework/src/Illuminate/Database/Connection.php(978): Illuminate\\Database\\Connection->runQueryCallback('delete from `ca...', Array, Object(Closure))
#10 /home/mercia/PROJETS/WEB/vimaiz/vendor/laravel/framework/src/Illuminate/Database/Connection.php(957): Illuminate\\Database\\Connection->tryAgainIfCausedByLostConnection(Object(Illuminate\\Database\\QueryException), 'delete from `ca...', Array, Object(Closure))
#11 /home/mercia/PROJETS/WEB/vimaiz/vendor/laravel/framework/src/Illuminate/Database/Connection.php(780): Illuminate\\Database\\Connection->handleQueryException(Object(Illuminate\\Database\\QueryException), 'delete from `ca...', Array, Object(Closure))
#12 /home/mercia/PROJETS/WEB/vimaiz/vendor/laravel/framework/src/Illuminate/Database/Connection.php(583): Illuminate\\Database\\Connection->run('delete from `ca...', Array, Object(Closure))
#13 /home/mercia/PROJETS/WEB/vimaiz/vendor/laravel/framework/src/Illuminate/Database/Connection.php(547): Illuminate\\Database\\Connection->affectingStatement('delete from `ca...', Array)
#14 /home/mercia/PROJETS/WEB/vimaiz/vendor/laravel/framework/src/Illuminate/Database/Query/Builder.php(4109): Illuminate\\Database\\Connection->delete('delete from `ca...', Array)
#15 /home/mercia/PROJETS/WEB/vimaiz/vendor/laravel/framework/src/Illuminate/Cache/DatabaseStore.php(423): Illuminate\\Database\\Query\\Builder->delete()
#16 /home/mercia/PROJETS/WEB/vimaiz/vendor/laravel/framework/src/Illuminate/Cache/Repository.php(807): Illuminate\\Cache\\DatabaseStore->flush()
#17 /home/mercia/PROJETS/WEB/vimaiz/vendor/laravel/framework/src/Illuminate/Cache/Console/ClearCommand.php(68): Illuminate\\Cache\\Repository->__call('flush', Array)
#18 /home/mercia/PROJETS/WEB/vimaiz/vendor/laravel/framework/src/Illuminate/Container/BoundMethod.php(36): Illuminate\\Cache\\Console\\ClearCommand->handle()
#19 /home/mercia/PROJETS/WEB/vimaiz/vendor/laravel/framework/src/Illuminate/Container/Util.php(43): Illuminate\\Container\\BoundMethod::{closure:Illuminate\\Container\\BoundMethod::call():35}()
#20 /home/mercia/PROJETS/WEB/vimaiz/vendor/laravel/framework/src/Illuminate/Container/BoundMethod.php(96): Illuminate\\Container\\Util::unwrapIfClosure(Object(Closure))
#21 /home/mercia/PROJETS/WEB/vimaiz/vendor/laravel/framework/src/Illuminate/Container/BoundMethod.php(35): Illuminate\\Container\\BoundMethod::callBoundMethod(Object(Illuminate\\Foundation\\Application), Array, Object(Closure))
#22 /home/mercia/PROJETS/WEB/vimaiz/vendor/laravel/framework/src/Illuminate/Container/Container.php(836): Illuminate\\Container\\BoundMethod::call(Object(Illuminate\\Foundation\\Application), Array, Array, NULL)
#23 /home/mercia/PROJETS/WEB/vimaiz/vendor/laravel/framework/src/Illuminate/Console/Command.php(211): Illuminate\\Container\\Container->call(Array)
#24 /home/mercia/PROJETS/WEB/vimaiz/vendor/symfony/console/Command/Command.php(318): Illuminate\\Console\\Command->execute(Object(Symfony\\Component\\Console\\Input\\ArgvInput), Object(Illuminate\\Console\\OutputStyle))
#25 /home/mercia/PROJETS/WEB/vimaiz/vendor/laravel/framework/src/Illuminate/Console/Command.php(180): Symfony\\Component\\Console\\Command\\Command->run(Object(Symfony\\Component\\Console\\Input\\ArgvInput), Object(Illuminate\\Console\\OutputStyle))
#26 /home/mercia/PROJETS/WEB/vimaiz/vendor/symfony/console/Application.php(1073): Illuminate\\Console\\Command->run(Object(Symfony\\Component\\Console\\Input\\ArgvInput), Object(Symfony\\Component\\Console\\Output\\ConsoleOutput))
#27 /home/mercia/PROJETS/WEB/vimaiz/vendor/symfony/console/Application.php(356): Symfony\\Component\\Console\\Application->doRunCommand(Object(Illuminate\\Cache\\Console\\ClearCommand), Object(Symfony\\Component\\Console\\Input\\ArgvInput), Object(Symfony\\Component\\Console\\Output\\ConsoleOutput))
#28 /home/mercia/PROJETS/WEB/vimaiz/vendor/symfony/console/Application.php(195): Symfony\\Component\\Console\\Application->doRun(Object(Symfony\\Component\\Console\\Input\\ArgvInput), Object(Symfony\\Component\\Console\\Output\\ConsoleOutput))
#29 /home/mercia/PROJETS/WEB/vimaiz/vendor/laravel/framework/src/Illuminate/Foundation/Console/Kernel.php(197): Symfony\\Component\\Console\\Application->run(Object(Symfony\\Component\\Console\\Input\\ArgvInput), Object(Symfony\\Component\\Console\\Output\\ConsoleOutput))
#30 /home/mercia/PROJETS/WEB/vimaiz/vendor/laravel/framework/src/Illuminate/Foundation/Application.php(1235): Illuminate\\Foundation\\Console\\Kernel->handle(Object(Symfony\\Component\\Console\\Input\\ArgvInput), Object(Symfony\\Component\\Console\\Output\\ConsoleOutput))
#31 /home/mercia/PROJETS/WEB/vimaiz/artisan(16): Illuminate\\Foundation\\Application->handleCommand(Object(Symfony\\Component\\Console\\Input\\ArgvInput))
#32 {main}
"} 
[2025-12-24 08:34:03] local.ERROR: SQLSTATE[HY000]: General error: 1 index agent_profiles_hourly_rate_index already exists (Connection: sqlite, SQL: create index "agent_profiles_hourly_rate_index" on "agent_profiles" ("hourly_rate")) {"exception":"[object] (Illuminate\\Database\\QueryException(code: HY000): SQLSTATE[HY000]: General error: 1 index agent_profiles_hourly_rate_index already exists (Connection: sqlite, SQL: create index \"agent_profiles_hourly_rate_index\" on \"agent_profiles\" (\"hourly_rate\")) at /home/mercia/PROJETS/WEB/vimaiz/vendor/laravel/framework/src/Illuminate/Database/Connection.php:824)
[stacktrace]
#0 /home/mercia/PROJETS/WEB/vimaiz/vendor/laravel/framework/src/Illuminate/Database/Connection.php(778): Illuminate\\Database\\Connection->runQueryCallback('create index \"a...', Array, Object(Closure))
#1 /home/mercia/PROJETS/WEB/vimaiz/vendor/laravel/framework/src/Illuminate/Database/Connection.php(559): Illuminate\\Database\\Connection->run('create index \"a...', Array, Object(Closure))
#2 /home/mercia/PROJETS/WEB/vimaiz/vendor/laravel/framework/src/Illuminate/Database/Schema/Blueprint.php(121): Illuminate\\Database\\Connection->statement('create index \"a...')
#3 /home/mercia/PROJETS/WEB/vimaiz/vendor/laravel/framework/src/Illuminate/Database/Schema/Builder.php(618): Illuminate\\Database\\Schema\\Blueprint->build()
#4 /home/mercia/PROJETS/WEB/vimaiz/vendor/laravel/framework/src/Illuminate/Database/Schema/Builder.php(460): Illuminate\\Database\\Schema\\Builder->build(Object(Illuminate\\Database\\Schema\\Blueprint))
#5 /home/mercia/PROJETS/WEB/vimaiz/vendor/laravel/framework/src/Illuminate/Support/Facades/Facade.php(363): Illuminate\\Database\\Schema\\Builder->table('agent_profiles', Object(Closure))
#6 /home/mercia/PROJETS/WEB/vimaiz/database/migrations/2025_12_01_062730_add_search_indexes_to_agent_profiles_and_addresses.php(14): Illuminate\\Support\\Facades\\Facade::__callStatic('table', Array)
#7 /home/mercia/PROJETS/WEB/vimaiz/vendor/laravel/framework/src/Illuminate/Database/Migrations/Migrator.php(514): Illuminate\\Database\\Migrations\\Migration@anonymous->up()
#8 /home/mercia/PROJETS/WEB/vimaiz/vendor/laravel/framework/src/Illuminate/Database/Migrations/Migrator.php(439): Illuminate\\Database\\Migrations\\Migrator->runMethod(Object(Illuminate\\Database\\SQLiteConnection), Object(Illuminate\\Database\\Migrations\\Migration@anonymous), 'up')
#9 /home/mercia/PROJETS/WEB/vimaiz/vendor/laravel/framework/src/Illuminate/Database/Migrations/Migrator.php(448): Illuminate\\Database\\Migrations\\Migrator->{closure:Illuminate\\Database\\Migrations\\Migrator::runMigration():435}()
#10 /home/mercia/PROJETS/WEB/vimaiz/vendor/laravel/framework/src/Illuminate/Database/Migrations/Migrator.php(250): Illuminate\\Database\\Migrations\\Migrator->runMigration(Object(Illuminate\\Database\\Migrations\\Migration@anonymous), 'up')
#11 /home/mercia/PROJETS/WEB/vimaiz/vendor/laravel/framework/src/Illuminate/Console/View/Components/Task.php(41): Illuminate\\Database\\Migrations\\Migrator->{closure:Illuminate\\Database\\Migrations\\Migrator::runUp():250}()
#12 /home/mercia/PROJETS/WEB/vimaiz/vendor/laravel/framework/src/Illuminate/Database/Migrations/Migrator.php(809): Illuminate\\Console\\View\\Components\\Task->render('2025_12_01_0627...', Object(Closure))
#13 /home/mercia/PROJETS/WEB/vimaiz/vendor/laravel/framework/src/Illuminate/Database/Migrations/Migrator.php(250): Illuminate\\Database\\Migrations\\Migrator->write('Illuminate\\\\Cons...', '2025_12_01_0627...', Object(Closure))
#14 /home/mercia/PROJETS/WEB/vimaiz/vendor/laravel/framework/src/Illuminate/Database/Migrations/Migrator.php(210): Illuminate\\Database\\Migrations\\Migrator->runUp('/home/mercia/PR...', 2, false)
#15 /home/mercia/PROJETS/WEB/vimaiz/vendor/laravel/framework/src/Illuminate/Database/Migrations/Migrator.php(137): Illuminate\\Database\\Migrations\\Migrator->runPending(Array, Array)
#16 /home/mercia/PROJETS/WEB/vimaiz/vendor/laravel/framework/src/Illuminate/Database/Console/Migrations/MigrateCommand.php(116): Illuminate\\Database\\Migrations\\Migrator->run(Array, Array)
#17 /home/mercia/PROJETS/WEB/vimaiz/vendor/laravel/framework/src/Illuminate/Database/Migrations/Migrator.php(666): Illuminate\\Database\\Console\\Migrations\\MigrateCommand->{closure:Illuminate\\Database\\Console\\Migrations\\MigrateCommand::runMigrations():109}()
#18 /home/mercia/PROJETS/WEB/vimaiz/vendor/laravel/framework/src/Illuminate/Database/Console/Migrations/MigrateCommand.php(109): Illuminate\\Database\\Migrations\\Migrator->usingConnection(NULL, Object(Closure))
#19 /home/mercia/PROJETS/WEB/vimaiz/vendor/laravel/framework/src/Illuminate/Database/Console/Migrations/MigrateCommand.php(88): Illuminate\\Database\\Console\\Migrations\\MigrateCommand->runMigrations()
#20 /home/mercia/PROJETS/WEB/vimaiz/vendor/laravel/framework/src/Illuminate/Container/BoundMethod.php(36): Illuminate\\Database\\Console\\Migrations\\MigrateCommand->handle()
#21 /home/mercia/PROJETS/WEB/vimaiz/vendor/laravel/framework/src/Illuminate/Container/Util.php(43): Illuminate\\Container\\BoundMethod::{closure:Illuminate\\Container\\BoundMethod::call():35}()
#22 /home/mercia/PROJETS/WEB/vimaiz/vendor/laravel/framework/src/Illuminate/Container/BoundMethod.php(96): Illuminate\\Container\\Util::unwrapIfClosure(Object(Closure))
#23 /home/mercia/PROJETS/WEB/vimaiz/vendor/laravel/framework/src/Illuminate/Container/BoundMethod.php(35): Illuminate\\Container\\BoundMethod::callBoundMethod(Object(Illuminate\\Foundation\\Application), Array, Object(Closure))
#24 /home/mercia/PROJETS/WEB/vimaiz/vendor/laravel/framework/src/Illuminate/Container/Container.php(836): Illuminate\\Container\\BoundMethod::call(Object(Illuminate\\Foundation\\Application), Array, Array, NULL)
#25 /home/mercia/PROJETS/WEB/vimaiz/vendor/laravel/framework/src/Illuminate/Console/Command.php(211): Illuminate\\Container\\Container->call(Array)
#26 /home/mercia/PROJETS/WEB/vimaiz/vendor/symfony/console/Command/Command.php(318): Illuminate\\Console\\Command->execute(Object(Symfony\\Component\\Console\\Input\\ArgvInput), Object(Illuminate\\Console\\OutputStyle))
#27 /home/mercia/PROJETS/WEB/vimaiz/vendor/laravel/framework/src/Illuminate/Console/Command.php(180): Symfony\\Component\\Console\\Command\\Command->run(Object(Symfony\\Component\\Console\\Input\\ArgvInput), Object(Illuminate\\Console\\OutputStyle))
#28 /home/mercia/PROJETS/WEB/vimaiz/vendor/symfony/console/Application.php(1073): Illuminate\\Console\\Command->run(Object(Symfony\\Component\\Console\\Input\\ArgvInput), Object(Symfony\\Component\\Console\\Output\\ConsoleOutput))
#29 /home/mercia/PROJETS/WEB/vimaiz/vendor/symfony/console/Application.php(356): Symfony\\Component\\Console\\Application->doRunCommand(Object(Illuminate\\Database\\Console\\Migrations\\MigrateCommand), Object(Symfony\\Component\\Console\\Input\\ArgvInput), Object(Symfony\\Component\\Console\\Output\\ConsoleOutput))
#30 /home/mercia/PROJETS/WEB/vimaiz/vendor/symfony/console/Application.php(195): Symfony\\Component\\Console\\Application->doRun(Object(Symfony\\Component\\Console\\Input\\ArgvInput), Object(Symfony\\Component\\Console\\Output\\ConsoleOutput))
#31 /home/mercia/PROJETS/WEB/vimaiz/vendor/laravel/framework/src/Illuminate/Foundation/Console/Kernel.php(197): Symfony\\Component\\Console\\Application->run(Object(Symfony\\Component\\Console\\Input\\ArgvInput), Object(Symfony\\Component\\Console\\Output\\ConsoleOutput))
#32 /home/mercia/PROJETS/WEB/vimaiz/vendor/laravel/framework/src/Illuminate/Foundation/Application.php(1235): Illuminate\\Foundation\\Console\\Kernel->handle(Object(Symfony\\Component\\Console\\Input\\ArgvInput), Object(Symfony\\Component\\Console\\Output\\ConsoleOutput))
#33 /home/mercia/PROJETS/WEB/vimaiz/artisan(16): Illuminate\\Foundation\\Application->handleCommand(Object(Symfony\\Component\\Console\\Input\\ArgvInput))
#34 {main}

[previous exception] [object] (PDOException(code: HY000): SQLSTATE[HY000]: General error: 1 index agent_profiles_hourly_rate_index already exists at /home/mercia/PROJETS/WEB/vimaiz/vendor/laravel/framework/src/Illuminate/Database/Connection.php:564)
[stacktrace]
#0 /home/mercia/PROJETS/WEB/vimaiz/vendor/laravel/framework/src/Illuminate/Database/Connection.php(564): PDO->prepare('create index \"a...')
#1 /home/mercia/PROJETS/WEB/vimaiz/vendor/laravel/framework/src/Illuminate/Database/Connection.php(811): Illuminate\\Database\\Connection->{closure:Illuminate\\Database\\Connection::statement():559}('create index \"a...', Array)
#2 /home/mercia/PROJETS/WEB/vimaiz/vendor/laravel/framework/src/Illuminate/Database/Connection.php(778): Illuminate\\Database\\Connection->runQueryCallback('create index \"a...', Array, Object(Closure))
#3 /home/mercia/PROJETS/WEB/vimaiz/vendor/laravel/framework/src/Illuminate/Database/Connection.php(559): Illuminate\\Database\\Connection->run('create index \"a...', Array, Object(Closure))
#4 /home/mercia/PROJETS/WEB/vimaiz/vendor/laravel/framework/src/Illuminate/Database/Schema/Blueprint.php(121): Illuminate\\Database\\Connection->statement('create index \"a...')
#5 /home/mercia/PROJETS/WEB/vimaiz/vendor/laravel/framework/src/Illuminate/Database/Schema/Builder.php(618): Illuminate\\Database\\Schema\\Blueprint->build()
#6 /home/mercia/PROJETS/WEB/vimaiz/vendor/laravel/framework/src/Illuminate/Database/Schema/Builder.php(460): Illuminate\\Database\\Schema\\Builder->build(Object(Illuminate\\Database\\Schema\\Blueprint))
#7 /home/mercia/PROJETS/WEB/vimaiz/vendor/laravel/framework/src/Illuminate/Support/Facades/Facade.php(363): Illuminate\\Database\\Schema\\Builder->table('agent_profiles', Object(Closure))
#8 /home/mercia/PROJETS/WEB/vimaiz/database/migrations/2025_12_01_062730_add_search_indexes_to_agent_profiles_and_addresses.php(14): Illuminate\\Support\\Facades\\Facade::__callStatic('table', Array)
#9 /home/mercia/PROJETS/WEB/vimaiz/vendor/laravel/framework/src/Illuminate/Database/Migrations/Migrator.php(514): Illuminate\\Database\\Migrations\\Migration@anonymous->up()
#10 /home/mercia/PROJETS/WEB/vimaiz/vendor/laravel/framework/src/Illuminate/Database/Migrations/Migrator.php(439): Illuminate\\Database\\Migrations\\Migrator->runMethod(Object(Illuminate\\Database\\SQLiteConnection), Object(Illuminate\\Database\\Migrations\\Migration@anonymous), 'up')
#11 /home/mercia/PROJETS/WEB/vimaiz/vendor/laravel/framework/src/Illuminate/Database/Migrations/Migrator.php(448): Illuminate\\Database\\Migrations\\Migrator->{closure:Illuminate\\Database\\Migrations\\Migrator::runMigration():435}()
#12 /home/mercia/PROJETS/WEB/vimaiz/vendor/laravel/framework/src/Illuminate/Database/Migrations/Migrator.php(250): Illuminate\\Database\\Migrations\\Migrator->runMigration(Object(Illuminate\\Database\\Migrations\\Migration@anonymous), 'up')
#13 /home/mercia/PROJETS/WEB/vimaiz/vendor/laravel/framework/src/Illuminate/Console/View/Components/Task.php(41): Illuminate\\Database\\Migrations\\Migrator->{closure:Illuminate\\Database\\Migrations\\Migrator::runUp():250}()
#14 /home/mercia/PROJETS/WEB/vimaiz/vendor/laravel/framework/src/Illuminate/Database/Migrations/Migrator.php(809): Illuminate\\Console\\View\\Components\\Task->render('2025_12_01_0627...', Object(Closure))
#15 /home/mercia/PROJETS/WEB/vimaiz/vendor/laravel/framework/src/Illuminate/Database/Migrations/Migrator.php(250): Illuminate\\Database\\Migrations\\Migrator->write('Illuminate\\\\Cons...', '2025_12_01_0627...', Object(Closure))
#16 /home/mercia/PROJETS/WEB/vimaiz/vendor/laravel/framework/src/Illuminate/Database/Migrations/Migrator.php(210): Illuminate\\Database\\Migrations\\Migrator->runUp('/home/mercia/PR...', 2, false)
#17 /home/mercia/PROJETS/WEB/vimaiz/vendor/laravel/framework/src/Illuminate/Database/Migrations/Migrator.php(137): Illuminate\\Database\\Migrations\\Migrator->runPending(Array, Array)
#18 /home/mercia/PROJETS/WEB/vimaiz/vendor/laravel/framework/src/Illuminate/Database/Console/Migrations/MigrateCommand.php(116): Illuminate\\Database\\Migrations\\Migrator->run(Array, Array)
#19 /home/mercia/PROJETS/WEB/vimaiz/vendor/laravel/framework/src/Illuminate/Database/Migrations/Migrator.php(666): Illuminate\\Database\\Console\\Migrations\\MigrateCommand->{closure:Illuminate\\Database\\Console\\Migrations\\MigrateCommand::runMigrations():109}()
#20 /home/mercia/PROJETS/WEB/vimaiz/vendor/laravel/framework/src/Illuminate/Database/Console/Migrations/MigrateCommand.php(109): Illuminate\\Database\\Migrations\\Migrator->usingConnection(NULL, Object(Closure))
#21 /home/mercia/PROJETS/WEB/vimaiz/vendor/laravel/framework/src/Illuminate/Database/Console/Migrations/MigrateCommand.php(88): Illuminate\\Database\\Console\\Migrations\\MigrateCommand->runMigrations()
#22 /home/mercia/PROJETS/WEB/vimaiz/vendor/laravel/framework/src/Illuminate/Container/BoundMethod.php(36): Illuminate\\Database\\Console\\Migrations\\MigrateCommand->handle()
#23 /home/mercia/PROJETS/WEB/vimaiz/vendor/laravel/framework/src/Illuminate/Container/Util.php(43): Illuminate\\Container\\BoundMethod::{closure:Illuminate\\Container\\BoundMethod::call():35}()
#24 /home/mercia/PROJETS/WEB/vimaiz/vendor/laravel/framework/src/Illuminate/Container/BoundMethod.php(96): Illuminate\\Container\\Util::unwrapIfClosure(Object(Closure))
#25 /home/mercia/PROJETS/WEB/vimaiz/vendor/laravel/framework/src/Illuminate/Container/BoundMethod.php(35): Illuminate\\Container\\BoundMethod::callBoundMethod(Object(Illuminate\\Foundation\\Application), Array, Object(Closure))
#26 /home/mercia/PROJETS/WEB/vimaiz/vendor/laravel/framework/src/Illuminate/Container/Container.php(836): Illuminate\\Container\\BoundMethod::call(Object(Illuminate\\Foundation\\Application), Array, Array, NULL)
#27 /home/mercia/PROJETS/WEB/vimaiz/vendor/laravel/framework/src/Illuminate/Console/Command.php(211): Illuminate\\Container\\Container->call(Array)
#28 /home/mercia/PROJETS/WEB/vimaiz/vendor/symfony/console/Command/Command.php(318): Illuminate\\Console\\Command->execute(Object(Symfony\\Component\\Console\\Input\\ArgvInput), Object(Illuminate\\Console\\OutputStyle))
#29 /home/mercia/PROJETS/WEB/vimaiz/vendor/laravel/framework/src/Illuminate/Console/Command.php(180): Symfony\\Component\\Console\\Command\\Command->run(Object(Symfony\\Component\\Console\\Input\\ArgvInput), Object(Illuminate\\Console\\OutputStyle))
#30 /home/mercia/PROJETS/WEB/vimaiz/vendor/symfony/console/Application.php(1073): Illuminate\\Console\\Command->run(Object(Symfony\\Component\\Console\\Input\\ArgvInput), Object(Symfony\\Component\\Console\\Output\\ConsoleOutput))
#31 /home/mercia/PROJETS/WEB/vimaiz/vendor/symfony/console/Application.php(356): Symfony\\Component\\Console\\Application->doRunCommand(Object(Illuminate\\Database\\Console\\Migrations\\MigrateCommand), Object(Symfony\\Component\\Console\\Input\\ArgvInput), Object(Symfony\\Component\\Console\\Output\\ConsoleOutput))
#32 /home/mercia/PROJETS/WEB/vimaiz/vendor/symfony/console/Application.php(195): Symfony\\Component\\Console\\Application->doRun(Object(Symfony\\Component\\Console\\Input\\ArgvInput), Object(Symfony\\Component\\Console\\Output\\ConsoleOutput))
#33 /home/mercia/PROJETS/WEB/vimaiz/vendor/laravel/framework/src/Illuminate/Foundation/Console/Kernel.php(197): Symfony\\Component\\Console\\Application->run(Object(Symfony\\Component\\Console\\Input\\ArgvInput), Object(Symfony\\Component\\Console\\Output\\ConsoleOutput))
#34 /home/mercia/PROJETS/WEB/vimaiz/vendor/laravel/framework/src/Illuminate/Foundation/Application.php(1235): Illuminate\\Foundation\\Console\\Kernel->handle(Object(Symfony\\Component\\Console\\Input\\ArgvInput), Object(Symfony\\Component\\Console\\Output\\ConsoleOutput))
#35 /home/mercia/PROJETS/WEB/vimaiz/artisan(16): Illuminate\\Foundation\\Application->handleCommand(Object(Symfony\\Component\\Console\\Input\\ArgvInput))
#36 {main}
"} 
[2025-12-24 08:34:23] local.ERROR: SQLSTATE[HY000]: General error: 1 index agent_profiles_hourly_rate_index already exists (Connection: sqlite, SQL: create index "agent_profiles_hourly_rate_index" on "agent_profiles" ("hourly_rate")) {"exception":"[object] (Illuminate\\Database\\QueryException(code: HY000): SQLSTATE[HY000]: General error: 1 index agent_profiles_hourly_rate_index already exists (Connection: sqlite, SQL: create index \"agent_profiles_hourly_rate_index\" on \"agent_profiles\" (\"hourly_rate\")) at /home/mercia/PROJETS/WEB/vimaiz/vendor/laravel/framework/src/Illuminate/Database/Connection.php:824)
[stacktrace]
#0 /home/mercia/PROJETS/WEB/vimaiz/vendor/laravel/framework/src/Illuminate/Database/Connection.php(778): Illuminate\\Database\\Connection->runQueryCallback('create index \"a...', Array, Object(Closure))
#1 /home/mercia/PROJETS/WEB/vimaiz/vendor/laravel/framework/src/Illuminate/Database/Connection.php(559): Illuminate\\Database\\Connection->run('create index \"a...', Array, Object(Closure))
#2 /home/mercia/PROJETS/WEB/vimaiz/vendor/laravel/framework/src/Illuminate/Database/Schema/Blueprint.php(121): Illuminate\\Database\\Connection->statement('create index \"a...')
#3 /home/mercia/PROJETS/WEB/vimaiz/vendor/laravel/framework/src/Illuminate/Database/Schema/Builder.php(618): Illuminate\\Database\\Schema\\Blueprint->build()
#4 /home/mercia/PROJETS/WEB/vimaiz/vendor/laravel/framework/src/Illuminate/Database/Schema/Builder.php(460): Illuminate\\Database\\Schema\\Builder->build(Object(Illuminate\\Database\\Schema\\Blueprint))
#5 /home/mercia/PROJETS/WEB/vimaiz/vendor/laravel/framework/src/Illuminate/Support/Facades/Facade.php(363): Illuminate\\Database\\Schema\\Builder->table('agent_profiles', Object(Closure))
#6 /home/mercia/PROJETS/WEB/vimaiz/database/migrations/2025_12_01_062730_add_search_indexes_to_agent_profiles_and_addresses.php(14): Illuminate\\Support\\Facades\\Facade::__callStatic('table', Array)
#7 /home/mercia/PROJETS/WEB/vimaiz/vendor/laravel/framework/src/Illuminate/Database/Migrations/Migrator.php(514): Illuminate\\Database\\Migrations\\Migration@anonymous->up()
#8 /home/mercia/PROJETS/WEB/vimaiz/vendor/laravel/framework/src/Illuminate/Database/Migrations/Migrator.php(439): Illuminate\\Database\\Migrations\\Migrator->runMethod(Object(Illuminate\\Database\\SQLiteConnection), Object(Illuminate\\Database\\Migrations\\Migration@anonymous), 'up')
#9 /home/mercia/PROJETS/WEB/vimaiz/vendor/laravel/framework/src/Illuminate/Database/Migrations/Migrator.php(448): Illuminate\\Database\\Migrations\\Migrator->{closure:Illuminate\\Database\\Migrations\\Migrator::runMigration():435}()
#10 /home/mercia/PROJETS/WEB/vimaiz/vendor/laravel/framework/src/Illuminate/Database/Migrations/Migrator.php(250): Illuminate\\Database\\Migrations\\Migrator->runMigration(Object(Illuminate\\Database\\Migrations\\Migration@anonymous), 'up')
#11 /home/mercia/PROJETS/WEB/vimaiz/vendor/laravel/framework/src/Illuminate/Console/View/Components/Task.php(41): Illuminate\\Database\\Migrations\\Migrator->{closure:Illuminate\\Database\\Migrations\\Migrator::runUp():250}()
#12 /home/mercia/PROJETS/WEB/vimaiz/vendor/laravel/framework/src/Illuminate/Database/Migrations/Migrator.php(809): Illuminate\\Console\\View\\Components\\Task->render('2025_12_01_0627...', Object(Closure))
#13 /home/mercia/PROJETS/WEB/vimaiz/vendor/laravel/framework/src/Illuminate/Database/Migrations/Migrator.php(250): Illuminate\\Database\\Migrations\\Migrator->write('Illuminate\\\\Cons...', '2025_12_01_0627...', Object(Closure))
#14 /home/mercia/PROJETS/WEB/vimaiz/vendor/laravel/framework/src/Illuminate/Database/Migrations/Migrator.php(210): Illuminate\\Database\\Migrations\\Migrator->runUp('/home/mercia/PR...', 2, false)
#15 /home/mercia/PROJETS/WEB/vimaiz/vendor/laravel/framework/src/Illuminate/Database/Migrations/Migrator.php(137): Illuminate\\Database\\Migrations\\Migrator->runPending(Array, Array)
#16 /home/mercia/PROJETS/WEB/vimaiz/vendor/laravel/framework/src/Illuminate/Database/Console/Migrations/MigrateCommand.php(116): Illuminate\\Database\\Migrations\\Migrator->run(Array, Array)
#17 /home/mercia/PROJETS/WEB/vimaiz/vendor/laravel/framework/src/Illuminate/Database/Migrations/Migrator.php(666): Illuminate\\Database\\Console\\Migrations\\MigrateCommand->{closure:Illuminate\\Database\\Console\\Migrations\\MigrateCommand::runMigrations():109}()
#18 /home/mercia/PROJETS/WEB/vimaiz/vendor/laravel/framework/src/Illuminate/Database/Console/Migrations/MigrateCommand.php(109): Illuminate\\Database\\Migrations\\Migrator->usingConnection(NULL, Object(Closure))
#19 /home/mercia/PROJETS/WEB/vimaiz/vendor/laravel/framework/src/Illuminate/Database/Console/Migrations/MigrateCommand.php(88): Illuminate\\Database\\Console\\Migrations\\MigrateCommand->runMigrations()
#20 /home/mercia/PROJETS/WEB/vimaiz/vendor/laravel/framework/src/Illuminate/Container/BoundMethod.php(36): Illuminate\\Database\\Console\\Migrations\\MigrateCommand->handle()
#21 /home/mercia/PROJETS/WEB/vimaiz/vendor/laravel/framework/src/Illuminate/Container/Util.php(43): Illuminate\\Container\\BoundMethod::{closure:Illuminate\\Container\\BoundMethod::call():35}()
#22 /home/mercia/PROJETS/WEB/vimaiz/vendor/laravel/framework/src/Illuminate/Container/BoundMethod.php(96): Illuminate\\Container\\Util::unwrapIfClosure(Object(Closure))
#23 /home/mercia/PROJETS/WEB/vimaiz/vendor/laravel/framework/src/Illuminate/Container/BoundMethod.php(35): Illuminate\\Container\\BoundMethod::callBoundMethod(Object(Illuminate\\Foundation\\Application), Array, Object(Closure))
#24 /home/mercia/PROJETS/WEB/vimaiz/vendor/laravel/framework/src/Illuminate/Container/Container.php(836): Illuminate\\Container\\BoundMethod::call(Object(Illuminate\\Foundation\\Application), Array, Array, NULL)
#25 /home/mercia/PROJETS/WEB/vimaiz/vendor/laravel/framework/src/Illuminate/Console/Command.php(211): Illuminate\\Container\\Container->call(Array)
#26 /home/mercia/PROJETS/WEB/vimaiz/vendor/symfony/console/Command/Command.php(318): Illuminate\\Console\\Command->execute(Object(Symfony\\Component\\Console\\Input\\ArgvInput), Object(Illuminate\\Console\\OutputStyle))
#27 /home/mercia/PROJETS/WEB/vimaiz/vendor/laravel/framework/src/Illuminate/Console/Command.php(180): Symfony\\Component\\Console\\Command\\Command->run(Object(Symfony\\Component\\Console\\Input\\ArgvInput), Object(Illuminate\\Console\\OutputStyle))
#28 /home/mercia/PROJETS/WEB/vimaiz/vendor/symfony/console/Application.php(1073): Illuminate\\Console\\Command->run(Object(Symfony\\Component\\Console\\Input\\ArgvInput), Object(Symfony\\Component\\Console\\Output\\ConsoleOutput))
#29 /home/mercia/PROJETS/WEB/vimaiz/vendor/symfony/console/Application.php(356): Symfony\\Component\\Console\\Application->doRunCommand(Object(Illuminate\\Database\\Console\\Migrations\\MigrateCommand), Object(Symfony\\Component\\Console\\Input\\ArgvInput), Object(Symfony\\Component\\Console\\Output\\ConsoleOutput))
#30 /home/mercia/PROJETS/WEB/vimaiz/vendor/symfony/console/Application.php(195): Symfony\\Component\\Console\\Application->doRun(Object(Symfony\\Component\\Console\\Input\\ArgvInput), Object(Symfony\\Component\\Console\\Output\\ConsoleOutput))
#31 /home/mercia/PROJETS/WEB/vimaiz/vendor/laravel/framework/src/Illuminate/Foundation/Console/Kernel.php(197): Symfony\\Component\\Console\\Application->run(Object(Symfony\\Component\\Console\\Input\\ArgvInput), Object(Symfony\\Component\\Console\\Output\\ConsoleOutput))
#32 /home/mercia/PROJETS/WEB/vimaiz/vendor/laravel/framework/src/Illuminate/Foundation/Application.php(1235): Illuminate\\Foundation\\Console\\Kernel->handle(Object(Symfony\\Component\\Console\\Input\\ArgvInput), Object(Symfony\\Component\\Console\\Output\\ConsoleOutput))
#33 /home/mercia/PROJETS/WEB/vimaiz/artisan(16): Illuminate\\Foundation\\Application->handleCommand(Object(Symfony\\Component\\Console\\Input\\ArgvInput))
#34 {main}

[previous exception] [object] (PDOException(code: HY000): SQLSTATE[HY000]: General error: 1 index agent_profiles_hourly_rate_index already exists at /home/mercia/PROJETS/WEB/vimaiz/vendor/laravel/framework/src/Illuminate/Database/Connection.php:564)
[stacktrace]
#0 /home/mercia/PROJETS/WEB/vimaiz/vendor/laravel/framework/src/Illuminate/Database/Connection.php(564): PDO->prepare('create index \"a...')
#1 /home/mercia/PROJETS/WEB/vimaiz/vendor/laravel/framework/src/Illuminate/Database/Connection.php(811): Illuminate\\Database\\Connection->{closure:Illuminate\\Database\\Connection::statement():559}('create index \"a...', Array)
#2 /home/mercia/PROJETS/WEB/vimaiz/vendor/laravel/framework/src/Illuminate/Database/Connection.php(778): Illuminate\\Database\\Connection->runQueryCallback('create index \"a...', Array, Object(Closure))
#3 /home/mercia/PROJETS/WEB/vimaiz/vendor/laravel/framework/src/Illuminate/Database/Connection.php(559): Illuminate\\Database\\Connection->run('create index \"a...', Array, Object(Closure))
#4 /home/mercia/PROJETS/WEB/vimaiz/vendor/laravel/framework/src/Illuminate/Database/Schema/Blueprint.php(121): Illuminate\\Database\\Connection->statement('create index \"a...')
#5 /home/mercia/PROJETS/WEB/vimaiz/vendor/laravel/framework/src/Illuminate/Database/Schema/Builder.php(618): Illuminate\\Database\\Schema\\Blueprint->build()
#6 /home/mercia/PROJETS/WEB/vimaiz/vendor/laravel/framework/src/Illuminate/Database/Schema/Builder.php(460): Illuminate\\Database\\Schema\\Builder->build(Object(Illuminate\\Database\\Schema\\Blueprint))
#7 /home/mercia/PROJETS/WEB/vimaiz/vendor/laravel/framework/src/Illuminate/Support/Facades/Facade.php(363): Illuminate\\Database\\Schema\\Builder->table('agent_profiles', Object(Closure))
#8 /home/mercia/PROJETS/WEB/vimaiz/database/migrations/2025_12_01_062730_add_search_indexes_to_agent_profiles_and_addresses.php(14): Illuminate\\Support\\Facades\\Facade::__callStatic('table', Array)
#9 /home/mercia/PROJETS/WEB/vimaiz/vendor/laravel/framework/src/Illuminate/Database/Migrations/Migrator.php(514): Illuminate\\Database\\Migrations\\Migration@anonymous->up()
#10 /home/mercia/PROJETS/WEB/vimaiz/vendor/laravel/framework/src/Illuminate/Database/Migrations/Migrator.php(439): Illuminate\\Database\\Migrations\\Migrator->runMethod(Object(Illuminate\\Database\\SQLiteConnection), Object(Illuminate\\Database\\Migrations\\Migration@anonymous), 'up')
#11 /home/mercia/PROJETS/WEB/vimaiz/vendor/laravel/framework/src/Illuminate/Database/Migrations/Migrator.php(448): Illuminate\\Database\\Migrations\\Migrator->{closure:Illuminate\\Database\\Migrations\\Migrator::runMigration():435}()
#12 /home/mercia/PROJETS/WEB/vimaiz/vendor/laravel/framework/src/Illuminate/Database/Migrations/Migrator.php(250): Illuminate\\Database\\Migrations\\Migrator->runMigration(Object(Illuminate\\Database\\Migrations\\Migration@anonymous), 'up')
#13 /home/mercia/PROJETS/WEB/vimaiz/vendor/laravel/framework/src/Illuminate/Console/View/Components/Task.php(41): Illuminate\\Database\\Migrations\\Migrator->{closure:Illuminate\\Database\\Migrations\\Migrator::runUp():250}()
#14 /home/mercia/PROJETS/WEB/vimaiz/vendor/laravel/framework/src/Illuminate/Database/Migrations/Migrator.php(809): Illuminate\\Console\\View\\Components\\Task->render('2025_12_01_0627...', Object(Closure))
#15 /home/mercia/PROJETS/WEB/vimaiz/vendor/laravel/framework/src/Illuminate/Database/Migrations/Migrator.php(250): Illuminate\\Database\\Migrations\\Migrator->write('Illuminate\\\\Cons...', '2025_12_01_0627...', Object(Closure))
#16 /home/mercia/PROJETS/WEB/vimaiz/vendor/laravel/framework/src/Illuminate/Database/Migrations/Migrator.php(210): Illuminate\\Database\\Migrations\\Migrator->runUp('/home/mercia/PR...', 2, false)
#17 /home/mercia/PROJETS/WEB/vimaiz/vendor/laravel/framework/src/Illuminate/Database/Migrations/Migrator.php(137): Illuminate\\Database\\Migrations\\Migrator->runPending(Array, Array)
#18 /home/mercia/PROJETS/WEB/vimaiz/vendor/laravel/framework/src/Illuminate/Database/Console/Migrations/MigrateCommand.php(116): Illuminate\\Database\\Migrations\\Migrator->run(Array, Array)
#19 /home/mercia/PROJETS/WEB/vimaiz/vendor/laravel/framework/src/Illuminate/Database/Migrations/Migrator.php(666): Illuminate\\Database\\Console\\Migrations\\MigrateCommand->{closure:Illuminate\\Database\\Console\\Migrations\\MigrateCommand::runMigrations():109}()
#20 /home/mercia/PROJETS/WEB/vimaiz/vendor/laravel/framework/src/Illuminate/Database/Console/Migrations/MigrateCommand.php(109): Illuminate\\Database\\Migrations\\Migrator->usingConnection(NULL, Object(Closure))
#21 /home/mercia/PROJETS/WEB/vimaiz/vendor/laravel/framework/src/Illuminate/Database/Console/Migrations/MigrateCommand.php(88): Illuminate\\Database\\Console\\Migrations\\MigrateCommand->runMigrations()
#22 /home/mercia/PROJETS/WEB/vimaiz/vendor/laravel/framework/src/Illuminate/Container/BoundMethod.php(36): Illuminate\\Database\\Console\\Migrations\\MigrateCommand->handle()
#23 /home/mercia/PROJETS/WEB/vimaiz/vendor/laravel/framework/src/Illuminate/Container/Util.php(43): Illuminate\\Container\\BoundMethod::{closure:Illuminate\\Container\\BoundMethod::call():35}()
#24 /home/mercia/PROJETS/WEB/vimaiz/vendor/laravel/framework/src/Illuminate/Container/BoundMethod.php(96): Illuminate\\Container\\Util::unwrapIfClosure(Object(Closure))
#25 /home/mercia/PROJETS/WEB/vimaiz/vendor/laravel/framework/src/Illuminate/Container/BoundMethod.php(35): Illuminate\\Container\\BoundMethod::callBoundMethod(Object(Illuminate\\Foundation\\Application), Array, Object(Closure))
#26 /home/mercia/PROJETS/WEB/vimaiz/vendor/laravel/framework/src/Illuminate/Container/Container.php(836): Illuminate\\Container\\BoundMethod::call(Object(Illuminate\\Foundation\\Application), Array, Array, NULL)
#27 /home/mercia/PROJETS/WEB/vimaiz/vendor/laravel/framework/src/Illuminate/Console/Command.php(211): Illuminate\\Container\\Container->call(Array)
#28 /home/mercia/PROJETS/WEB/vimaiz/vendor/symfony/console/Command/Command.php(318): Illuminate\\Console\\Command->execute(Object(Symfony\\Component\\Console\\Input\\ArgvInput), Object(Illuminate\\Console\\OutputStyle))
#29 /home/mercia/PROJETS/WEB/vimaiz/vendor/laravel/framework/src/Illuminate/Console/Command.php(180): Symfony\\Component\\Console\\Command\\Command->run(Object(Symfony\\Component\\Console\\Input\\ArgvInput), Object(Illuminate\\Console\\OutputStyle))
#30 /home/mercia/PROJETS/WEB/vimaiz/vendor/symfony/console/Application.php(1073): Illuminate\\Console\\Command->run(Object(Symfony\\Component\\Console\\Input\\ArgvInput), Object(Symfony\\Component\\Console\\Output\\ConsoleOutput))
#31 /home/mercia/PROJETS/WEB/vimaiz/vendor/symfony/console/Application.php(356): Symfony\\Component\\Console\\Application->doRunCommand(Object(Illuminate\\Database\\Console\\Migrations\\MigrateCommand), Object(Symfony\\Component\\Console\\Input\\ArgvInput), Object(Symfony\\Component\\Console\\Output\\ConsoleOutput))
#32 /home/mercia/PROJETS/WEB/vimaiz/vendor/symfony/console/Application.php(195): Symfony\\Component\\Console\\Application->doRun(Object(Symfony\\Component\\Console\\Input\\ArgvInput), Object(Symfony\\Component\\Console\\Output\\ConsoleOutput))
#33 /home/mercia/PROJETS/WEB/vimaiz/vendor/laravel/framework/src/Illuminate/Foundation/Console/Kernel.php(197): Symfony\\Component\\Console\\Application->run(Object(Symfony\\Component\\Console\\Input\\ArgvInput), Object(Symfony\\Component\\Console\\Output\\ConsoleOutput))
#34 /home/mercia/PROJETS/WEB/vimaiz/vendor/laravel/framework/src/Illuminate/Foundation/Application.php(1235): Illuminate\\Foundation\\Console\\Kernel->handle(Object(Symfony\\Component\\Console\\Input\\ArgvInput), Object(Symfony\\Component\\Console\\Output\\ConsoleOutput))
#35 /home/mercia/PROJETS/WEB/vimaiz/artisan(16): Illuminate\\Foundation\\Application->handleCommand(Object(Symfony\\Component\\Console\\Input\\ArgvInput))
#36 {main}
"} 
[2025-12-24 08:34:30] local.ERROR: SQLSTATE[HY000]: General error: 1 index agent_profiles_hourly_rate_index already exists (Connection: sqlite, SQL: create index "agent_profiles_hourly_rate_index" on "agent_profiles" ("hourly_rate")) {"exception":"[object] (Illuminate\\Database\\QueryException(code: HY000): SQLSTATE[HY000]: General error: 1 index agent_profiles_hourly_rate_index already exists (Connection: sqlite, SQL: create index \"agent_profiles_hourly_rate_index\" on \"agent_profiles\" (\"hourly_rate\")) at /home/mercia/PROJETS/WEB/vimaiz/vendor/laravel/framework/src/Illuminate/Database/Connection.php:824)
[stacktrace]
#0 /home/mercia/PROJETS/WEB/vimaiz/vendor/laravel/framework/src/Illuminate/Database/Connection.php(778): Illuminate\\Database\\Connection->runQueryCallback('create index \"a...', Array, Object(Closure))
#1 /home/mercia/PROJETS/WEB/vimaiz/vendor/laravel/framework/src/Illuminate/Database/Connection.php(559): Illuminate\\Database\\Connection->run('create index \"a...', Array, Object(Closure))
#2 /home/mercia/PROJETS/WEB/vimaiz/vendor/laravel/framework/src/Illuminate/Database/Schema/Blueprint.php(121): Illuminate\\Database\\Connection->statement('create index \"a...')
#3 /home/mercia/PROJETS/WEB/vimaiz/vendor/laravel/framework/src/Illuminate/Database/Schema/Builder.php(618): Illuminate\\Database\\Schema\\Blueprint->build()
#4 /home/mercia/PROJETS/WEB/vimaiz/vendor/laravel/framework/src/Illuminate/Database/Schema/Builder.php(460): Illuminate\\Database\\Schema\\Builder->build(Object(Illuminate\\Database\\Schema\\Blueprint))
#5 /home/mercia/PROJETS/WEB/vimaiz/vendor/laravel/framework/src/Illuminate/Support/Facades/Facade.php(363): Illuminate\\Database\\Schema\\Builder->table('agent_profiles', Object(Closure))
#6 /home/mercia/PROJETS/WEB/vimaiz/database/migrations/2025_12_01_062730_add_search_indexes_to_agent_profiles_and_addresses.php(14): Illuminate\\Support\\Facades\\Facade::__callStatic('table', Array)
#7 /home/mercia/PROJETS/WEB/vimaiz/vendor/laravel/framework/src/Illuminate/Database/Migrations/Migrator.php(514): Illuminate\\Database\\Migrations\\Migration@anonymous->up()
#8 /home/mercia/PROJETS/WEB/vimaiz/vendor/laravel/framework/src/Illuminate/Database/Migrations/Migrator.php(439): Illuminate\\Database\\Migrations\\Migrator->runMethod(Object(Illuminate\\Database\\SQLiteConnection), Object(Illuminate\\Database\\Migrations\\Migration@anonymous), 'up')
#9 /home/mercia/PROJETS/WEB/vimaiz/vendor/laravel/framework/src/Illuminate/Database/Migrations/Migrator.php(448): Illuminate\\Database\\Migrations\\Migrator->{closure:Illuminate\\Database\\Migrations\\Migrator::runMigration():435}()
#10 /home/mercia/PROJETS/WEB/vimaiz/vendor/laravel/framework/src/Illuminate/Database/Migrations/Migrator.php(250): Illuminate\\Database\\Migrations\\Migrator->runMigration(Object(Illuminate\\Database\\Migrations\\Migration@anonymous), 'up')
#11 /home/mercia/PROJETS/WEB/vimaiz/vendor/laravel/framework/src/Illuminate/Console/View/Components/Task.php(41): Illuminate\\Database\\Migrations\\Migrator->{closure:Illuminate\\Database\\Migrations\\Migrator::runUp():250}()
#12 /home/mercia/PROJETS/WEB/vimaiz/vendor/laravel/framework/src/Illuminate/Database/Migrations/Migrator.php(809): Illuminate\\Console\\View\\Components\\Task->render('2025_12_01_0627...', Object(Closure))
#13 /home/mercia/PROJETS/WEB/vimaiz/vendor/laravel/framework/src/Illuminate/Database/Migrations/Migrator.php(250): Illuminate\\Database\\Migrations\\Migrator->write('Illuminate\\\\Cons...', '2025_12_01_0627...', Object(Closure))
#14 /home/mercia/PROJETS/WEB/vimaiz/vendor/laravel/framework/src/Illuminate/Database/Migrations/Migrator.php(210): Illuminate\\Database\\Migrations\\Migrator->runUp('/home/mercia/PR...', 2, false)
#15 /home/mercia/PROJETS/WEB/vimaiz/vendor/laravel/framework/src/Illuminate/Database/Migrations/Migrator.php(137): Illuminate\\Database\\Migrations\\Migrator->runPending(Array, Array)
#16 /home/mercia/PROJETS/WEB/vimaiz/vendor/laravel/framework/src/Illuminate/Database/Console/Migrations/MigrateCommand.php(116): Illuminate\\Database\\Migrations\\Migrator->run(Array, Array)
#17 /home/mercia/PROJETS/WEB/vimaiz/vendor/laravel/framework/src/Illuminate/Database/Migrations/Migrator.php(666): Illuminate\\Database\\Console\\Migrations\\MigrateCommand->{closure:Illuminate\\Database\\Console\\Migrations\\MigrateCommand::runMigrations():109}()
#18 /home/mercia/PROJETS/WEB/vimaiz/vendor/laravel/framework/src/Illuminate/Database/Console/Migrations/MigrateCommand.php(109): Illuminate\\Database\\Migrations\\Migrator->usingConnection(NULL, Object(Closure))
#19 /home/mercia/PROJETS/WEB/vimaiz/vendor/laravel/framework/src/Illuminate/Database/Console/Migrations/MigrateCommand.php(88): Illuminate\\Database\\Console\\Migrations\\MigrateCommand->runMigrations()
#20 /home/mercia/PROJETS/WEB/vimaiz/vendor/laravel/framework/src/Illuminate/Container/BoundMethod.php(36): Illuminate\\Database\\Console\\Migrations\\MigrateCommand->handle()
#21 /home/mercia/PROJETS/WEB/vimaiz/vendor/laravel/framework/src/Illuminate/Container/Util.php(43): Illuminate\\Container\\BoundMethod::{closure:Illuminate\\Container\\BoundMethod::call():35}()
#22 /home/mercia/PROJETS/WEB/vimaiz/vendor/laravel/framework/src/Illuminate/Container/BoundMethod.php(96): Illuminate\\Container\\Util::unwrapIfClosure(Object(Closure))
#23 /home/mercia/PROJETS/WEB/vimaiz/vendor/laravel/framework/src/Illuminate/Container/BoundMethod.php(35): Illuminate\\Container\\BoundMethod::callBoundMethod(Object(Illuminate\\Foundation\\Application), Array, Object(Closure))
#24 /home/mercia/PROJETS/WEB/vimaiz/vendor/laravel/framework/src/Illuminate/Container/Container.php(836): Illuminate\\Container\\BoundMethod::call(Object(Illuminate\\Foundation\\Application), Array, Array, NULL)
#25 /home/mercia/PROJETS/WEB/vimaiz/vendor/laravel/framework/src/Illuminate/Console/Command.php(211): Illuminate\\Container\\Container->call(Array)
#26 /home/mercia/PROJETS/WEB/vimaiz/vendor/symfony/console/Command/Command.php(318): Illuminate\\Console\\Command->execute(Object(Symfony\\Component\\Console\\Input\\ArgvInput), Object(Illuminate\\Console\\OutputStyle))
#27 /home/mercia/PROJETS/WEB/vimaiz/vendor/laravel/framework/src/Illuminate/Console/Command.php(180): Symfony\\Component\\Console\\Command\\Command->run(Object(Symfony\\Component\\Console\\Input\\ArgvInput), Object(Illuminate\\Console\\OutputStyle))
#28 /home/mercia/PROJETS/WEB/vimaiz/vendor/symfony/console/Application.php(1073): Illuminate\\Console\\Command->run(Object(Symfony\\Component\\Console\\Input\\ArgvInput), Object(Symfony\\Component\\Console\\Output\\ConsoleOutput))
#29 /home/mercia/PROJETS/WEB/vimaiz/vendor/symfony/console/Application.php(356): Symfony\\Component\\Console\\Application->doRunCommand(Object(Illuminate\\Database\\Console\\Migrations\\MigrateCommand), Object(Symfony\\Component\\Console\\Input\\ArgvInput), Object(Symfony\\Component\\Console\\Output\\ConsoleOutput))
#30 /home/mercia/PROJETS/WEB/vimaiz/vendor/symfony/console/Application.php(195): Symfony\\Component\\Console\\Application->doRun(Object(Symfony\\Component\\Console\\Input\\ArgvInput), Object(Symfony\\Component\\Console\\Output\\ConsoleOutput))
#31 /home/mercia/PROJETS/WEB/vimaiz/vendor/laravel/framework/src/Illuminate/Foundation/Console/Kernel.php(197): Symfony\\Component\\Console\\Application->run(Object(Symfony\\Component\\Console\\Input\\ArgvInput), Object(Symfony\\Component\\Console\\Output\\ConsoleOutput))
#32 /home/mercia/PROJETS/WEB/vimaiz/vendor/laravel/framework/src/Illuminate/Foundation/Application.php(1235): Illuminate\\Foundation\\Console\\Kernel->handle(Object(Symfony\\Component\\Console\\Input\\ArgvInput), Object(Symfony\\Component\\Console\\Output\\ConsoleOutput))
#33 /home/mercia/PROJETS/WEB/vimaiz/artisan(16): Illuminate\\Foundation\\Application->handleCommand(Object(Symfony\\Component\\Console\\Input\\ArgvInput))
#34 {main}

[previous exception] [object] (PDOException(code: HY000): SQLSTATE[HY000]: General error: 1 index agent_profiles_hourly_rate_index already exists at /home/mercia/PROJETS/WEB/vimaiz/vendor/laravel/framework/src/Illuminate/Database/Connection.php:564)
[stacktrace]
#0 /home/mercia/PROJETS/WEB/vimaiz/vendor/laravel/framework/src/Illuminate/Database/Connection.php(564): PDO->prepare('create index \"a...')
#1 /home/mercia/PROJETS/WEB/vimaiz/vendor/laravel/framework/src/Illuminate/Database/Connection.php(811): Illuminate\\Database\\Connection->{closure:Illuminate\\Database\\Connection::statement():559}('create index \"a...', Array)
#2 /home/mercia/PROJETS/WEB/vimaiz/vendor/laravel/framework/src/Illuminate/Database/Connection.php(778): Illuminate\\Database\\Connection->runQueryCallback('create index \"a...', Array, Object(Closure))
#3 /home/mercia/PROJETS/WEB/vimaiz/vendor/laravel/framework/src/Illuminate/Database/Connection.php(559): Illuminate\\Database\\Connection->run('create index \"a...', Array, Object(Closure))
#4 /home/mercia/PROJETS/WEB/vimaiz/vendor/laravel/framework/src/Illuminate/Database/Schema/Blueprint.php(121): Illuminate\\Database\\Connection->statement('create index \"a...')
#5 /home/mercia/PROJETS/WEB/vimaiz/vendor/laravel/framework/src/Illuminate/Database/Schema/Builder.php(618): Illuminate\\Database\\Schema\\Blueprint->build()
#6 /home/mercia/PROJETS/WEB/vimaiz/vendor/laravel/framework/src/Illuminate/Database/Schema/Builder.php(460): Illuminate\\Database\\Schema\\Builder->build(Object(Illuminate\\Database\\Schema\\Blueprint))
#7 /home/mercia/PROJETS/WEB/vimaiz/vendor/laravel/framework/src/Illuminate/Support/Facades/Facade.php(363): Illuminate\\Database\\Schema\\Builder->table('agent_profiles', Object(Closure))
#8 /home/mercia/PROJETS/WEB/vimaiz/database/migrations/2025_12_01_062730_add_search_indexes_to_agent_profiles_and_addresses.php(14): Illuminate\\Support\\Facades\\Facade::__callStatic('table', Array)
#9 /home/mercia/PROJETS/WEB/vimaiz/vendor/laravel/framework/src/Illuminate/Database/Migrations/Migrator.php(514): Illuminate\\Database\\Migrations\\Migration@anonymous->up()
#10 /home/mercia/PROJETS/WEB/vimaiz/vendor/laravel/framework/src/Illuminate/Database/Migrations/Migrator.php(439): Illuminate\\Database\\Migrations\\Migrator->runMethod(Object(Illuminate\\Database\\SQLiteConnection), Object(Illuminate\\Database\\Migrations\\Migration@anonymous), 'up')
#11 /home/mercia/PROJETS/WEB/vimaiz/vendor/laravel/framework/src/Illuminate/Database/Migrations/Migrator.php(448): Illuminate\\Database\\Migrations\\Migrator->{closure:Illuminate\\Database\\Migrations\\Migrator::runMigration():435}()
#12 /home/mercia/PROJETS/WEB/vimaiz/vendor/laravel/framework/src/Illuminate/Database/Migrations/Migrator.php(250): Illuminate\\Database\\Migrations\\Migrator->runMigration(Object(Illuminate\\Database\\Migrations\\Migration@anonymous), 'up')
#13 /home/mercia/PROJETS/WEB/vimaiz/vendor/laravel/framework/src/Illuminate/Console/View/Components/Task.php(41): Illuminate\\Database\\Migrations\\Migrator->{closure:Illuminate\\Database\\Migrations\\Migrator::runUp():250}()
#14 /home/mercia/PROJETS/WEB/vimaiz/vendor/laravel/framework/src/Illuminate/Database/Migrations/Migrator.php(809): Illuminate\\Console\\View\\Components\\Task->render('2025_12_01_0627...', Object(Closure))
#15 /home/mercia/PROJETS/WEB/vimaiz/vendor/laravel/framework/src/Illuminate/Database/Migrations/Migrator.php(250): Illuminate\\Database\\Migrations\\Migrator->write('Illuminate\\\\Cons...', '2025_12_01_0627...', Object(Closure))
#16 /home/mercia/PROJETS/WEB/vimaiz/vendor/laravel/framework/src/Illuminate/Database/Migrations/Migrator.php(210): Illuminate\\Database\\Migrations\\Migrator->runUp('/home/mercia/PR...', 2, false)
#17 /home/mercia/PROJETS/WEB/vimaiz/vendor/laravel/framework/src/Illuminate/Database/Migrations/Migrator.php(137): Illuminate\\Database\\Migrations\\Migrator->runPending(Array, Array)
#18 /home/mercia/PROJETS/WEB/vimaiz/vendor/laravel/framework/src/Illuminate/Database/Console/Migrations/MigrateCommand.php(116): Illuminate\\Database\\Migrations\\Migrator->run(Array, Array)
#19 /home/mercia/PROJETS/WEB/vimaiz/vendor/laravel/framework/src/Illuminate/Database/Migrations/Migrator.php(666): Illuminate\\Database\\Console\\Migrations\\MigrateCommand->{closure:Illuminate\\Database\\Console\\Migrations\\MigrateCommand::runMigrations():109}()
#20 /home/mercia/PROJETS/WEB/vimaiz/vendor/laravel/framework/src/Illuminate/Database/Console/Migrations/MigrateCommand.php(109): Illuminate\\Database\\Migrations\\Migrator->usingConnection(NULL, Object(Closure))
#21 /home/mercia/PROJETS/WEB/vimaiz/vendor/laravel/framework/src/Illuminate/Database/Console/Migrations/MigrateCommand.php(88): Illuminate\\Database\\Console\\Migrations\\MigrateCommand->runMigrations()
#22 /home/mercia/PROJETS/WEB/vimaiz/vendor/laravel/framework/src/Illuminate/Container/BoundMethod.php(36): Illuminate\\Database\\Console\\Migrations\\MigrateCommand->handle()
#23 /home/mercia/PROJETS/WEB/vimaiz/vendor/laravel/framework/src/Illuminate/Container/Util.php(43): Illuminate\\Container\\BoundMethod::{closure:Illuminate\\Container\\BoundMethod::call():35}()
#24 /home/mercia/PROJETS/WEB/vimaiz/vendor/laravel/framework/src/Illuminate/Container/BoundMethod.php(96): Illuminate\\Container\\Util::unwrapIfClosure(Object(Closure))
#25 /home/mercia/PROJETS/WEB/vimaiz/vendor/laravel/framework/src/Illuminate/Container/BoundMethod.php(35): Illuminate\\Container\\BoundMethod::callBoundMethod(Object(Illuminate\\Foundation\\Application), Array, Object(Closure))
#26 /home/mercia/PROJETS/WEB/vimaiz/vendor/laravel/framework/src/Illuminate/Container/Container.php(836): Illuminate\\Container\\BoundMethod::call(Object(Illuminate\\Foundation\\Application), Array, Array, NULL)
#27 /home/mercia/PROJETS/WEB/vimaiz/vendor/laravel/framework/src/Illuminate/Console/Command.php(211): Illuminate\\Container\\Container->call(Array)
#28 /home/mercia/PROJETS/WEB/vimaiz/vendor/symfony/console/Command/Command.php(318): Illuminate\\Console\\Command->execute(Object(Symfony\\Component\\Console\\Input\\ArgvInput), Object(Illuminate\\Console\\OutputStyle))
#29 /home/mercia/PROJETS/WEB/vimaiz/vendor/laravel/framework/src/Illuminate/Console/Command.php(180): Symfony\\Component\\Console\\Command\\Command->run(Object(Symfony\\Component\\Console\\Input\\ArgvInput), Object(Illuminate\\Console\\OutputStyle))
#30 /home/mercia/PROJETS/WEB/vimaiz/vendor/symfony/console/Application.php(1073): Illuminate\\Console\\Command->run(Object(Symfony\\Component\\Console\\Input\\ArgvInput), Object(Symfony\\Component\\Console\\Output\\ConsoleOutput))
#31 /home/mercia/PROJETS/WEB/vimaiz/vendor/symfony/console/Application.php(356): Symfony\\Component\\Console\\Application->doRunCommand(Object(Illuminate\\Database\\Console\\Migrations\\MigrateCommand), Object(Symfony\\Component\\Console\\Input\\ArgvInput), Object(Symfony\\Component\\Console\\Output\\ConsoleOutput))
#32 /home/mercia/PROJETS/WEB/vimaiz/vendor/symfony/console/Application.php(195): Symfony\\Component\\Console\\Application->doRun(Object(Symfony\\Component\\Console\\Input\\ArgvInput), Object(Symfony\\Component\\Console\\Output\\ConsoleOutput))
#33 /home/mercia/PROJETS/WEB/vimaiz/vendor/laravel/framework/src/Illuminate/Foundation/Console/Kernel.php(197): Symfony\\Component\\Console\\Application->run(Object(Symfony\\Component\\Console\\Input\\ArgvInput), Object(Symfony\\Component\\Console\\Output\\ConsoleOutput))
#34 /home/mercia/PROJETS/WEB/vimaiz/vendor/laravel/framework/src/Illuminate/Foundation/Application.php(1235): Illuminate\\Foundation\\Console\\Kernel->handle(Object(Symfony\\Component\\Console\\Input\\ArgvInput), Object(Symfony\\Component\\Console\\Output\\ConsoleOutput))
#35 /home/mercia/PROJETS/WEB/vimaiz/artisan(16): Illuminate\\Foundation\\Application->handleCommand(Object(Symfony\\Component\\Console\\Input\\ArgvInput))
#36 {main}
"} 
[2025-12-24 08:37:17] local.ERROR: View [app] not found. {"exception":"[object] (InvalidArgumentException(code: 0): View [app] not found. at /home/mercia/PROJETS/WEB/vimaiz/vendor/laravel/framework/src/Illuminate/View/FileViewFinder.php:138)
[stacktrace]
#0 /home/mercia/PROJETS/WEB/vimaiz/vendor/laravel/framework/src/Illuminate/View/FileViewFinder.php(78): Illuminate\\View\\FileViewFinder->findInPaths('app', Array)
#1 /home/mercia/PROJETS/WEB/vimaiz/vendor/laravel/framework/src/Illuminate/View/Factory.php(150): Illuminate\\View\\FileViewFinder->find('app')
#2 /home/mercia/PROJETS/WEB/vimaiz/vendor/laravel/framework/src/Illuminate/Routing/ResponseFactory.php(91): Illuminate\\View\\Factory->make('app', Array)
#3 /home/mercia/PROJETS/WEB/vimaiz/vendor/laravel/framework/src/Illuminate/Support/Facades/Facade.php(363): Illuminate\\Routing\\ResponseFactory->view('app', Array)
#4 /home/mercia/PROJETS/WEB/vimaiz/vendor/inertiajs/inertia-laravel/src/Response.php(199): Illuminate\\Support\\Facades\\Facade::__callStatic('view', Array)
#5 /home/mercia/PROJETS/WEB/vimaiz/vendor/laravel/fortify/src/Http/Responses/SimpleViewResponse.php(56): Inertia\\Response->toResponse(Object(Illuminate\\Http\\Request))
#6 /home/mercia/PROJETS/WEB/vimaiz/vendor/laravel/framework/src/Illuminate/Routing/Router.php(921): Laravel\\Fortify\\Http\\Responses\\SimpleViewResponse->toResponse(Object(Illuminate\\Http\\Request))
#7 /home/mercia/PROJETS/WEB/vimaiz/vendor/laravel/framework/src/Illuminate/Routing/Router.php(906): Illuminate\\Routing\\Router::toResponse(Object(Illuminate\\Http\\Request), Object(Laravel\\Fortify\\Http\\Responses\\SimpleViewResponse))
#8 /home/mercia/PROJETS/WEB/vimaiz/vendor/laravel/framework/src/Illuminate/Routing/Router.php(821): Illuminate\\Routing\\Router->prepareResponse(Object(Illuminate\\Http\\Request), Object(Laravel\\Fortify\\Http\\Responses\\SimpleViewResponse))
#9 /home/mercia/PROJETS/WEB/vimaiz/vendor/laravel/framework/src/Illuminate/Pipeline/Pipeline.php(180): Illuminate\\Routing\\Router->{closure:Illuminate\\Routing\\Router::runRouteWithinStack():821}(Object(Illuminate\\Http\\Request))
#10 /home/mercia/PROJETS/WEB/vimaiz/vendor/laravel/framework/src/Illuminate/Auth/Middleware/RedirectIfAuthenticated.php(35): Illuminate\\Pipeline\\Pipeline->{closure:Illuminate\\Pipeline\\Pipeline::prepareDestination():178}(Object(Illuminate\\Http\\Request))
#11 /home/mercia/PROJETS/WEB/vimaiz/vendor/laravel/framework/src/Illuminate/Pipeline/Pipeline.php(219): Illuminate\\Auth\\Middleware\\RedirectIfAuthenticated->handle(Object(Illuminate\\Http\\Request), Object(Closure), 'web')
#12 /home/mercia/PROJETS/WEB/vimaiz/vendor/laravel/framework/src/Illuminate/Http/Middleware/AddLinkHeadersForPreloadedAssets.php(32): Illuminate\\Pipeline\\Pipeline->{closure:{closure:Illuminate\\Pipeline\\Pipeline::carry():194}:195}(Object(Illuminate\\Http\\Request))
#13 /home/mercia/PROJETS/WEB/vimaiz/vendor/laravel/framework/src/Illuminate/Pipeline/Pipeline.php(219): Illuminate\\Http\\Middleware\\AddLinkHeadersForPreloadedAssets->handle(Object(Illuminate\\Http\\Request), Object(Closure))
#14 /home/mercia/PROJETS/WEB/vimaiz/vendor/inertiajs/inertia-laravel/src/Middleware.php(96): Illuminate\\Pipeline\\Pipeline->{closure:{closure:Illuminate\\Pipeline\\Pipeline::carry():194}:195}(Object(Illuminate\\Http\\Request))
#15 /home/mercia/PROJETS/WEB/vimaiz/vendor/laravel/framework/src/Illuminate/Pipeline/Pipeline.php(219): Inertia\\Middleware->handle(Object(Illuminate\\Http\\Request), Object(Closure))
#16 /home/mercia/PROJETS/WEB/vimaiz/app/Http/Middleware/HandleAppearance.php(21): Illuminate\\Pipeline\\Pipeline->{closure:{closure:Illuminate\\Pipeline\\Pipeline::carry():194}:195}(Object(Illuminate\\Http\\Request))
#17 /home/mercia/PROJETS/WEB/vimaiz/vendor/laravel/framework/src/Illuminate/Pipeline/Pipeline.php(219): App\\Http\\Middleware\\HandleAppearance->handle(Object(Illuminate\\Http\\Request), Object(Closure))
#18 /home/mercia/PROJETS/WEB/vimaiz/vendor/laravel/framework/src/Illuminate/Routing/Middleware/SubstituteBindings.php(50): Illuminate\\Pipeline\\Pipeline->{closure:{closure:Illuminate\\Pipeline\\Pipeline::carry():194}:195}(Object(Illuminate\\Http\\Request))
#19 /home/mercia/PROJETS/WEB/vimaiz/vendor/laravel/framework/src/Illuminate/Pipeline/Pipeline.php(219): Illuminate\\Routing\\Middleware\\SubstituteBindings->handle(Object(Illuminate\\Http\\Request), Object(Closure))
#20 /home/mercia/PROJETS/WEB/vimaiz/vendor/laravel/framework/src/Illuminate/Foundation/Http/Middleware/VerifyCsrfToken.php(87): Illuminate\\Pipeline\\Pipeline->{closure:{closure:Illuminate\\Pipeline\\Pipeline::carry():194}:195}(Object(Illuminate\\Http\\Request))
#21 /home/mercia/PROJETS/WEB/vimaiz/vendor/laravel/framework/src/Illuminate/Pipeline/Pipeline.php(219): Illuminate\\Foundation\\Http\\Middleware\\VerifyCsrfToken->handle(Object(Illuminate\\Http\\Request), Object(Closure))
#22 /home/mercia/PROJETS/WEB/vimaiz/vendor/laravel/framework/src/Illuminate/View/Middleware/ShareErrorsFromSession.php(48): Illuminate\\Pipeline\\Pipeline->{closure:{closure:Illuminate\\Pipeline\\Pipeline::carry():194}:195}(Object(Illuminate\\Http\\Request))
#23 /home/mercia/PROJETS/WEB/vimaiz/vendor/laravel/framework/src/Illuminate/Pipeline/Pipeline.php(219): Illuminate\\View\\Middleware\\ShareErrorsFromSession->handle(Object(Illuminate\\Http\\Request), Object(Closure))
#24 /home/mercia/PROJETS/WEB/vimaiz/vendor/laravel/framework/src/Illuminate/Session/Middleware/StartSession.php(120): Illuminate\\Pipeline\\Pipeline->{closure:{closure:Illuminate\\Pipeline\\Pipeline::carry():194}:195}(Object(Illuminate\\Http\\Request))
#25 /home/mercia/PROJETS/WEB/vimaiz/vendor/laravel/framework/src/Illuminate/Session/Middleware/StartSession.php(63): Illuminate\\Session\\Middleware\\StartSession->handleStatefulRequest(Object(Illuminate\\Http\\Request), Object(Illuminate\\Session\\Store), Object(Closure))
#26 /home/mercia/PROJETS/WEB/vimaiz/vendor/laravel/framework/src/Illuminate/Pipeline/Pipeline.php(219): Illuminate\\Session\\Middleware\\StartSession->handle(Object(Illuminate\\Http\\Request), Object(Closure))
#27 /home/mercia/PROJETS/WEB/vimaiz/vendor/laravel/framework/src/Illuminate/Cookie/Middleware/AddQueuedCookiesToResponse.php(36): Illuminate\\Pipeline\\Pipeline->{closure:{closure:Illuminate\\Pipeline\\Pipeline::carry():194}:195}(Object(Illuminate\\Http\\Request))
#28 /home/mercia/PROJETS/WEB/vimaiz/vendor/laravel/framework/src/Illuminate/Pipeline/Pipeline.php(219): Illuminate\\Cookie\\Middleware\\AddQueuedCookiesToResponse->handle(Object(Illuminate\\Http\\Request), Object(Closure))
#29 /home/mercia/PROJETS/WEB/vimaiz/vendor/laravel/framework/src/Illuminate/Cookie/Middleware/EncryptCookies.php(74): Illuminate\\Pipeline\\Pipeline->{closure:{closure:Illuminate\\Pipeline\\Pipeline::carry():194}:195}(Object(Illuminate\\Http\\Request))
#30 /home/mercia/PROJETS/WEB/vimaiz/vendor/laravel/framework/src/Illuminate/Pipeline/Pipeline.php(219): Illuminate\\Cookie\\Middleware\\EncryptCookies->handle(Object(Illuminate\\Http\\Request), Object(Closure))
#31 /home/mercia/PROJETS/WEB/vimaiz/vendor/laravel/framework/src/Illuminate/Pipeline/Pipeline.php(137): Illuminate\\Pipeline\\Pipeline->{closure:{closure:Illuminate\\Pipeline\\Pipeline::carry():194}:195}(Object(Illuminate\\Http\\Request))
#32 /home/mercia/PROJETS/WEB/vimaiz/vendor/laravel/framework/src/Illuminate/Routing/Router.php(821): Illuminate\\Pipeline\\Pipeline->then(Object(Closure))
#33 /home/mercia/PROJETS/WEB/vimaiz/vendor/laravel/framework/src/Illuminate/Routing/Router.php(800): Illuminate\\Routing\\Router->runRouteWithinStack(Object(Illuminate\\Routing\\Route), Object(Illuminate\\Http\\Request))
#34 /home/mercia/PROJETS/WEB/vimaiz/vendor/laravel/framework/src/Illuminate/Routing/Router.php(764): Illuminate\\Routing\\Router->runRoute(Object(Illuminate\\Http\\Request), Object(Illuminate\\Routing\\Route))
#35 /home/mercia/PROJETS/WEB/vimaiz/vendor/laravel/framework/src/Illuminate/Routing/Router.php(753): Illuminate\\Routing\\Router->dispatchToRoute(Object(Illuminate\\Http\\Request))
#36 /home/mercia/PROJETS/WEB/vimaiz/vendor/laravel/framework/src/Illuminate/Foundation/Http/Kernel.php(200): Illuminate\\Routing\\Router->dispatch(Object(Illuminate\\Http\\Request))
#37 /home/mercia/PROJETS/WEB/vimaiz/vendor/laravel/framework/src/Illuminate/Pipeline/Pipeline.php(180): Illuminate\\Foundation\\Http\\Kernel->{closure:Illuminate\\Foundation\\Http\\Kernel::dispatchToRouter():197}(Object(Illuminate\\Http\\Request))
#38 /home/mercia/PROJETS/WEB/vimaiz/vendor/livewire/livewire/src/Features/SupportDisablingBackButtonCache/DisableBackButtonCacheMiddleware.php(19): Illuminate\\Pipeline\\Pipeline->{closure:Illuminate\\Pipeline\\Pipeline::prepareDestination():178}(Object(Illuminate\\Http\\Request))
#39 /home/mercia/PROJETS/WEB/vimaiz/vendor/laravel/framework/src/Illuminate/Pipeline/Pipeline.php(219): Livewire\\Features\\SupportDisablingBackButtonCache\\DisableBackButtonCacheMiddleware->handle(Object(Illuminate\\Http\\Request), Object(Closure))
#40 /home/mercia/PROJETS/WEB/vimaiz/vendor/laravel/framework/src/Illuminate/Foundation/Http/Middleware/TransformsRequest.php(21): Illuminate\\Pipeline\\Pipeline->{closure:{closure:Illuminate\\Pipeline\\Pipeline::carry():194}:195}(Object(Illuminate\\Http\\Request))
#41 /home/mercia/PROJETS/WEB/vimaiz/vendor/laravel/framework/src/Illuminate/Foundation/Http/Middleware/ConvertEmptyStringsToNull.php(31): Illuminate\\Foundation\\Http\\Middleware\\TransformsRequest->handle(Object(Illuminate\\Http\\Request), Object(Closure))
#42 /home/mercia/PROJETS/WEB/vimaiz/vendor/laravel/framework/src/Illuminate/Pipeline/Pipeline.php(219): Illuminate\\Foundation\\Http\\Middleware\\ConvertEmptyStringsToNull->handle(Object(Illuminate\\Http\\Request), Object(Closure))
#43 /home/mercia/PROJETS/WEB/vimaiz/vendor/laravel/framework/src/Illuminate/Foundation/Http/Middleware/TransformsRequest.php(21): Illuminate\\Pipeline\\Pipeline->{closure:{closure:Illuminate\\Pipeline\\Pipeline::carry():194}:195}(Object(Illuminate\\Http\\Request))
#44 /home/mercia/PROJETS/WEB/vimaiz/vendor/laravel/framework/src/Illuminate/Foundation/Http/Middleware/TrimStrings.php(51): Illuminate\\Foundation\\Http\\Middleware\\TransformsRequest->handle(Object(Illuminate\\Http\\Request), Object(Closure))
#45 /home/mercia/PROJETS/WEB/vimaiz/vendor/laravel/framework/src/Illuminate/Pipeline/Pipeline.php(219): Illuminate\\Foundation\\Http\\Middleware\\TrimStrings->handle(Object(Illuminate\\Http\\Request), Object(Closure))
#46 /home/mercia/PROJETS/WEB/vimaiz/vendor/laravel/framework/src/Illuminate/Http/Middleware/ValidatePostSize.php(27): Illuminate\\Pipeline\\Pipeline->{closure:{closure:Illuminate\\Pipeline\\Pipeline::carry():194}:195}(Object(Illuminate\\Http\\Request))
#47 /home/mercia/PROJETS/WEB/vimaiz/vendor/laravel/framework/src/Illuminate/Pipeline/Pipeline.php(219): Illuminate\\Http\\Middleware\\ValidatePostSize->handle(Object(Illuminate\\Http\\Request), Object(Closure))
#48 /home/mercia/PROJETS/WEB/vimaiz/vendor/laravel/framework/src/Illuminate/Foundation/Http/Middleware/PreventRequestsDuringMaintenance.php(109): Illuminate\\Pipeline\\Pipeline->{closure:{closure:Illuminate\\Pipeline\\Pipeline::carry():194}:195}(Object(Illuminate\\Http\\Request))
#49 /home/mercia/PROJETS/WEB/vimaiz/vendor/laravel/framework/src/Illuminate/Pipeline/Pipeline.php(219): Illuminate\\Foundation\\Http\\Middleware\\PreventRequestsDuringMaintenance->handle(Object(Illuminate\\Http\\Request), Object(Closure))
#50 /home/mercia/PROJETS/WEB/vimaiz/vendor/laravel/framework/src/Illuminate/Http/Middleware/HandleCors.php(48): Illuminate\\Pipeline\\Pipeline->{closure:{closure:Illuminate\\Pipeline\\Pipeline::carry():194}:195}(Object(Illuminate\\Http\\Request))
#51 /home/mercia/PROJETS/WEB/vimaiz/vendor/laravel/framework/src/Illuminate/Pipeline/Pipeline.php(219): Illuminate\\Http\\Middleware\\HandleCors->handle(Object(Illuminate\\Http\\Request), Object(Closure))
#52 /home/mercia/PROJETS/WEB/vimaiz/vendor/laravel/framework/src/Illuminate/Http/Middleware/TrustProxies.php(58): Illuminate\\Pipeline\\Pipeline->{closure:{closure:Illuminate\\Pipeline\\Pipeline::carry():194}:195}(Object(Illuminate\\Http\\Request))
#53 /home/mercia/PROJETS/WEB/vimaiz/vendor/laravel/framework/src/Illuminate/Pipeline/Pipeline.php(219): Illuminate\\Http\\Middleware\\TrustProxies->handle(Object(Illuminate\\Http\\Request), Object(Closure))
#54 /home/mercia/PROJETS/WEB/vimaiz/vendor/laravel/framework/src/Illuminate/Foundation/Http/Middleware/InvokeDeferredCallbacks.php(22): Illuminate\\Pipeline\\Pipeline->{closure:{closure:Illuminate\\Pipeline\\Pipeline::carry():194}:195}(Object(Illuminate\\Http\\Request))
#55 /home/mercia/PROJETS/WEB/vimaiz/vendor/laravel/framework/src/Illuminate/Pipeline/Pipeline.php(219): Illuminate\\Foundation\\Http\\Middleware\\InvokeDeferredCallbacks->handle(Object(Illuminate\\Http\\Request), Object(Closure))
#56 /home/mercia/PROJETS/WEB/vimaiz/vendor/laravel/framework/src/Illuminate/Http/Middleware/ValidatePathEncoding.php(26): Illuminate\\Pipeline\\Pipeline->{closure:{closure:Illuminate\\Pipeline\\Pipeline::carry():194}:195}(Object(Illuminate\\Http\\Request))
#57 /home/mercia/PROJETS/WEB/vimaiz/vendor/laravel/framework/src/Illuminate/Pipeline/Pipeline.php(219): Illuminate\\Http\\Middleware\\ValidatePathEncoding->handle(Object(Illuminate\\Http\\Request), Object(Closure))
#58 /home/mercia/PROJETS/WEB/vimaiz/vendor/laravel/framework/src/Illuminate/Pipeline/Pipeline.php(137): Illuminate\\Pipeline\\Pipeline->{closure:{closure:Illuminate\\Pipeline\\Pipeline::carry():194}:195}(Object(Illuminate\\Http\\Request))
#59 /home/mercia/PROJETS/WEB/vimaiz/vendor/laravel/framework/src/Illuminate/Foundation/Http/Kernel.php(175): Illuminate\\Pipeline\\Pipeline->then(Object(Closure))
#60 /home/mercia/PROJETS/WEB/vimaiz/vendor/laravel/framework/src/Illuminate/Foundation/Http/Kernel.php(144): Illuminate\\Foundation\\Http\\Kernel->sendRequestThroughRouter(Object(Illuminate\\Http\\Request))
#61 /home/mercia/PROJETS/WEB/vimaiz/vendor/laravel/framework/src/Illuminate/Foundation/Application.php(1220): Illuminate\\Foundation\\Http\\Kernel->handle(Object(Illuminate\\Http\\Request))
#62 /home/mercia/PROJETS/WEB/vimaiz/public/index.php(20): Illuminate\\Foundation\\Application->handleRequest(Object(Illuminate\\Http\\Request))
#63 /home/mercia/PROJETS/WEB/vimaiz/vendor/laravel/framework/src/Illuminate/Foundation/resources/server.php(23): require_once('/home/mercia/PR...')
#64 {main}
"} 
[2025-12-24 08:38:14] local.ERROR: View [app] not found. {"exception":"[object] (InvalidArgumentException(code: 0): View [app] not found. at /home/mercia/PROJETS/WEB/vimaiz/vendor/laravel/framework/src/Illuminate/View/FileViewFinder.php:138)
[stacktrace]
#0 /home/mercia/PROJETS/WEB/vimaiz/vendor/laravel/framework/src/Illuminate/View/FileViewFinder.php(78): Illuminate\\View\\FileViewFinder->findInPaths('app', Array)
#1 /home/mercia/PROJETS/WEB/vimaiz/vendor/laravel/framework/src/Illuminate/View/Factory.php(150): Illuminate\\View\\FileViewFinder->find('app')
#2 /home/mercia/PROJETS/WEB/vimaiz/vendor/laravel/framework/src/Illuminate/Routing/ResponseFactory.php(91): Illuminate\\View\\Factory->make('app', Array)
#3 /home/mercia/PROJETS/WEB/vimaiz/vendor/laravel/framework/src/Illuminate/Support/Facades/Facade.php(363): Illuminate\\Routing\\ResponseFactory->view('app', Array)
#4 /home/mercia/PROJETS/WEB/vimaiz/vendor/inertiajs/inertia-laravel/src/Response.php(199): Illuminate\\Support\\Facades\\Facade::__callStatic('view', Array)
#5 /home/mercia/PROJETS/WEB/vimaiz/vendor/laravel/fortify/src/Http/Responses/SimpleViewResponse.php(56): Inertia\\Response->toResponse(Object(Illuminate\\Http\\Request))
#6 /home/mercia/PROJETS/WEB/vimaiz/vendor/laravel/framework/src/Illuminate/Routing/Router.php(921): Laravel\\Fortify\\Http\\Responses\\SimpleViewResponse->toResponse(Object(Illuminate\\Http\\Request))
#7 /home/mercia/PROJETS/WEB/vimaiz/vendor/laravel/framework/src/Illuminate/Routing/Router.php(906): Illuminate\\Routing\\Router::toResponse(Object(Illuminate\\Http\\Request), Object(Laravel\\Fortify\\Http\\Responses\\SimpleViewResponse))
#8 /home/mercia/PROJETS/WEB/vimaiz/vendor/laravel/framework/src/Illuminate/Routing/Router.php(821): Illuminate\\Routing\\Router->prepareResponse(Object(Illuminate\\Http\\Request), Object(Laravel\\Fortify\\Http\\Responses\\SimpleViewResponse))
#9 /home/mercia/PROJETS/WEB/vimaiz/vendor/laravel/framework/src/Illuminate/Pipeline/Pipeline.php(180): Illuminate\\Routing\\Router->{closure:Illuminate\\Routing\\Router::runRouteWithinStack():821}(Object(Illuminate\\Http\\Request))
#10 /home/mercia/PROJETS/WEB/vimaiz/vendor/laravel/framework/src/Illuminate/Auth/Middleware/RedirectIfAuthenticated.php(35): Illuminate\\Pipeline\\Pipeline->{closure:Illuminate\\Pipeline\\Pipeline::prepareDestination():178}(Object(Illuminate\\Http\\Request))
#11 /home/mercia/PROJETS/WEB/vimaiz/vendor/laravel/framework/src/Illuminate/Pipeline/Pipeline.php(219): Illuminate\\Auth\\Middleware\\RedirectIfAuthenticated->handle(Object(Illuminate\\Http\\Request), Object(Closure), 'web')
#12 /home/mercia/PROJETS/WEB/vimaiz/vendor/laravel/framework/src/Illuminate/Http/Middleware/AddLinkHeadersForPreloadedAssets.php(32): Illuminate\\Pipeline\\Pipeline->{closure:{closure:Illuminate\\Pipeline\\Pipeline::carry():194}:195}(Object(Illuminate\\Http\\Request))
#13 /home/mercia/PROJETS/WEB/vimaiz/vendor/laravel/framework/src/Illuminate/Pipeline/Pipeline.php(219): Illuminate\\Http\\Middleware\\AddLinkHeadersForPreloadedAssets->handle(Object(Illuminate\\Http\\Request), Object(Closure))
#14 /home/mercia/PROJETS/WEB/vimaiz/vendor/inertiajs/inertia-laravel/src/Middleware.php(96): Illuminate\\Pipeline\\Pipeline->{closure:{closure:Illuminate\\Pipeline\\Pipeline::carry():194}:195}(Object(Illuminate\\Http\\Request))
#15 /home/mercia/PROJETS/WEB/vimaiz/vendor/laravel/framework/src/Illuminate/Pipeline/Pipeline.php(219): Inertia\\Middleware->handle(Object(Illuminate\\Http\\Request), Object(Closure))
#16 /home/mercia/PROJETS/WEB/vimaiz/app/Http/Middleware/HandleAppearance.php(21): Illuminate\\Pipeline\\Pipeline->{closure:{closure:Illuminate\\Pipeline\\Pipeline::carry():194}:195}(Object(Illuminate\\Http\\Request))
#17 /home/mercia/PROJETS/WEB/vimaiz/vendor/laravel/framework/src/Illuminate/Pipeline/Pipeline.php(219): App\\Http\\Middleware\\HandleAppearance->handle(Object(Illuminate\\Http\\Request), Object(Closure))
#18 /home/mercia/PROJETS/WEB/vimaiz/vendor/laravel/framework/src/Illuminate/Routing/Middleware/SubstituteBindings.php(50): Illuminate\\Pipeline\\Pipeline->{closure:{closure:Illuminate\\Pipeline\\Pipeline::carry():194}:195}(Object(Illuminate\\Http\\Request))
#19 /home/mercia/PROJETS/WEB/vimaiz/vendor/laravel/framework/src/Illuminate/Pipeline/Pipeline.php(219): Illuminate\\Routing\\Middleware\\SubstituteBindings->handle(Object(Illuminate\\Http\\Request), Object(Closure))
#20 /home/mercia/PROJETS/WEB/vimaiz/vendor/laravel/framework/src/Illuminate/Foundation/Http/Middleware/VerifyCsrfToken.php(87): Illuminate\\Pipeline\\Pipeline->{closure:{closure:Illuminate\\Pipeline\\Pipeline::carry():194}:195}(Object(Illuminate\\Http\\Request))
#21 /home/mercia/PROJETS/WEB/vimaiz/vendor/laravel/framework/src/Illuminate/Pipeline/Pipeline.php(219): Illuminate\\Foundation\\Http\\Middleware\\VerifyCsrfToken->handle(Object(Illuminate\\Http\\Request), Object(Closure))
#22 /home/mercia/PROJETS/WEB/vimaiz/vendor/laravel/framework/src/Illuminate/View/Middleware/ShareErrorsFromSession.php(48): Illuminate\\Pipeline\\Pipeline->{closure:{closure:Illuminate\\Pipeline\\Pipeline::carry():194}:195}(Object(Illuminate\\Http\\Request))
#23 /home/mercia/PROJETS/WEB/vimaiz/vendor/laravel/framework/src/Illuminate/Pipeline/Pipeline.php(219): Illuminate\\View\\Middleware\\ShareErrorsFromSession->handle(Object(Illuminate\\Http\\Request), Object(Closure))
#24 /home/mercia/PROJETS/WEB/vimaiz/vendor/laravel/framework/src/Illuminate/Session/Middleware/StartSession.php(120): Illuminate\\Pipeline\\Pipeline->{closure:{closure:Illuminate\\Pipeline\\Pipeline::carry():194}:195}(Object(Illuminate\\Http\\Request))
#25 /home/mercia/PROJETS/WEB/vimaiz/vendor/laravel/framework/src/Illuminate/Session/Middleware/StartSession.php(63): Illuminate\\Session\\Middleware\\StartSession->handleStatefulRequest(Object(Illuminate\\Http\\Request), Object(Illuminate\\Session\\Store), Object(Closure))
#26 /home/mercia/PROJETS/WEB/vimaiz/vendor/laravel/framework/src/Illuminate/Pipeline/Pipeline.php(219): Illuminate\\Session\\Middleware\\StartSession->handle(Object(Illuminate\\Http\\Request), Object(Closure))
#27 /home/mercia/PROJETS/WEB/vimaiz/vendor/laravel/framework/src/Illuminate/Cookie/Middleware/AddQueuedCookiesToResponse.php(36): Illuminate\\Pipeline\\Pipeline->{closure:{closure:Illuminate\\Pipeline\\Pipeline::carry():194}:195}(Object(Illuminate\\Http\\Request))
#28 /home/mercia/PROJETS/WEB/vimaiz/vendor/laravel/framework/src/Illuminate/Pipeline/Pipeline.php(219): Illuminate\\Cookie\\Middleware\\AddQueuedCookiesToResponse->handle(Object(Illuminate\\Http\\Request), Object(Closure))
#29 /home/mercia/PROJETS/WEB/vimaiz/vendor/laravel/framework/src/Illuminate/Cookie/Middleware/EncryptCookies.php(74): Illuminate\\Pipeline\\Pipeline->{closure:{closure:Illuminate\\Pipeline\\Pipeline::carry():194}:195}(Object(Illuminate\\Http\\Request))
#30 /home/mercia/PROJETS/WEB/vimaiz/vendor/laravel/framework/src/Illuminate/Pipeline/Pipeline.php(219): Illuminate\\Cookie\\Middleware\\EncryptCookies->handle(Object(Illuminate\\Http\\Request), Object(Closure))
#31 /home/mercia/PROJETS/WEB/vimaiz/vendor/laravel/framework/src/Illuminate/Pipeline/Pipeline.php(137): Illuminate\\Pipeline\\Pipeline->{closure:{closure:Illuminate\\Pipeline\\Pipeline::carry():194}:195}(Object(Illuminate\\Http\\Request))
#32 /home/mercia/PROJETS/WEB/vimaiz/vendor/laravel/framework/src/Illuminate/Routing/Router.php(821): Illuminate\\Pipeline\\Pipeline->then(Object(Closure))
#33 /home/mercia/PROJETS/WEB/vimaiz/vendor/laravel/framework/src/Illuminate/Routing/Router.php(800): Illuminate\\Routing\\Router->runRouteWithinStack(Object(Illuminate\\Routing\\Route), Object(Illuminate\\Http\\Request))
#34 /home/mercia/PROJETS/WEB/vimaiz/vendor/laravel/framework/src/Illuminate/Routing/Router.php(764): Illuminate\\Routing\\Router->runRoute(Object(Illuminate\\Http\\Request), Object(Illuminate\\Routing\\Route))
#35 /home/mercia/PROJETS/WEB/vimaiz/vendor/laravel/framework/src/Illuminate/Routing/Router.php(753): Illuminate\\Routing\\Router->dispatchToRoute(Object(Illuminate\\Http\\Request))
#36 /home/mercia/PROJETS/WEB/vimaiz/vendor/laravel/framework/src/Illuminate/Foundation/Http/Kernel.php(200): Illuminate\\Routing\\Router->dispatch(Object(Illuminate\\Http\\Request))
#37 /home/mercia/PROJETS/WEB/vimaiz/vendor/laravel/framework/src/Illuminate/Pipeline/Pipeline.php(180): Illuminate\\Foundation\\Http\\Kernel->{closure:Illuminate\\Foundation\\Http\\Kernel::dispatchToRouter():197}(Object(Illuminate\\Http\\Request))
#38 /home/mercia/PROJETS/WEB/vimaiz/vendor/livewire/livewire/src/Features/SupportDisablingBackButtonCache/DisableBackButtonCacheMiddleware.php(19): Illuminate\\Pipeline\\Pipeline->{closure:Illuminate\\Pipeline\\Pipeline::prepareDestination():178}(Object(Illuminate\\Http\\Request))
#39 /home/mercia/PROJETS/WEB/vimaiz/vendor/laravel/framework/src/Illuminate/Pipeline/Pipeline.php(219): Livewire\\Features\\SupportDisablingBackButtonCache\\DisableBackButtonCacheMiddleware->handle(Object(Illuminate\\Http\\Request), Object(Closure))
#40 /home/mercia/PROJETS/WEB/vimaiz/vendor/laravel/framework/src/Illuminate/Foundation/Http/Middleware/TransformsRequest.php(21): Illuminate\\Pipeline\\Pipeline->{closure:{closure:Illuminate\\Pipeline\\Pipeline::carry():194}:195}(Object(Illuminate\\Http\\Request))
#41 /home/mercia/PROJETS/WEB/vimaiz/vendor/laravel/framework/src/Illuminate/Foundation/Http/Middleware/ConvertEmptyStringsToNull.php(31): Illuminate\\Foundation\\Http\\Middleware\\TransformsRequest->handle(Object(Illuminate\\Http\\Request), Object(Closure))
#42 /home/mercia/PROJETS/WEB/vimaiz/vendor/laravel/framework/src/Illuminate/Pipeline/Pipeline.php(219): Illuminate\\Foundation\\Http\\Middleware\\ConvertEmptyStringsToNull->handle(Object(Illuminate\\Http\\Request), Object(Closure))
#43 /home/mercia/PROJETS/WEB/vimaiz/vendor/laravel/framework/src/Illuminate/Foundation/Http/Middleware/TransformsRequest.php(21): Illuminate\\Pipeline\\Pipeline->{closure:{closure:Illuminate\\Pipeline\\Pipeline::carry():194}:195}(Object(Illuminate\\Http\\Request))
#44 /home/mercia/PROJETS/WEB/vimaiz/vendor/laravel/framework/src/Illuminate/Foundation/Http/Middleware/TrimStrings.php(51): Illuminate\\Foundation\\Http\\Middleware\\TransformsRequest->handle(Object(Illuminate\\Http\\Request), Object(Closure))
#45 /home/mercia/PROJETS/WEB/vimaiz/vendor/laravel/framework/src/Illuminate/Pipeline/Pipeline.php(219): Illuminate\\Foundation\\Http\\Middleware\\TrimStrings->handle(Object(Illuminate\\Http\\Request), Object(Closure))
#46 /home/mercia/PROJETS/WEB/vimaiz/vendor/laravel/framework/src/Illuminate/Http/Middleware/ValidatePostSize.php(27): Illuminate\\Pipeline\\Pipeline->{closure:{closure:Illuminate\\Pipeline\\Pipeline::carry():194}:195}(Object(Illuminate\\Http\\Request))
#47 /home/mercia/PROJETS/WEB/vimaiz/vendor/laravel/framework/src/Illuminate/Pipeline/Pipeline.php(219): Illuminate\\Http\\Middleware\\ValidatePostSize->handle(Object(Illuminate\\Http\\Request), Object(Closure))
#48 /home/mercia/PROJETS/WEB/vimaiz/vendor/laravel/framework/src/Illuminate/Foundation/Http/Middleware/PreventRequestsDuringMaintenance.php(109): Illuminate\\Pipeline\\Pipeline->{closure:{closure:Illuminate\\Pipeline\\Pipeline::carry():194}:195}(Object(Illuminate\\Http\\Request))
#49 /home/mercia/PROJETS/WEB/vimaiz/vendor/laravel/framework/src/Illuminate/Pipeline/Pipeline.php(219): Illuminate\\Foundation\\Http\\Middleware\\PreventRequestsDuringMaintenance->handle(Object(Illuminate\\Http\\Request), Object(Closure))
#50 /home/mercia/PROJETS/WEB/vimaiz/vendor/laravel/framework/src/Illuminate/Http/Middleware/HandleCors.php(48): Illuminate\\Pipeline\\Pipeline->{closure:{closure:Illuminate\\Pipeline\\Pipeline::carry():194}:195}(Object(Illuminate\\Http\\Request))
#51 /home/mercia/PROJETS/WEB/vimaiz/vendor/laravel/framework/src/Illuminate/Pipeline/Pipeline.php(219): Illuminate\\Http\\Middleware\\HandleCors->handle(Object(Illuminate\\Http\\Request), Object(Closure))
#52 /home/mercia/PROJETS/WEB/vimaiz/vendor/laravel/framework/src/Illuminate/Http/Middleware/TrustProxies.php(58): Illuminate\\Pipeline\\Pipeline->{closure:{closure:Illuminate\\Pipeline\\Pipeline::carry():194}:195}(Object(Illuminate\\Http\\Request))
#53 /home/mercia/PROJETS/WEB/vimaiz/vendor/laravel/framework/src/Illuminate/Pipeline/Pipeline.php(219): Illuminate\\Http\\Middleware\\TrustProxies->handle(Object(Illuminate\\Http\\Request), Object(Closure))
#54 /home/mercia/PROJETS/WEB/vimaiz/vendor/laravel/framework/src/Illuminate/Foundation/Http/Middleware/InvokeDeferredCallbacks.php(22): Illuminate\\Pipeline\\Pipeline->{closure:{closure:Illuminate\\Pipeline\\Pipeline::carry():194}:195}(Object(Illuminate\\Http\\Request))
#55 /home/mercia/PROJETS/WEB/vimaiz/vendor/laravel/framework/src/Illuminate/Pipeline/Pipeline.php(219): Illuminate\\Foundation\\Http\\Middleware\\InvokeDeferredCallbacks->handle(Object(Illuminate\\Http\\Request), Object(Closure))
#56 /home/mercia/PROJETS/WEB/vimaiz/vendor/laravel/framework/src/Illuminate/Http/Middleware/ValidatePathEncoding.php(26): Illuminate\\Pipeline\\Pipeline->{closure:{closure:Illuminate\\Pipeline\\Pipeline::carry():194}:195}(Object(Illuminate\\Http\\Request))
#57 /home/mercia/PROJETS/WEB/vimaiz/vendor/laravel/framework/src/Illuminate/Pipeline/Pipeline.php(219): Illuminate\\Http\\Middleware\\ValidatePathEncoding->handle(Object(Illuminate\\Http\\Request), Object(Closure))
#58 /home/mercia/PROJETS/WEB/vimaiz/vendor/laravel/framework/src/Illuminate/Pipeline/Pipeline.php(137): Illuminate\\Pipeline\\Pipeline->{closure:{closure:Illuminate\\Pipeline\\Pipeline::carry():194}:195}(Object(Illuminate\\Http\\Request))
#59 /home/mercia/PROJETS/WEB/vimaiz/vendor/laravel/framework/src/Illuminate/Foundation/Http/Kernel.php(175): Illuminate\\Pipeline\\Pipeline->then(Object(Closure))
#60 /home/mercia/PROJETS/WEB/vimaiz/vendor/laravel/framework/src/Illuminate/Foundation/Http/Kernel.php(144): Illuminate\\Foundation\\Http\\Kernel->sendRequestThroughRouter(Object(Illuminate\\Http\\Request))
#61 /home/mercia/PROJETS/WEB/vimaiz/vendor/laravel/framework/src/Illuminate/Foundation/Application.php(1220): Illuminate\\Foundation\\Http\\Kernel->handle(Object(Illuminate\\Http\\Request))
#62 /home/mercia/PROJETS/WEB/vimaiz/public/index.php(20): Illuminate\\Foundation\\Application->handleRequest(Object(Illuminate\\Http\\Request))
#63 /home/mercia/PROJETS/WEB/vimaiz/vendor/laravel/framework/src/Illuminate/Foundation/resources/server.php(23): require_once('/home/mercia/PR...')
#64 {main}
"} 
[2025-12-24 08:39:51] local.ERROR: View [app] not found. {"exception":"[object] (InvalidArgumentException(code: 0): View [app] not found. at /home/mercia/PROJETS/WEB/vimaiz/vendor/laravel/framework/src/Illuminate/View/FileViewFinder.php:138)
[stacktrace]
#0 /home/mercia/PROJETS/WEB/vimaiz/vendor/laravel/framework/src/Illuminate/View/FileViewFinder.php(78): Illuminate\\View\\FileViewFinder->findInPaths('app', Array)
#1 /home/mercia/PROJETS/WEB/vimaiz/vendor/laravel/framework/src/Illuminate/View/Factory.php(150): Illuminate\\View\\FileViewFinder->find('app')
#2 /home/mercia/PROJETS/WEB/vimaiz/vendor/laravel/framework/src/Illuminate/Routing/ResponseFactory.php(91): Illuminate\\View\\Factory->make('app', Array)
#3 /home/mercia/PROJETS/WEB/vimaiz/vendor/laravel/framework/src/Illuminate/Support/Facades/Facade.php(363): Illuminate\\Routing\\ResponseFactory->view('app', Array)
#4 /home/mercia/PROJETS/WEB/vimaiz/vendor/inertiajs/inertia-laravel/src/Response.php(199): Illuminate\\Support\\Facades\\Facade::__callStatic('view', Array)
#5 /home/mercia/PROJETS/WEB/vimaiz/vendor/laravel/fortify/src/Http/Responses/SimpleViewResponse.php(56): Inertia\\Response->toResponse(Object(Illuminate\\Http\\Request))
#6 /home/mercia/PROJETS/WEB/vimaiz/vendor/laravel/framework/src/Illuminate/Routing/Router.php(921): Laravel\\Fortify\\Http\\Responses\\SimpleViewResponse->toResponse(Object(Illuminate\\Http\\Request))
#7 /home/mercia/PROJETS/WEB/vimaiz/vendor/laravel/framework/src/Illuminate/Routing/Router.php(906): Illuminate\\Routing\\Router::toResponse(Object(Illuminate\\Http\\Request), Object(Laravel\\Fortify\\Http\\Responses\\SimpleViewResponse))
#8 /home/mercia/PROJETS/WEB/vimaiz/vendor/laravel/framework/src/Illuminate/Routing/Router.php(821): Illuminate\\Routing\\Router->prepareResponse(Object(Illuminate\\Http\\Request), Object(Laravel\\Fortify\\Http\\Responses\\SimpleViewResponse))
#9 /home/mercia/PROJETS/WEB/vimaiz/vendor/laravel/framework/src/Illuminate/Pipeline/Pipeline.php(180): Illuminate\\Routing\\Router->{closure:Illuminate\\Routing\\Router::runRouteWithinStack():821}(Object(Illuminate\\Http\\Request))
#10 /home/mercia/PROJETS/WEB/vimaiz/vendor/laravel/framework/src/Illuminate/Auth/Middleware/RedirectIfAuthenticated.php(35): Illuminate\\Pipeline\\Pipeline->{closure:Illuminate\\Pipeline\\Pipeline::prepareDestination():178}(Object(Illuminate\\Http\\Request))
#11 /home/mercia/PROJETS/WEB/vimaiz/vendor/laravel/framework/src/Illuminate/Pipeline/Pipeline.php(219): Illuminate\\Auth\\Middleware\\RedirectIfAuthenticated->handle(Object(Illuminate\\Http\\Request), Object(Closure), 'web')
#12 /home/mercia/PROJETS/WEB/vimaiz/vendor/laravel/framework/src/Illuminate/Http/Middleware/AddLinkHeadersForPreloadedAssets.php(32): Illuminate\\Pipeline\\Pipeline->{closure:{closure:Illuminate\\Pipeline\\Pipeline::carry():194}:195}(Object(Illuminate\\Http\\Request))
#13 /home/mercia/PROJETS/WEB/vimaiz/vendor/laravel/framework/src/Illuminate/Pipeline/Pipeline.php(219): Illuminate\\Http\\Middleware\\AddLinkHeadersForPreloadedAssets->handle(Object(Illuminate\\Http\\Request), Object(Closure))
#14 /home/mercia/PROJETS/WEB/vimaiz/vendor/inertiajs/inertia-laravel/src/Middleware.php(96): Illuminate\\Pipeline\\Pipeline->{closure:{closure:Illuminate\\Pipeline\\Pipeline::carry():194}:195}(Object(Illuminate\\Http\\Request))
#15 /home/mercia/PROJETS/WEB/vimaiz/vendor/laravel/framework/src/Illuminate/Pipeline/Pipeline.php(219): Inertia\\Middleware->handle(Object(Illuminate\\Http\\Request), Object(Closure))
#16 /home/mercia/PROJETS/WEB/vimaiz/app/Http/Middleware/HandleAppearance.php(21): Illuminate\\Pipeline\\Pipeline->{closure:{closure:Illuminate\\Pipeline\\Pipeline::carry():194}:195}(Object(Illuminate\\Http\\Request))
#17 /home/mercia/PROJETS/WEB/vimaiz/vendor/laravel/framework/src/Illuminate/Pipeline/Pipeline.php(219): App\\Http\\Middleware\\HandleAppearance->handle(Object(Illuminate\\Http\\Request), Object(Closure))
#18 /home/mercia/PROJETS/WEB/vimaiz/vendor/laravel/framework/src/Illuminate/Routing/Middleware/SubstituteBindings.php(50): Illuminate\\Pipeline\\Pipeline->{closure:{closure:Illuminate\\Pipeline\\Pipeline::carry():194}:195}(Object(Illuminate\\Http\\Request))
#19 /home/mercia/PROJETS/WEB/vimaiz/vendor/laravel/framework/src/Illuminate/Pipeline/Pipeline.php(219): Illuminate\\Routing\\Middleware\\SubstituteBindings->handle(Object(Illuminate\\Http\\Request), Object(Closure))
#20 /home/mercia/PROJETS/WEB/vimaiz/vendor/laravel/framework/src/Illuminate/Foundation/Http/Middleware/VerifyCsrfToken.php(87): Illuminate\\Pipeline\\Pipeline->{closure:{closure:Illuminate\\Pipeline\\Pipeline::carry():194}:195}(Object(Illuminate\\Http\\Request))
#21 /home/mercia/PROJETS/WEB/vimaiz/vendor/laravel/framework/src/Illuminate/Pipeline/Pipeline.php(219): Illuminate\\Foundation\\Http\\Middleware\\VerifyCsrfToken->handle(Object(Illuminate\\Http\\Request), Object(Closure))
#22 /home/mercia/PROJETS/WEB/vimaiz/vendor/laravel/framework/src/Illuminate/View/Middleware/ShareErrorsFromSession.php(48): Illuminate\\Pipeline\\Pipeline->{closure:{closure:Illuminate\\Pipeline\\Pipeline::carry():194}:195}(Object(Illuminate\\Http\\Request))
#23 /home/mercia/PROJETS/WEB/vimaiz/vendor/laravel/framework/src/Illuminate/Pipeline/Pipeline.php(219): Illuminate\\View\\Middleware\\ShareErrorsFromSession->handle(Object(Illuminate\\Http\\Request), Object(Closure))
#24 /home/mercia/PROJETS/WEB/vimaiz/vendor/laravel/framework/src/Illuminate/Session/Middleware/StartSession.php(120): Illuminate\\Pipeline\\Pipeline->{closure:{closure:Illuminate\\Pipeline\\Pipeline::carry():194}:195}(Object(Illuminate\\Http\\Request))
#25 /home/mercia/PROJETS/WEB/vimaiz/vendor/laravel/framework/src/Illuminate/Session/Middleware/StartSession.php(63): Illuminate\\Session\\Middleware\\StartSession->handleStatefulRequest(Object(Illuminate\\Http\\Request), Object(Illuminate\\Session\\Store), Object(Closure))
#26 /home/mercia/PROJETS/WEB/vimaiz/vendor/laravel/framework/src/Illuminate/Pipeline/Pipeline.php(219): Illuminate\\Session\\Middleware\\StartSession->handle(Object(Illuminate\\Http\\Request), Object(Closure))
#27 /home/mercia/PROJETS/WEB/vimaiz/vendor/laravel/framework/src/Illuminate/Cookie/Middleware/AddQueuedCookiesToResponse.php(36): Illuminate\\Pipeline\\Pipeline->{closure:{closure:Illuminate\\Pipeline\\Pipeline::carry():194}:195}(Object(Illuminate\\Http\\Request))
#28 /home/mercia/PROJETS/WEB/vimaiz/vendor/laravel/framework/src/Illuminate/Pipeline/Pipeline.php(219): Illuminate\\Cookie\\Middleware\\AddQueuedCookiesToResponse->handle(Object(Illuminate\\Http\\Request), Object(Closure))
#29 /home/mercia/PROJETS/WEB/vimaiz/vendor/laravel/framework/src/Illuminate/Cookie/Middleware/EncryptCookies.php(74): Illuminate\\Pipeline\\Pipeline->{closure:{closure:Illuminate\\Pipeline\\Pipeline::carry():194}:195}(Object(Illuminate\\Http\\Request))
#30 /home/mercia/PROJETS/WEB/vimaiz/vendor/laravel/framework/src/Illuminate/Pipeline/Pipeline.php(219): Illuminate\\Cookie\\Middleware\\EncryptCookies->handle(Object(Illuminate\\Http\\Request), Object(Closure))
#31 /home/mercia/PROJETS/WEB/vimaiz/vendor/laravel/framework/src/Illuminate/Pipeline/Pipeline.php(137): Illuminate\\Pipeline\\Pipeline->{closure:{closure:Illuminate\\Pipeline\\Pipeline::carry():194}:195}(Object(Illuminate\\Http\\Request))
#32 /home/mercia/PROJETS/WEB/vimaiz/vendor/laravel/framework/src/Illuminate/Routing/Router.php(821): Illuminate\\Pipeline\\Pipeline->then(Object(Closure))
#33 /home/mercia/PROJETS/WEB/vimaiz/vendor/laravel/framework/src/Illuminate/Routing/Router.php(800): Illuminate\\Routing\\Router->runRouteWithinStack(Object(Illuminate\\Routing\\Route), Object(Illuminate\\Http\\Request))
#34 /home/mercia/PROJETS/WEB/vimaiz/vendor/laravel/framework/src/Illuminate/Routing/Router.php(764): Illuminate\\Routing\\Router->runRoute(Object(Illuminate\\Http\\Request), Object(Illuminate\\Routing\\Route))
#35 /home/mercia/PROJETS/WEB/vimaiz/vendor/laravel/framework/src/Illuminate/Routing/Router.php(753): Illuminate\\Routing\\Router->dispatchToRoute(Object(Illuminate\\Http\\Request))
#36 /home/mercia/PROJETS/WEB/vimaiz/vendor/laravel/framework/src/Illuminate/Foundation/Http/Kernel.php(200): Illuminate\\Routing\\Router->dispatch(Object(Illuminate\\Http\\Request))
#37 /home/mercia/PROJETS/WEB/vimaiz/vendor/laravel/framework/src/Illuminate/Pipeline/Pipeline.php(180): Illuminate\\Foundation\\Http\\Kernel->{closure:Illuminate\\Foundation\\Http\\Kernel::dispatchToRouter():197}(Object(Illuminate\\Http\\Request))
#38 /home/mercia/PROJETS/WEB/vimaiz/vendor/livewire/livewire/src/Features/SupportDisablingBackButtonCache/DisableBackButtonCacheMiddleware.php(19): Illuminate\\Pipeline\\Pipeline->{closure:Illuminate\\Pipeline\\Pipeline::prepareDestination():178}(Object(Illuminate\\Http\\Request))
#39 /home/mercia/PROJETS/WEB/vimaiz/vendor/laravel/framework/src/Illuminate/Pipeline/Pipeline.php(219): Livewire\\Features\\SupportDisablingBackButtonCache\\DisableBackButtonCacheMiddleware->handle(Object(Illuminate\\Http\\Request), Object(Closure))
#40 /home/mercia/PROJETS/WEB/vimaiz/vendor/laravel/framework/src/Illuminate/Foundation/Http/Middleware/TransformsRequest.php(21): Illuminate\\Pipeline\\Pipeline->{closure:{closure:Illuminate\\Pipeline\\Pipeline::carry():194}:195}(Object(Illuminate\\Http\\Request))
#41 /home/mercia/PROJETS/WEB/vimaiz/vendor/laravel/framework/src/Illuminate/Foundation/Http/Middleware/ConvertEmptyStringsToNull.php(31): Illuminate\\Foundation\\Http\\Middleware\\TransformsRequest->handle(Object(Illuminate\\Http\\Request), Object(Closure))
#42 /home/mercia/PROJETS/WEB/vimaiz/vendor/laravel/framework/src/Illuminate/Pipeline/Pipeline.php(219): Illuminate\\Foundation\\Http\\Middleware\\ConvertEmptyStringsToNull->handle(Object(Illuminate\\Http\\Request), Object(Closure))
#43 /home/mercia/PROJETS/WEB/vimaiz/vendor/laravel/framework/src/Illuminate/Foundation/Http/Middleware/TransformsRequest.php(21): Illuminate\\Pipeline\\Pipeline->{closure:{closure:Illuminate\\Pipeline\\Pipeline::carry():194}:195}(Object(Illuminate\\Http\\Request))
#44 /home/mercia/PROJETS/WEB/vimaiz/vendor/laravel/framework/src/Illuminate/Foundation/Http/Middleware/TrimStrings.php(51): Illuminate\\Foundation\\Http\\Middleware\\TransformsRequest->handle(Object(Illuminate\\Http\\Request), Object(Closure))
#45 /home/mercia/PROJETS/WEB/vimaiz/vendor/laravel/framework/src/Illuminate/Pipeline/Pipeline.php(219): Illuminate\\Foundation\\Http\\Middleware\\TrimStrings->handle(Object(Illuminate\\Http\\Request), Object(Closure))
#46 /home/mercia/PROJETS/WEB/vimaiz/vendor/laravel/framework/src/Illuminate/Http/Middleware/ValidatePostSize.php(27): Illuminate\\Pipeline\\Pipeline->{closure:{closure:Illuminate\\Pipeline\\Pipeline::carry():194}:195}(Object(Illuminate\\Http\\Request))
#47 /home/mercia/PROJETS/WEB/vimaiz/vendor/laravel/framework/src/Illuminate/Pipeline/Pipeline.php(219): Illuminate\\Http\\Middleware\\ValidatePostSize->handle(Object(Illuminate\\Http\\Request), Object(Closure))
#48 /home/mercia/PROJETS/WEB/vimaiz/vendor/laravel/framework/src/Illuminate/Foundation/Http/Middleware/PreventRequestsDuringMaintenance.php(109): Illuminate\\Pipeline\\Pipeline->{closure:{closure:Illuminate\\Pipeline\\Pipeline::carry():194}:195}(Object(Illuminate\\Http\\Request))
#49 /home/mercia/PROJETS/WEB/vimaiz/vendor/laravel/framework/src/Illuminate/Pipeline/Pipeline.php(219): Illuminate\\Foundation\\Http\\Middleware\\PreventRequestsDuringMaintenance->handle(Object(Illuminate\\Http\\Request), Object(Closure))
#50 /home/mercia/PROJETS/WEB/vimaiz/vendor/laravel/framework/src/Illuminate/Http/Middleware/HandleCors.php(48): Illuminate\\Pipeline\\Pipeline->{closure:{closure:Illuminate\\Pipeline\\Pipeline::carry():194}:195}(Object(Illuminate\\Http\\Request))
#51 /home/mercia/PROJETS/WEB/vimaiz/vendor/laravel/framework/src/Illuminate/Pipeline/Pipeline.php(219): Illuminate\\Http\\Middleware\\HandleCors->handle(Object(Illuminate\\Http\\Request), Object(Closure))
#52 /home/mercia/PROJETS/WEB/vimaiz/vendor/laravel/framework/src/Illuminate/Http/Middleware/TrustProxies.php(58): Illuminate\\Pipeline\\Pipeline->{closure:{closure:Illuminate\\Pipeline\\Pipeline::carry():194}:195}(Object(Illuminate\\Http\\Request))
#53 /home/mercia/PROJETS/WEB/vimaiz/vendor/laravel/framework/src/Illuminate/Pipeline/Pipeline.php(219): Illuminate\\Http\\Middleware\\TrustProxies->handle(Object(Illuminate\\Http\\Request), Object(Closure))
#54 /home/mercia/PROJETS/WEB/vimaiz/vendor/laravel/framework/src/Illuminate/Foundation/Http/Middleware/InvokeDeferredCallbacks.php(22): Illuminate\\Pipeline\\Pipeline->{closure:{closure:Illuminate\\Pipeline\\Pipeline::carry():194}:195}(Object(Illuminate\\Http\\Request))
#55 /home/mercia/PROJETS/WEB/vimaiz/vendor/laravel/framework/src/Illuminate/Pipeline/Pipeline.php(219): Illuminate\\Foundation\\Http\\Middleware\\InvokeDeferredCallbacks->handle(Object(Illuminate\\Http\\Request), Object(Closure))
#56 /home/mercia/PROJETS/WEB/vimaiz/vendor/laravel/framework/src/Illuminate/Http/Middleware/ValidatePathEncoding.php(26): Illuminate\\Pipeline\\Pipeline->{closure:{closure:Illuminate\\Pipeline\\Pipeline::carry():194}:195}(Object(Illuminate\\Http\\Request))
#57 /home/mercia/PROJETS/WEB/vimaiz/vendor/laravel/framework/src/Illuminate/Pipeline/Pipeline.php(219): Illuminate\\Http\\Middleware\\ValidatePathEncoding->handle(Object(Illuminate\\Http\\Request), Object(Closure))
#58 /home/mercia/PROJETS/WEB/vimaiz/vendor/laravel/framework/src/Illuminate/Pipeline/Pipeline.php(137): Illuminate\\Pipeline\\Pipeline->{closure:{closure:Illuminate\\Pipeline\\Pipeline::carry():194}:195}(Object(Illuminate\\Http\\Request))
#59 /home/mercia/PROJETS/WEB/vimaiz/vendor/laravel/framework/src/Illuminate/Foundation/Http/Kernel.php(175): Illuminate\\Pipeline\\Pipeline->then(Object(Closure))
#60 /home/mercia/PROJETS/WEB/vimaiz/vendor/laravel/framework/src/Illuminate/Foundation/Http/Kernel.php(144): Illuminate\\Foundation\\Http\\Kernel->sendRequestThroughRouter(Object(Illuminate\\Http\\Request))
#61 /home/mercia/PROJETS/WEB/vimaiz/vendor/laravel/framework/src/Illuminate/Foundation/Application.php(1220): Illuminate\\Foundation\\Http\\Kernel->handle(Object(Illuminate\\Http\\Request))
#62 /home/mercia/PROJETS/WEB/vimaiz/public/index.php(20): Illuminate\\Foundation\\Application->handleRequest(Object(Illuminate\\Http\\Request))
#63 /home/mercia/PROJETS/WEB/vimaiz/vendor/laravel/framework/src/Illuminate/Foundation/resources/server.php(23): require_once('/home/mercia/PR...')
#64 {main}
"} 
[2025-12-24 08:55:10] local.ERROR: file_put_contents(/home/mercia/PROJETS/WEB/vimaiz/resources/js/actions/App/Http/Controllers/BookingController.ts): Failed to open stream: No such file or directory {"exception":"[object] (ErrorException(code: 0): file_put_contents(/home/mercia/PROJETS/WEB/vimaiz/resources/js/actions/App/Http/Controllers/BookingController.ts): Failed to open stream: No such file or directory at /home/mercia/PROJETS/WEB/vimaiz/vendor/laravel/framework/src/Illuminate/Filesystem/Filesystem.php:204)
[stacktrace]
#0 /home/mercia/PROJETS/WEB/vimaiz/vendor/laravel/framework/src/Illuminate/Foundation/Bootstrap/HandleExceptions.php(258): Illuminate\\Foundation\\Bootstrap\\HandleExceptions->handleError(2, 'file_put_conten...', '/home/mercia/PR...', 204)
#1 [internal function]: Illuminate\\Foundation\\Bootstrap\\HandleExceptions->{closure:Illuminate\\Foundation\\Bootstrap\\HandleExceptions::forwardsTo():257}(2, 'file_put_conten...', '/home/mercia/PR...', 204)
#2 /home/mercia/PROJETS/WEB/vimaiz/vendor/laravel/framework/src/Illuminate/Filesystem/Filesystem.php(204): file_put_contents('/home/mercia/PR...', '/**\\n* @see \\\\App...', 0)
#3 /home/mercia/PROJETS/WEB/vimaiz/vendor/laravel/wayfinder/src/GenerateCommand.php(128): Illuminate\\Filesystem\\Filesystem->put('/home/mercia/PR...', '/**\\n* @see \\\\App...')
#4 /home/mercia/PROJETS/WEB/vimaiz/vendor/laravel/wayfinder/src/GenerateCommand.php(82): Laravel\\Wayfinder\\GenerateCommand->writeContent()
#5 /home/mercia/PROJETS/WEB/vimaiz/vendor/laravel/framework/src/Illuminate/Container/BoundMethod.php(36): Laravel\\Wayfinder\\GenerateCommand->handle()
#6 /home/mercia/PROJETS/WEB/vimaiz/vendor/laravel/framework/src/Illuminate/Container/Util.php(43): Illuminate\\Container\\BoundMethod::{closure:Illuminate\\Container\\BoundMethod::call():35}()
#7 /home/mercia/PROJETS/WEB/vimaiz/vendor/laravel/framework/src/Illuminate/Container/BoundMethod.php(96): Illuminate\\Container\\Util::unwrapIfClosure(Object(Closure))
#8 /home/mercia/PROJETS/WEB/vimaiz/vendor/laravel/framework/src/Illuminate/Container/BoundMethod.php(35): Illuminate\\Container\\BoundMethod::callBoundMethod(Object(Illuminate\\Foundation\\Application), Array, Object(Closure))
#9 /home/mercia/PROJETS/WEB/vimaiz/vendor/laravel/framework/src/Illuminate/Container/Container.php(836): Illuminate\\Container\\BoundMethod::call(Object(Illuminate\\Foundation\\Application), Array, Array, NULL)
#10 /home/mercia/PROJETS/WEB/vimaiz/vendor/laravel/framework/src/Illuminate/Console/Command.php(211): Illuminate\\Container\\Container->call(Array)
#11 /home/mercia/PROJETS/WEB/vimaiz/vendor/symfony/console/Command/Command.php(318): Illuminate\\Console\\Command->execute(Object(Symfony\\Component\\Console\\Input\\ArgvInput), Object(Illuminate\\Console\\OutputStyle))
#12 /home/mercia/PROJETS/WEB/vimaiz/vendor/laravel/framework/src/Illuminate/Console/Command.php(180): Symfony\\Component\\Console\\Command\\Command->run(Object(Symfony\\Component\\Console\\Input\\ArgvInput), Object(Illuminate\\Console\\OutputStyle))
#13 /home/mercia/PROJETS/WEB/vimaiz/vendor/symfony/console/Application.php(1073): Illuminate\\Console\\Command->run(Object(Symfony\\Component\\Console\\Input\\ArgvInput), Object(Symfony\\Component\\Console\\Output\\ConsoleOutput))
#14 /home/mercia/PROJETS/WEB/vimaiz/vendor/symfony/console/Application.php(356): Symfony\\Component\\Console\\Application->doRunCommand(Object(Laravel\\Wayfinder\\GenerateCommand), Object(Symfony\\Component\\Console\\Input\\ArgvInput), Object(Symfony\\Component\\Console\\Output\\ConsoleOutput))
#15 /home/mercia/PROJETS/WEB/vimaiz/vendor/symfony/console/Application.php(195): Symfony\\Component\\Console\\Application->doRun(Object(Symfony\\Component\\Console\\Input\\ArgvInput), Object(Symfony\\Component\\Console\\Output\\ConsoleOutput))
#16 /home/mercia/PROJETS/WEB/vimaiz/vendor/laravel/framework/src/Illuminate/Foundation/Console/Kernel.php(197): Symfony\\Component\\Console\\Application->run(Object(Symfony\\Component\\Console\\Input\\ArgvInput), Object(Symfony\\Component\\Console\\Output\\ConsoleOutput))
#17 /home/mercia/PROJETS/WEB/vimaiz/vendor/laravel/framework/src/Illuminate/Foundation/Application.php(1235): Illuminate\\Foundation\\Console\\Kernel->handle(Object(Symfony\\Component\\Console\\Input\\ArgvInput), Object(Symfony\\Component\\Console\\Output\\ConsoleOutput))
#18 /home/mercia/PROJETS/WEB/vimaiz/artisan(16): Illuminate\\Foundation\\Application->handleCommand(Object(Symfony\\Component\\Console\\Input\\ArgvInput))
#19 {main}
"} 
[2025-12-24 09:28:11] local.ERROR: str_repeat(): Argument #2 ($times) must be greater than or equal to 0 {"exception":"[object] (ValueError(code: 0): str_repeat(): Argument #2 ($times) must be greater than or equal to 0 at /home/mercia/PROJETS/WEB/vimaiz/vendor/laravel/framework/src/Illuminate/Foundation/Console/RouteListCommand.php:463)
[stacktrace]
#0 /home/mercia/PROJETS/WEB/vimaiz/vendor/laravel/framework/src/Illuminate/Foundation/Console/RouteListCommand.php(463): str_repeat(' ', -2)
#1 /home/mercia/PROJETS/WEB/vimaiz/vendor/laravel/framework/src/Illuminate/Foundation/Console/RouteListCommand.php(367): Illuminate\\Foundation\\Console\\RouteListCommand->determineRouteCountOutput(Object(Illuminate\\Support\\Collection), 20)
#2 /home/mercia/PROJETS/WEB/vimaiz/vendor/laravel/framework/src/Illuminate/Foundation/Console/RouteListCommand.php(199): Illuminate\\Foundation\\Console\\RouteListCommand->forCli(Object(Illuminate\\Support\\Collection))
#3 /home/mercia/PROJETS/WEB/vimaiz/vendor/laravel/framework/src/Illuminate/Foundation/Console/RouteListCommand.php(106): Illuminate\\Foundation\\Console\\RouteListCommand->displayRoutes(Object(Illuminate\\Support\\Collection))
#4 /home/mercia/PROJETS/WEB/vimaiz/vendor/laravel/framework/src/Illuminate/Container/BoundMethod.php(36): Illuminate\\Foundation\\Console\\RouteListCommand->handle()
#5 /home/mercia/PROJETS/WEB/vimaiz/vendor/laravel/framework/src/Illuminate/Container/Util.php(43): Illuminate\\Container\\BoundMethod::{closure:Illuminate\\Container\\BoundMethod::call():35}()
#6 /home/mercia/PROJETS/WEB/vimaiz/vendor/laravel/framework/src/Illuminate/Container/BoundMethod.php(96): Illuminate\\Container\\Util::unwrapIfClosure(Object(Closure))
#7 /home/mercia/PROJETS/WEB/vimaiz/vendor/laravel/framework/src/Illuminate/Container/BoundMethod.php(35): Illuminate\\Container\\BoundMethod::callBoundMethod(Object(Illuminate\\Foundation\\Application), Array, Object(Closure))
#8 /home/mercia/PROJETS/WEB/vimaiz/vendor/laravel/framework/src/Illuminate/Container/Container.php(836): Illuminate\\Container\\BoundMethod::call(Object(Illuminate\\Foundation\\Application), Array, Array, NULL)
#9 /home/mercia/PROJETS/WEB/vimaiz/vendor/laravel/framework/src/Illuminate/Console/Command.php(211): Illuminate\\Container\\Container->call(Array)
#10 /home/mercia/PROJETS/WEB/vimaiz/vendor/symfony/console/Command/Command.php(318): Illuminate\\Console\\Command->execute(Object(Symfony\\Component\\Console\\Input\\ArgvInput), Object(Illuminate\\Console\\OutputStyle))
#11 /home/mercia/PROJETS/WEB/vimaiz/vendor/laravel/framework/src/Illuminate/Console/Command.php(180): Symfony\\Component\\Console\\Command\\Command->run(Object(Symfony\\Component\\Console\\Input\\ArgvInput), Object(Illuminate\\Console\\OutputStyle))
#12 /home/mercia/PROJETS/WEB/vimaiz/vendor/symfony/console/Application.php(1073): Illuminate\\Console\\Command->run(Object(Symfony\\Component\\Console\\Input\\ArgvInput), Object(Symfony\\Component\\Console\\Output\\ConsoleOutput))
#13 /home/mercia/PROJETS/WEB/vimaiz/vendor/symfony/console/Application.php(356): Symfony\\Component\\Console\\Application->doRunCommand(Object(Illuminate\\Foundation\\Console\\RouteListCommand), Object(Symfony\\Component\\Console\\Input\\ArgvInput), Object(Symfony\\Component\\Console\\Output\\ConsoleOutput))
#14 /home/mercia/PROJETS/WEB/vimaiz/vendor/symfony/console/Application.php(195): Symfony\\Component\\Console\\Application->doRun(Object(Symfony\\Component\\Console\\Input\\ArgvInput), Object(Symfony\\Component\\Console\\Output\\ConsoleOutput))
#15 /home/mercia/PROJETS/WEB/vimaiz/vendor/laravel/framework/src/Illuminate/Foundation/Console/Kernel.php(197): Symfony\\Component\\Console\\Application->run(Object(Symfony\\Component\\Console\\Input\\ArgvInput), Object(Symfony\\Component\\Console\\Output\\ConsoleOutput))
#16 /home/mercia/PROJETS/WEB/vimaiz/vendor/laravel/framework/src/Illuminate/Foundation/Application.php(1235): Illuminate\\Foundation\\Console\\Kernel->handle(Object(Symfony\\Component\\Console\\Input\\ArgvInput), Object(Symfony\\Component\\Console\\Output\\ConsoleOutput))
#17 /home/mercia/PROJETS/WEB/vimaiz/artisan(16): Illuminate\\Foundation\\Application->handleCommand(Object(Symfony\\Component\\Console\\Input\\ArgvInput))
#18 {main}
"} 
[2025-12-24 09:28:37] local.ERROR: str_repeat(): Argument #2 ($times) must be greater than or equal to 0 {"exception":"[object] (ValueError(code: 0): str_repeat(): Argument #2 ($times) must be greater than or equal to 0 at /home/mercia/PROJETS/WEB/vimaiz/vendor/laravel/framework/src/Illuminate/Foundation/Console/RouteListCommand.php:463)
[stacktrace]
#0 /home/mercia/PROJETS/WEB/vimaiz/vendor/laravel/framework/src/Illuminate/Foundation/Console/RouteListCommand.php(463): str_repeat(' ', -2)
#1 /home/mercia/PROJETS/WEB/vimaiz/vendor/laravel/framework/src/Illuminate/Foundation/Console/RouteListCommand.php(367): Illuminate\\Foundation\\Console\\RouteListCommand->determineRouteCountOutput(Object(Illuminate\\Support\\Collection), 20)
#2 /home/mercia/PROJETS/WEB/vimaiz/vendor/laravel/framework/src/Illuminate/Foundation/Console/RouteListCommand.php(199): Illuminate\\Foundation\\Console\\RouteListCommand->forCli(Object(Illuminate\\Support\\Collection))
#3 /home/mercia/PROJETS/WEB/vimaiz/vendor/laravel/framework/src/Illuminate/Foundation/Console/RouteListCommand.php(106): Illuminate\\Foundation\\Console\\RouteListCommand->displayRoutes(Object(Illuminate\\Support\\Collection))
#4 /home/mercia/PROJETS/WEB/vimaiz/vendor/laravel/framework/src/Illuminate/Container/BoundMethod.php(36): Illuminate\\Foundation\\Console\\RouteListCommand->handle()
#5 /home/mercia/PROJETS/WEB/vimaiz/vendor/laravel/framework/src/Illuminate/Container/Util.php(43): Illuminate\\Container\\BoundMethod::{closure:Illuminate\\Container\\BoundMethod::call():35}()
#6 /home/mercia/PROJETS/WEB/vimaiz/vendor/laravel/framework/src/Illuminate/Container/BoundMethod.php(96): Illuminate\\Container\\Util::unwrapIfClosure(Object(Closure))
#7 /home/mercia/PROJETS/WEB/vimaiz/vendor/laravel/framework/src/Illuminate/Container/BoundMethod.php(35): Illuminate\\Container\\BoundMethod::callBoundMethod(Object(Illuminate\\Foundation\\Application), Array, Object(Closure))
#8 /home/mercia/PROJETS/WEB/vimaiz/vendor/laravel/framework/src/Illuminate/Container/Container.php(836): Illuminate\\Container\\BoundMethod::call(Object(Illuminate\\Foundation\\Application), Array, Array, NULL)
#9 /home/mercia/PROJETS/WEB/vimaiz/vendor/laravel/framework/src/Illuminate/Console/Command.php(211): Illuminate\\Container\\Container->call(Array)
#10 /home/mercia/PROJETS/WEB/vimaiz/vendor/symfony/console/Command/Command.php(318): Illuminate\\Console\\Command->execute(Object(Symfony\\Component\\Console\\Input\\ArgvInput), Object(Illuminate\\Console\\OutputStyle))
#11 /home/mercia/PROJETS/WEB/vimaiz/vendor/laravel/framework/src/Illuminate/Console/Command.php(180): Symfony\\Component\\Console\\Command\\Command->run(Object(Symfony\\Component\\Console\\Input\\ArgvInput), Object(Illuminate\\Console\\OutputStyle))
#12 /home/mercia/PROJETS/WEB/vimaiz/vendor/symfony/console/Application.php(1073): Illuminate\\Console\\Command->run(Object(Symfony\\Component\\Console\\Input\\ArgvInput), Object(Symfony\\Component\\Console\\Output\\ConsoleOutput))
#13 /home/mercia/PROJETS/WEB/vimaiz/vendor/symfony/console/Application.php(356): Symfony\\Component\\Console\\Application->doRunCommand(Object(Illuminate\\Foundation\\Console\\RouteListCommand), Object(Symfony\\Component\\Console\\Input\\ArgvInput), Object(Symfony\\Component\\Console\\Output\\ConsoleOutput))
#14 /home/mercia/PROJETS/WEB/vimaiz/vendor/symfony/console/Application.php(195): Symfony\\Component\\Console\\Application->doRun(Object(Symfony\\Component\\Console\\Input\\ArgvInput), Object(Symfony\\Component\\Console\\Output\\ConsoleOutput))
#15 /home/mercia/PROJETS/WEB/vimaiz/vendor/laravel/framework/src/Illuminate/Foundation/Console/Kernel.php(197): Symfony\\Component\\Console\\Application->run(Object(Symfony\\Component\\Console\\Input\\ArgvInput), Object(Symfony\\Component\\Console\\Output\\ConsoleOutput))
#16 /home/mercia/PROJETS/WEB/vimaiz/vendor/laravel/framework/src/Illuminate/Foundation/Application.php(1235): Illuminate\\Foundation\\Console\\Kernel->handle(Object(Symfony\\Component\\Console\\Input\\ArgvInput), Object(Symfony\\Component\\Console\\Output\\ConsoleOutput))
#17 /home/mercia/PROJETS/WEB/vimaiz/artisan(16): Illuminate\\Foundation\\Application->handleCommand(Object(Symfony\\Component\\Console\\Input\\ArgvInput))
#18 {main}
"} 
[2025-12-24 10:30:03] local.ERROR: Vite manifest not found at: /home/mercia/PROJETS/WEB/vimaiz/public/build/manifest.json (View: /home/mercia/PROJETS/WEB/vimaiz/resources/views/app.blade.php) {"exception":"[object] (Illuminate\\View\\ViewException(code: 0): Vite manifest not found at: /home/mercia/PROJETS/WEB/vimaiz/public/build/manifest.json (View: /home/mercia/PROJETS/WEB/vimaiz/resources/views/app.blade.php) at /home/mercia/PROJETS/WEB/vimaiz/vendor/laravel/framework/src/Illuminate/Foundation/Vite.php:946)
[stacktrace]
#0 /home/mercia/PROJETS/WEB/vimaiz/vendor/livewire/livewire/src/Mechanisms/ExtendBlade/ExtendedCompilerEngine.php(58): Illuminate\\View\\Engines\\CompilerEngine->handleViewException(Object(Illuminate\\Foundation\\ViteManifestNotFoundException), 0)
#1 /home/mercia/PROJETS/WEB/vimaiz/vendor/laravel/framework/src/Illuminate/View/Engines/PhpEngine.php(59): Livewire\\Mechanisms\\ExtendBlade\\ExtendedCompilerEngine->handleViewException(Object(Illuminate\\Foundation\\ViteManifestNotFoundException), 0)
#2 /home/mercia/PROJETS/WEB/vimaiz/vendor/livewire/livewire/src/Mechanisms/ExtendBlade/ExtendedCompilerEngine.php(22): Illuminate\\View\\Engines\\PhpEngine->evaluatePath('/home/mercia/PR...', Array)
#3 /home/mercia/PROJETS/WEB/vimaiz/vendor/laravel/framework/src/Illuminate/View/Engines/CompilerEngine.php(76): Livewire\\Mechanisms\\ExtendBlade\\ExtendedCompilerEngine->evaluatePath('/home/mercia/PR...', Array)
#4 /home/mercia/PROJETS/WEB/vimaiz/vendor/livewire/livewire/src/Mechanisms/ExtendBlade/ExtendedCompilerEngine.php(10): Illuminate\\View\\Engines\\CompilerEngine->get('/home/mercia/PR...', Array)
#5 /home/mercia/PROJETS/WEB/vimaiz/vendor/laravel/framework/src/Illuminate/View/View.php(208): Livewire\\Mechanisms\\ExtendBlade\\ExtendedCompilerEngine->get('/home/mercia/PR...', Array)
#6 /home/mercia/PROJETS/WEB/vimaiz/vendor/laravel/framework/src/Illuminate/View/View.php(191): Illuminate\\View\\View->getContents()
#7 /home/mercia/PROJETS/WEB/vimaiz/vendor/laravel/framework/src/Illuminate/View/View.php(160): Illuminate\\View\\View->renderContents()
#8 /home/mercia/PROJETS/WEB/vimaiz/vendor/laravel/framework/src/Illuminate/Http/Response.php(78): Illuminate\\View\\View->render()
#9 /home/mercia/PROJETS/WEB/vimaiz/vendor/laravel/framework/src/Illuminate/Http/Response.php(34): Illuminate\\Http\\Response->setContent(Object(Illuminate\\View\\View))
#10 /home/mercia/PROJETS/WEB/vimaiz/vendor/laravel/framework/src/Illuminate/Routing/ResponseFactory.php(61): Illuminate\\Http\\Response->__construct(Object(Illuminate\\View\\View), 200, Array)
#11 /home/mercia/PROJETS/WEB/vimaiz/vendor/laravel/framework/src/Illuminate/Routing/ResponseFactory.php(91): Illuminate\\Routing\\ResponseFactory->make(Object(Illuminate\\View\\View), 200, Array)
#12 /home/mercia/PROJETS/WEB/vimaiz/vendor/laravel/framework/src/Illuminate/Support/Facades/Facade.php(363): Illuminate\\Routing\\ResponseFactory->view('app', Array)
#13 /home/mercia/PROJETS/WEB/vimaiz/vendor/inertiajs/inertia-laravel/src/Response.php(199): Illuminate\\Support\\Facades\\Facade::__callStatic('view', Array)
#14 /home/mercia/PROJETS/WEB/vimaiz/vendor/laravel/fortify/src/Http/Responses/SimpleViewResponse.php(56): Inertia\\Response->toResponse(Object(Illuminate\\Http\\Request))
#15 /home/mercia/PROJETS/WEB/vimaiz/vendor/laravel/framework/src/Illuminate/Routing/Router.php(921): Laravel\\Fortify\\Http\\Responses\\SimpleViewResponse->toResponse(Object(Illuminate\\Http\\Request))
#16 /home/mercia/PROJETS/WEB/vimaiz/vendor/laravel/framework/src/Illuminate/Routing/Router.php(906): Illuminate\\Routing\\Router::toResponse(Object(Illuminate\\Http\\Request), Object(Laravel\\Fortify\\Http\\Responses\\SimpleViewResponse))
#17 /home/mercia/PROJETS/WEB/vimaiz/vendor/laravel/framework/src/Illuminate/Routing/Router.php(821): Illuminate\\Routing\\Router->prepareResponse(Object(Illuminate\\Http\\Request), Object(Laravel\\Fortify\\Http\\Responses\\SimpleViewResponse))
#18 /home/mercia/PROJETS/WEB/vimaiz/vendor/laravel/framework/src/Illuminate/Pipeline/Pipeline.php(180): Illuminate\\Routing\\Router->{closure:Illuminate\\Routing\\Router::runRouteWithinStack():821}(Object(Illuminate\\Http\\Request))
#19 /home/mercia/PROJETS/WEB/vimaiz/vendor/laravel/framework/src/Illuminate/Auth/Middleware/RedirectIfAuthenticated.php(35): Illuminate\\Pipeline\\Pipeline->{closure:Illuminate\\Pipeline\\Pipeline::prepareDestination():178}(Object(Illuminate\\Http\\Request))
#20 /home/mercia/PROJETS/WEB/vimaiz/vendor/laravel/framework/src/Illuminate/Pipeline/Pipeline.php(219): Illuminate\\Auth\\Middleware\\RedirectIfAuthenticated->handle(Object(Illuminate\\Http\\Request), Object(Closure), 'web')
#21 /home/mercia/PROJETS/WEB/vimaiz/vendor/laravel/framework/src/Illuminate/Http/Middleware/AddLinkHeadersForPreloadedAssets.php(32): Illuminate\\Pipeline\\Pipeline->{closure:{closure:Illuminate\\Pipeline\\Pipeline::carry():194}:195}(Object(Illuminate\\Http\\Request))
#22 /home/mercia/PROJETS/WEB/vimaiz/vendor/laravel/framework/src/Illuminate/Pipeline/Pipeline.php(219): Illuminate\\Http\\Middleware\\AddLinkHeadersForPreloadedAssets->handle(Object(Illuminate\\Http\\Request), Object(Closure))
#23 /home/mercia/PROJETS/WEB/vimaiz/vendor/inertiajs/inertia-laravel/src/Middleware.php(96): Illuminate\\Pipeline\\Pipeline->{closure:{closure:Illuminate\\Pipeline\\Pipeline::carry():194}:195}(Object(Illuminate\\Http\\Request))
#24 /home/mercia/PROJETS/WEB/vimaiz/vendor/laravel/framework/src/Illuminate/Pipeline/Pipeline.php(219): Inertia\\Middleware->handle(Object(Illuminate\\Http\\Request), Object(Closure))
#25 /home/mercia/PROJETS/WEB/vimaiz/app/Http/Middleware/HandleAppearance.php(21): Illuminate\\Pipeline\\Pipeline->{closure:{closure:Illuminate\\Pipeline\\Pipeline::carry():194}:195}(Object(Illuminate\\Http\\Request))
#26 /home/mercia/PROJETS/WEB/vimaiz/vendor/laravel/framework/src/Illuminate/Pipeline/Pipeline.php(219): App\\Http\\Middleware\\HandleAppearance->handle(Object(Illuminate\\Http\\Request), Object(Closure))
#27 /home/mercia/PROJETS/WEB/vimaiz/vendor/laravel/framework/src/Illuminate/Routing/Middleware/SubstituteBindings.php(50): Illuminate\\Pipeline\\Pipeline->{closure:{closure:Illuminate\\Pipeline\\Pipeline::carry():194}:195}(Object(Illuminate\\Http\\Request))
#28 /home/mercia/PROJETS/WEB/vimaiz/vendor/laravel/framework/src/Illuminate/Pipeline/Pipeline.php(219): Illuminate\\Routing\\Middleware\\SubstituteBindings->handle(Object(Illuminate\\Http\\Request), Object(Closure))
#29 /home/mercia/PROJETS/WEB/vimaiz/vendor/laravel/framework/src/Illuminate/Foundation/Http/Middleware/VerifyCsrfToken.php(87): Illuminate\\Pipeline\\Pipeline->{closure:{closure:Illuminate\\Pipeline\\Pipeline::carry():194}:195}(Object(Illuminate\\Http\\Request))
#30 /home/mercia/PROJETS/WEB/vimaiz/vendor/laravel/framework/src/Illuminate/Pipeline/Pipeline.php(219): Illuminate\\Foundation\\Http\\Middleware\\VerifyCsrfToken->handle(Object(Illuminate\\Http\\Request), Object(Closure))
#31 /home/mercia/PROJETS/WEB/vimaiz/vendor/laravel/framework/src/Illuminate/View/Middleware/ShareErrorsFromSession.php(48): Illuminate\\Pipeline\\Pipeline->{closure:{closure:Illuminate\\Pipeline\\Pipeline::carry():194}:195}(Object(Illuminate\\Http\\Request))
#32 /home/mercia/PROJETS/WEB/vimaiz/vendor/laravel/framework/src/Illuminate/Pipeline/Pipeline.php(219): Illuminate\\View\\Middleware\\ShareErrorsFromSession->handle(Object(Illuminate\\Http\\Request), Object(Closure))
#33 /home/mercia/PROJETS/WEB/vimaiz/vendor/laravel/framework/src/Illuminate/Session/Middleware/StartSession.php(120): Illuminate\\Pipeline\\Pipeline->{closure:{closure:Illuminate\\Pipeline\\Pipeline::carry():194}:195}(Object(Illuminate\\Http\\Request))
#34 /home/mercia/PROJETS/WEB/vimaiz/vendor/laravel/framework/src/Illuminate/Session/Middleware/StartSession.php(63): Illuminate\\Session\\Middleware\\StartSession->handleStatefulRequest(Object(Illuminate\\Http\\Request), Object(Illuminate\\Session\\Store), Object(Closure))
#35 /home/mercia/PROJETS/WEB/vimaiz/vendor/laravel/framework/src/Illuminate/Pipeline/Pipeline.php(219): Illuminate\\Session\\Middleware\\StartSession->handle(Object(Illuminate\\Http\\Request), Object(Closure))
#36 /home/mercia/PROJETS/WEB/vimaiz/vendor/laravel/framework/src/Illuminate/Cookie/Middleware/AddQueuedCookiesToResponse.php(36): Illuminate\\Pipeline\\Pipeline->{closure:{closure:Illuminate\\Pipeline\\Pipeline::carry():194}:195}(Object(Illuminate\\Http\\Request))
#37 /home/mercia/PROJETS/WEB/vimaiz/vendor/laravel/framework/src/Illuminate/Pipeline/Pipeline.php(219): Illuminate\\Cookie\\Middleware\\AddQueuedCookiesToResponse->handle(Object(Illuminate\\Http\\Request), Object(Closure))
#38 /home/mercia/PROJETS/WEB/vimaiz/vendor/laravel/framework/src/Illuminate/Cookie/Middleware/EncryptCookies.php(74): Illuminate\\Pipeline\\Pipeline->{closure:{closure:Illuminate\\Pipeline\\Pipeline::carry():194}:195}(Object(Illuminate\\Http\\Request))
#39 /home/mercia/PROJETS/WEB/vimaiz/vendor/laravel/framework/src/Illuminate/Pipeline/Pipeline.php(219): Illuminate\\Cookie\\Middleware\\EncryptCookies->handle(Object(Illuminate\\Http\\Request), Object(Closure))
#40 /home/mercia/PROJETS/WEB/vimaiz/vendor/laravel/framework/src/Illuminate/Pipeline/Pipeline.php(137): Illuminate\\Pipeline\\Pipeline->{closure:{closure:Illuminate\\Pipeline\\Pipeline::carry():194}:195}(Object(Illuminate\\Http\\Request))
#41 /home/mercia/PROJETS/WEB/vimaiz/vendor/laravel/framework/src/Illuminate/Routing/Router.php(821): Illuminate\\Pipeline\\Pipeline->then(Object(Closure))
#42 /home/mercia/PROJETS/WEB/vimaiz/vendor/laravel/framework/src/Illuminate/Routing/Router.php(800): Illuminate\\Routing\\Router->runRouteWithinStack(Object(Illuminate\\Routing\\Route), Object(Illuminate\\Http\\Request))
#43 /home/mercia/PROJETS/WEB/vimaiz/vendor/laravel/framework/src/Illuminate/Routing/Router.php(764): Illuminate\\Routing\\Router->runRoute(Object(Illuminate\\Http\\Request), Object(Illuminate\\Routing\\Route))
#44 /home/mercia/PROJETS/WEB/vimaiz/vendor/laravel/framework/src/Illuminate/Routing/Router.php(753): Illuminate\\Routing\\Router->dispatchToRoute(Object(Illuminate\\Http\\Request))
#45 /home/mercia/PROJETS/WEB/vimaiz/vendor/laravel/framework/src/Illuminate/Foundation/Http/Kernel.php(200): Illuminate\\Routing\\Router->dispatch(Object(Illuminate\\Http\\Request))
#46 /home/mercia/PROJETS/WEB/vimaiz/vendor/laravel/framework/src/Illuminate/Pipeline/Pipeline.php(180): Illuminate\\Foundation\\Http\\Kernel->{closure:Illuminate\\Foundation\\Http\\Kernel::dispatchToRouter():197}(Object(Illuminate\\Http\\Request))
#47 /home/mercia/PROJETS/WEB/vimaiz/vendor/livewire/livewire/src/Features/SupportDisablingBackButtonCache/DisableBackButtonCacheMiddleware.php(19): Illuminate\\Pipeline\\Pipeline->{closure:Illuminate\\Pipeline\\Pipeline::prepareDestination():178}(Object(Illuminate\\Http\\Request))
#48 /home/mercia/PROJETS/WEB/vimaiz/vendor/laravel/framework/src/Illuminate/Pipeline/Pipeline.php(219): Livewire\\Features\\SupportDisablingBackButtonCache\\DisableBackButtonCacheMiddleware->handle(Object(Illuminate\\Http\\Request), Object(Closure))
#49 /home/mercia/PROJETS/WEB/vimaiz/vendor/laravel/framework/src/Illuminate/Foundation/Http/Middleware/TransformsRequest.php(21): Illuminate\\Pipeline\\Pipeline->{closure:{closure:Illuminate\\Pipeline\\Pipeline::carry():194}:195}(Object(Illuminate\\Http\\Request))
#50 /home/mercia/PROJETS/WEB/vimaiz/vendor/laravel/framework/src/Illuminate/Foundation/Http/Middleware/ConvertEmptyStringsToNull.php(31): Illuminate\\Foundation\\Http\\Middleware\\TransformsRequest->handle(Object(Illuminate\\Http\\Request), Object(Closure))
#51 /home/mercia/PROJETS/WEB/vimaiz/vendor/laravel/framework/src/Illuminate/Pipeline/Pipeline.php(219): Illuminate\\Foundation\\Http\\Middleware\\ConvertEmptyStringsToNull->handle(Object(Illuminate\\Http\\Request), Object(Closure))
#52 /home/mercia/PROJETS/WEB/vimaiz/vendor/laravel/framework/src/Illuminate/Foundation/Http/Middleware/TransformsRequest.php(21): Illuminate\\Pipeline\\Pipeline->{closure:{closure:Illuminate\\Pipeline\\Pipeline::carry():194}:195}(Object(Illuminate\\Http\\Request))
#53 /home/mercia/PROJETS/WEB/vimaiz/vendor/laravel/framework/src/Illuminate/Foundation/Http/Middleware/TrimStrings.php(51): Illuminate\\Foundation\\Http\\Middleware\\TransformsRequest->handle(Object(Illuminate\\Http\\Request), Object(Closure))
#54 /home/mercia/PROJETS/WEB/vimaiz/vendor/laravel/framework/src/Illuminate/Pipeline/Pipeline.php(219): Illuminate\\Foundation\\Http\\Middleware\\TrimStrings->handle(Object(Illuminate\\Http\\Request), Object(Closure))
#55 /home/mercia/PROJETS/WEB/vimaiz/vendor/laravel/framework/src/Illuminate/Http/Middleware/ValidatePostSize.php(27): Illuminate\\Pipeline\\Pipeline->{closure:{closure:Illuminate\\Pipeline\\Pipeline::carry():194}:195}(Object(Illuminate\\Http\\Request))
#56 /home/mercia/PROJETS/WEB/vimaiz/vendor/laravel/framework/src/Illuminate/Pipeline/Pipeline.php(219): Illuminate\\Http\\Middleware\\ValidatePostSize->handle(Object(Illuminate\\Http\\Request), Object(Closure))
#57 /home/mercia/PROJETS/WEB/vimaiz/vendor/laravel/framework/src/Illuminate/Foundation/Http/Middleware/PreventRequestsDuringMaintenance.php(109): Illuminate\\Pipeline\\Pipeline->{closure:{closure:Illuminate\\Pipeline\\Pipeline::carry():194}:195}(Object(Illuminate\\Http\\Request))
#58 /home/mercia/PROJETS/WEB/vimaiz/vendor/laravel/framework/src/Illuminate/Pipeline/Pipeline.php(219): Illuminate\\Foundation\\Http\\Middleware\\PreventRequestsDuringMaintenance->handle(Object(Illuminate\\Http\\Request), Object(Closure))
#59 /home/mercia/PROJETS/WEB/vimaiz/vendor/laravel/framework/src/Illuminate/Http/Middleware/HandleCors.php(48): Illuminate\\Pipeline\\Pipeline->{closure:{closure:Illuminate\\Pipeline\\Pipeline::carry():194}:195}(Object(Illuminate\\Http\\Request))
#60 /home/mercia/PROJETS/WEB/vimaiz/vendor/laravel/framework/src/Illuminate/Pipeline/Pipeline.php(219): Illuminate\\Http\\Middleware\\HandleCors->handle(Object(Illuminate\\Http\\Request), Object(Closure))
#61 /home/mercia/PROJETS/WEB/vimaiz/vendor/laravel/framework/src/Illuminate/Http/Middleware/TrustProxies.php(58): Illuminate\\Pipeline\\Pipeline->{closure:{closure:Illuminate\\Pipeline\\Pipeline::carry():194}:195}(Object(Illuminate\\Http\\Request))
#62 /home/mercia/PROJETS/WEB/vimaiz/vendor/laravel/framework/src/Illuminate/Pipeline/Pipeline.php(219): Illuminate\\Http\\Middleware\\TrustProxies->handle(Object(Illuminate\\Http\\Request), Object(Closure))
#63 /home/mercia/PROJETS/WEB/vimaiz/vendor/laravel/framework/src/Illuminate/Foundation/Http/Middleware/InvokeDeferredCallbacks.php(22): Illuminate\\Pipeline\\Pipeline->{closure:{closure:Illuminate\\Pipeline\\Pipeline::carry():194}:195}(Object(Illuminate\\Http\\Request))
#64 /home/mercia/PROJETS/WEB/vimaiz/vendor/laravel/framework/src/Illuminate/Pipeline/Pipeline.php(219): Illuminate\\Foundation\\Http\\Middleware\\InvokeDeferredCallbacks->handle(Object(Illuminate\\Http\\Request), Object(Closure))
#65 /home/mercia/PROJETS/WEB/vimaiz/vendor/laravel/framework/src/Illuminate/Http/Middleware/ValidatePathEncoding.php(26): Illuminate\\Pipeline\\Pipeline->{closure:{closure:Illuminate\\Pipeline\\Pipeline::carry():194}:195}(Object(Illuminate\\Http\\Request))
#66 /home/mercia/PROJETS/WEB/vimaiz/vendor/laravel/framework/src/Illuminate/Pipeline/Pipeline.php(219): Illuminate\\Http\\Middleware\\ValidatePathEncoding->handle(Object(Illuminate\\Http\\Request), Object(Closure))
#67 /home/mercia/PROJETS/WEB/vimaiz/vendor/laravel/framework/src/Illuminate/Pipeline/Pipeline.php(137): Illuminate\\Pipeline\\Pipeline->{closure:{closure:Illuminate\\Pipeline\\Pipeline::carry():194}:195}(Object(Illuminate\\Http\\Request))
#68 /home/mercia/PROJETS/WEB/vimaiz/vendor/laravel/framework/src/Illuminate/Foundation/Http/Kernel.php(175): Illuminate\\Pipeline\\Pipeline->then(Object(Closure))
#69 /home/mercia/PROJETS/WEB/vimaiz/vendor/laravel/framework/src/Illuminate/Foundation/Http/Kernel.php(144): Illuminate\\Foundation\\Http\\Kernel->sendRequestThroughRouter(Object(Illuminate\\Http\\Request))
#70 /home/mercia/PROJETS/WEB/vimaiz/vendor/laravel/framework/src/Illuminate/Foundation/Application.php(1220): Illuminate\\Foundation\\Http\\Kernel->handle(Object(Illuminate\\Http\\Request))
#71 /home/mercia/PROJETS/WEB/vimaiz/public/index.php(20): Illuminate\\Foundation\\Application->handleRequest(Object(Illuminate\\Http\\Request))
#72 /home/mercia/PROJETS/WEB/vimaiz/vendor/laravel/framework/src/Illuminate/Foundation/resources/server.php(23): require_once('/home/mercia/PR...')
#73 {main}

[previous exception] [object] (Illuminate\\Foundation\\ViteManifestNotFoundException(code: 0): Vite manifest not found at: /home/mercia/PROJETS/WEB/vimaiz/public/build/manifest.json at /home/mercia/PROJETS/WEB/vimaiz/vendor/laravel/framework/src/Illuminate/Foundation/Vite.php:946)
[stacktrace]
#0 /home/mercia/PROJETS/WEB/vimaiz/vendor/laravel/framework/src/Illuminate/Foundation/Vite.php(384): Illuminate\\Foundation\\Vite->manifest('build')
#1 /home/mercia/PROJETS/WEB/vimaiz/storage/framework/views/1d8ca3123c3705f5d6cc47a1595a0435.php(45): Illuminate\\Foundation\\Vite->__invoke(Object(Illuminate\\Support\\Collection))
#2 /home/mercia/PROJETS/WEB/vimaiz/vendor/laravel/framework/src/Illuminate/Filesystem/Filesystem.php(123): require('/home/mercia/PR...')
#3 /home/mercia/PROJETS/WEB/vimaiz/vendor/laravel/framework/src/Illuminate/Filesystem/Filesystem.php(124): Illuminate\\Filesystem\\Filesystem::{closure:Illuminate\\Filesystem\\Filesystem::getRequire():120}()
#4 /home/mercia/PROJETS/WEB/vimaiz/vendor/laravel/framework/src/Illuminate/View/Engines/PhpEngine.php(57): Illuminate\\Filesystem\\Filesystem->getRequire('/home/mercia/PR...', Array)
#5 /home/mercia/PROJETS/WEB/vimaiz/vendor/livewire/livewire/src/Mechanisms/ExtendBlade/ExtendedCompilerEngine.php(22): Illuminate\\View\\Engines\\PhpEngine->evaluatePath('/home/mercia/PR...', Array)
#6 /home/mercia/PROJETS/WEB/vimaiz/vendor/laravel/framework/src/Illuminate/View/Engines/CompilerEngine.php(76): Livewire\\Mechanisms\\ExtendBlade\\ExtendedCompilerEngine->evaluatePath('/home/mercia/PR...', Array)
#7 /home/mercia/PROJETS/WEB/vimaiz/vendor/livewire/livewire/src/Mechanisms/ExtendBlade/ExtendedCompilerEngine.php(10): Illuminate\\View\\Engines\\CompilerEngine->get('/home/mercia/PR...', Array)
#8 /home/mercia/PROJETS/WEB/vimaiz/vendor/laravel/framework/src/Illuminate/View/View.php(208): Livewire\\Mechanisms\\ExtendBlade\\ExtendedCompilerEngine->get('/home/mercia/PR...', Array)
#9 /home/mercia/PROJETS/WEB/vimaiz/vendor/laravel/framework/src/Illuminate/View/View.php(191): Illuminate\\View\\View->getContents()
#10 /home/mercia/PROJETS/WEB/vimaiz/vendor/laravel/framework/src/Illuminate/View/View.php(160): Illuminate\\View\\View->renderContents()
#11 /home/mercia/PROJETS/WEB/vimaiz/vendor/laravel/framework/src/Illuminate/Http/Response.php(78): Illuminate\\View\\View->render()
#12 /home/mercia/PROJETS/WEB/vimaiz/vendor/laravel/framework/src/Illuminate/Http/Response.php(34): Illuminate\\Http\\Response->setContent(Object(Illuminate\\View\\View))
#13 /home/mercia/PROJETS/WEB/vimaiz/vendor/laravel/framework/src/Illuminate/Routing/ResponseFactory.php(61): Illuminate\\Http\\Response->__construct(Object(Illuminate\\View\\View), 200, Array)
#14 /home/mercia/PROJETS/WEB/vimaiz/vendor/laravel/framework/src/Illuminate/Routing/ResponseFactory.php(91): Illuminate\\Routing\\ResponseFactory->make(Object(Illuminate\\View\\View), 200, Array)
#15 /home/mercia/PROJETS/WEB/vimaiz/vendor/laravel/framework/src/Illuminate/Support/Facades/Facade.php(363): Illuminate\\Routing\\ResponseFactory->view('app', Array)
#16 /home/mercia/PROJETS/WEB/vimaiz/vendor/inertiajs/inertia-laravel/src/Response.php(199): Illuminate\\Support\\Facades\\Facade::__callStatic('view', Array)
#17 /home/mercia/PROJETS/WEB/vimaiz/vendor/laravel/fortify/src/Http/Responses/SimpleViewResponse.php(56): Inertia\\Response->toResponse(Object(Illuminate\\Http\\Request))
#18 /home/mercia/PROJETS/WEB/vimaiz/vendor/laravel/framework/src/Illuminate/Routing/Router.php(921): Laravel\\Fortify\\Http\\Responses\\SimpleViewResponse->toResponse(Object(Illuminate\\Http\\Request))
#19 /home/mercia/PROJETS/WEB/vimaiz/vendor/laravel/framework/src/Illuminate/Routing/Router.php(906): Illuminate\\Routing\\Router::toResponse(Object(Illuminate\\Http\\Request), Object(Laravel\\Fortify\\Http\\Responses\\SimpleViewResponse))
#20 /home/mercia/PROJETS/WEB/vimaiz/vendor/laravel/framework/src/Illuminate/Routing/Router.php(821): Illuminate\\Routing\\Router->prepareResponse(Object(Illuminate\\Http\\Request), Object(Laravel\\Fortify\\Http\\Responses\\SimpleViewResponse))
#21 /home/mercia/PROJETS/WEB/vimaiz/vendor/laravel/framework/src/Illuminate/Pipeline/Pipeline.php(180): Illuminate\\Routing\\Router->{closure:Illuminate\\Routing\\Router::runRouteWithinStack():821}(Object(Illuminate\\Http\\Request))
#22 /home/mercia/PROJETS/WEB/vimaiz/vendor/laravel/framework/src/Illuminate/Auth/Middleware/RedirectIfAuthenticated.php(35): Illuminate\\Pipeline\\Pipeline->{closure:Illuminate\\Pipeline\\Pipeline::prepareDestination():178}(Object(Illuminate\\Http\\Request))
#23 /home/mercia/PROJETS/WEB/vimaiz/vendor/laravel/framework/src/Illuminate/Pipeline/Pipeline.php(219): Illuminate\\Auth\\Middleware\\RedirectIfAuthenticated->handle(Object(Illuminate\\Http\\Request), Object(Closure), 'web')
#24 /home/mercia/PROJETS/WEB/vimaiz/vendor/laravel/framework/src/Illuminate/Http/Middleware/AddLinkHeadersForPreloadedAssets.php(32): Illuminate\\Pipeline\\Pipeline->{closure:{closure:Illuminate\\Pipeline\\Pipeline::carry():194}:195}(Object(Illuminate\\Http\\Request))
#25 /home/mercia/PROJETS/WEB/vimaiz/vendor/laravel/framework/src/Illuminate/Pipeline/Pipeline.php(219): Illuminate\\Http\\Middleware\\AddLinkHeadersForPreloadedAssets->handle(Object(Illuminate\\Http\\Request), Object(Closure))
#26 /home/mercia/PROJETS/WEB/vimaiz/vendor/inertiajs/inertia-laravel/src/Middleware.php(96): Illuminate\\Pipeline\\Pipeline->{closure:{closure:Illuminate\\Pipeline\\Pipeline::carry():194}:195}(Object(Illuminate\\Http\\Request))
#27 /home/mercia/PROJETS/WEB/vimaiz/vendor/laravel/framework/src/Illuminate/Pipeline/Pipeline.php(219): Inertia\\Middleware->handle(Object(Illuminate\\Http\\Request), Object(Closure))
#28 /home/mercia/PROJETS/WEB/vimaiz/app/Http/Middleware/HandleAppearance.php(21): Illuminate\\Pipeline\\Pipeline->{closure:{closure:Illuminate\\Pipeline\\Pipeline::carry():194}:195}(Object(Illuminate\\Http\\Request))
#29 /home/mercia/PROJETS/WEB/vimaiz/vendor/laravel/framework/src/Illuminate/Pipeline/Pipeline.php(219): App\\Http\\Middleware\\HandleAppearance->handle(Object(Illuminate\\Http\\Request), Object(Closure))
#30 /home/mercia/PROJETS/WEB/vimaiz/vendor/laravel/framework/src/Illuminate/Routing/Middleware/SubstituteBindings.php(50): Illuminate\\Pipeline\\Pipeline->{closure:{closure:Illuminate\\Pipeline\\Pipeline::carry():194}:195}(Object(Illuminate\\Http\\Request))
#31 /home/mercia/PROJETS/WEB/vimaiz/vendor/laravel/framework/src/Illuminate/Pipeline/Pipeline.php(219): Illuminate\\Routing\\Middleware\\SubstituteBindings->handle(Object(Illuminate\\Http\\Request), Object(Closure))
#32 /home/mercia/PROJETS/WEB/vimaiz/vendor/laravel/framework/src/Illuminate/Foundation/Http/Middleware/VerifyCsrfToken.php(87): Illuminate\\Pipeline\\Pipeline->{closure:{closure:Illuminate\\Pipeline\\Pipeline::carry():194}:195}(Object(Illuminate\\Http\\Request))
#33 /home/mercia/PROJETS/WEB/vimaiz/vendor/laravel/framework/src/Illuminate/Pipeline/Pipeline.php(219): Illuminate\\Foundation\\Http\\Middleware\\VerifyCsrfToken->handle(Object(Illuminate\\Http\\Request), Object(Closure))
#34 /home/mercia/PROJETS/WEB/vimaiz/vendor/laravel/framework/src/Illuminate/View/Middleware/ShareErrorsFromSession.php(48): Illuminate\\Pipeline\\Pipeline->{closure:{closure:Illuminate\\Pipeline\\Pipeline::carry():194}:195}(Object(Illuminate\\Http\\Request))
#35 /home/mercia/PROJETS/WEB/vimaiz/vendor/laravel/framework/src/Illuminate/Pipeline/Pipeline.php(219): Illuminate\\View\\Middleware\\ShareErrorsFromSession->handle(Object(Illuminate\\Http\\Request), Object(Closure))
#36 /home/mercia/PROJETS/WEB/vimaiz/vendor/laravel/framework/src/Illuminate/Session/Middleware/StartSession.php(120): Illuminate\\Pipeline\\Pipeline->{closure:{closure:Illuminate\\Pipeline\\Pipeline::carry():194}:195}(Object(Illuminate\\Http\\Request))
#37 /home/mercia/PROJETS/WEB/vimaiz/vendor/laravel/framework/src/Illuminate/Session/Middleware/StartSession.php(63): Illuminate\\Session\\Middleware\\StartSession->handleStatefulRequest(Object(Illuminate\\Http\\Request), Object(Illuminate\\Session\\Store), Object(Closure))
#38 /home/mercia/PROJETS/WEB/vimaiz/vendor/laravel/framework/src/Illuminate/Pipeline/Pipeline.php(219): Illuminate\\Session\\Middleware\\StartSession->handle(Object(Illuminate\\Http\\Request), Object(Closure))
#39 /home/mercia/PROJETS/WEB/vimaiz/vendor/laravel/framework/src/Illuminate/Cookie/Middleware/AddQueuedCookiesToResponse.php(36): Illuminate\\Pipeline\\Pipeline->{closure:{closure:Illuminate\\Pipeline\\Pipeline::carry():194}:195}(Object(Illuminate\\Http\\Request))
#40 /home/mercia/PROJETS/WEB/vimaiz/vendor/laravel/framework/src/Illuminate/Pipeline/Pipeline.php(219): Illuminate\\Cookie\\Middleware\\AddQueuedCookiesToResponse->handle(Object(Illuminate\\Http\\Request), Object(Closure))
#41 /home/mercia/PROJETS/WEB/vimaiz/vendor/laravel/framework/src/Illuminate/Cookie/Middleware/EncryptCookies.php(74): Illuminate\\Pipeline\\Pipeline->{closure:{closure:Illuminate\\Pipeline\\Pipeline::carry():194}:195}(Object(Illuminate\\Http\\Request))
#42 /home/mercia/PROJETS/WEB/vimaiz/vendor/laravel/framework/src/Illuminate/Pipeline/Pipeline.php(219): Illuminate\\Cookie\\Middleware\\EncryptCookies->handle(Object(Illuminate\\Http\\Request), Object(Closure))
#43 /home/mercia/PROJETS/WEB/vimaiz/vendor/laravel/framework/src/Illuminate/Pipeline/Pipeline.php(137): Illuminate\\Pipeline\\Pipeline->{closure:{closure:Illuminate\\Pipeline\\Pipeline::carry():194}:195}(Object(Illuminate\\Http\\Request))
#44 /home/mercia/PROJETS/WEB/vimaiz/vendor/laravel/framework/src/Illuminate/Routing/Router.php(821): Illuminate\\Pipeline\\Pipeline->then(Object(Closure))
#45 /home/mercia/PROJETS/WEB/vimaiz/vendor/laravel/framework/src/Illuminate/Routing/Router.php(800): Illuminate\\Routing\\Router->runRouteWithinStack(Object(Illuminate\\Routing\\Route), Object(Illuminate\\Http\\Request))
#46 /home/mercia/PROJETS/WEB/vimaiz/vendor/laravel/framework/src/Illuminate/Routing/Router.php(764): Illuminate\\Routing\\Router->runRoute(Object(Illuminate\\Http\\Request), Object(Illuminate\\Routing\\Route))
#47 /home/mercia/PROJETS/WEB/vimaiz/vendor/laravel/framework/src/Illuminate/Routing/Router.php(753): Illuminate\\Routing\\Router->dispatchToRoute(Object(Illuminate\\Http\\Request))
#48 /home/mercia/PROJETS/WEB/vimaiz/vendor/laravel/framework/src/Illuminate/Foundation/Http/Kernel.php(200): Illuminate\\Routing\\Router->dispatch(Object(Illuminate\\Http\\Request))
#49 /home/mercia/PROJETS/WEB/vimaiz/vendor/laravel/framework/src/Illuminate/Pipeline/Pipeline.php(180): Illuminate\\Foundation\\Http\\Kernel->{closure:Illuminate\\Foundation\\Http\\Kernel::dispatchToRouter():197}(Object(Illuminate\\Http\\Request))
#50 /home/mercia/PROJETS/WEB/vimaiz/vendor/livewire/livewire/src/Features/SupportDisablingBackButtonCache/DisableBackButtonCacheMiddleware.php(19): Illuminate\\Pipeline\\Pipeline->{closure:Illuminate\\Pipeline\\Pipeline::prepareDestination():178}(Object(Illuminate\\Http\\Request))
#51 /home/mercia/PROJETS/WEB/vimaiz/vendor/laravel/framework/src/Illuminate/Pipeline/Pipeline.php(219): Livewire\\Features\\SupportDisablingBackButtonCache\\DisableBackButtonCacheMiddleware->handle(Object(Illuminate\\Http\\Request), Object(Closure))
#52 /home/mercia/PROJETS/WEB/vimaiz/vendor/laravel/framework/src/Illuminate/Foundation/Http/Middleware/TransformsRequest.php(21): Illuminate\\Pipeline\\Pipeline->{closure:{closure:Illuminate\\Pipeline\\Pipeline::carry():194}:195}(Object(Illuminate\\Http\\Request))
#53 /home/mercia/PROJETS/WEB/vimaiz/vendor/laravel/framework/src/Illuminate/Foundation/Http/Middleware/ConvertEmptyStringsToNull.php(31): Illuminate\\Foundation\\Http\\Middleware\\TransformsRequest->handle(Object(Illuminate\\Http\\Request), Object(Closure))
#54 /home/mercia/PROJETS/WEB/vimaiz/vendor/laravel/framework/src/Illuminate/Pipeline/Pipeline.php(219): Illuminate\\Foundation\\Http\\Middleware\\ConvertEmptyStringsToNull->handle(Object(Illuminate\\Http\\Request), Object(Closure))
#55 /home/mercia/PROJETS/WEB/vimaiz/vendor/laravel/framework/src/Illuminate/Foundation/Http/Middleware/TransformsRequest.php(21): Illuminate\\Pipeline\\Pipeline->{closure:{closure:Illuminate\\Pipeline\\Pipeline::carry():194}:195}(Object(Illuminate\\Http\\Request))
#56 /home/mercia/PROJETS/WEB/vimaiz/vendor/laravel/framework/src/Illuminate/Foundation/Http/Middleware/TrimStrings.php(51): Illuminate\\Foundation\\Http\\Middleware\\TransformsRequest->handle(Object(Illuminate\\Http\\Request), Object(Closure))
#57 /home/mercia/PROJETS/WEB/vimaiz/vendor/laravel/framework/src/Illuminate/Pipeline/Pipeline.php(219): Illuminate\\Foundation\\Http\\Middleware\\TrimStrings->handle(Object(Illuminate\\Http\\Request), Object(Closure))
#58 /home/mercia/PROJETS/WEB/vimaiz/vendor/laravel/framework/src/Illuminate/Http/Middleware/ValidatePostSize.php(27): Illuminate\\Pipeline\\Pipeline->{closure:{closure:Illuminate\\Pipeline\\Pipeline::carry():194}:195}(Object(Illuminate\\Http\\Request))
#59 /home/mercia/PROJETS/WEB/vimaiz/vendor/laravel/framework/src/Illuminate/Pipeline/Pipeline.php(219): Illuminate\\Http\\Middleware\\ValidatePostSize->handle(Object(Illuminate\\Http\\Request), Object(Closure))
#60 /home/mercia/PROJETS/WEB/vimaiz/vendor/laravel/framework/src/Illuminate/Foundation/Http/Middleware/PreventRequestsDuringMaintenance.php(109): Illuminate\\Pipeline\\Pipeline->{closure:{closure:Illuminate\\Pipeline\\Pipeline::carry():194}:195}(Object(Illuminate\\Http\\Request))
#61 /home/mercia/PROJETS/WEB/vimaiz/vendor/laravel/framework/src/Illuminate/Pipeline/Pipeline.php(219): Illuminate\\Foundation\\Http\\Middleware\\PreventRequestsDuringMaintenance->handle(Object(Illuminate\\Http\\Request), Object(Closure))
#62 /home/mercia/PROJETS/WEB/vimaiz/vendor/laravel/framework/src/Illuminate/Http/Middleware/HandleCors.php(48): Illuminate\\Pipeline\\Pipeline->{closure:{closure:Illuminate\\Pipeline\\Pipeline::carry():194}:195}(Object(Illuminate\\Http\\Request))
#63 /home/mercia/PROJETS/WEB/vimaiz/vendor/laravel/framework/src/Illuminate/Pipeline/Pipeline.php(219): Illuminate\\Http\\Middleware\\HandleCors->handle(Object(Illuminate\\Http\\Request), Object(Closure))
#64 /home/mercia/PROJETS/WEB/vimaiz/vendor/laravel/framework/src/Illuminate/Http/Middleware/TrustProxies.php(58): Illuminate\\Pipeline\\Pipeline->{closure:{closure:Illuminate\\Pipeline\\Pipeline::carry():194}:195}(Object(Illuminate\\Http\\Request))
#65 /home/mercia/PROJETS/WEB/vimaiz/vendor/laravel/framework/src/Illuminate/Pipeline/Pipeline.php(219): Illuminate\\Http\\Middleware\\TrustProxies->handle(Object(Illuminate\\Http\\Request), Object(Closure))
#66 /home/mercia/PROJETS/WEB/vimaiz/vendor/laravel/framework/src/Illuminate/Foundation/Http/Middleware/InvokeDeferredCallbacks.php(22): Illuminate\\Pipeline\\Pipeline->{closure:{closure:Illuminate\\Pipeline\\Pipeline::carry():194}:195}(Object(Illuminate\\Http\\Request))
#67 /home/mercia/PROJETS/WEB/vimaiz/vendor/laravel/framework/src/Illuminate/Pipeline/Pipeline.php(219): Illuminate\\Foundation\\Http\\Middleware\\InvokeDeferredCallbacks->handle(Object(Illuminate\\Http\\Request), Object(Closure))
#68 /home/mercia/PROJETS/WEB/vimaiz/vendor/laravel/framework/src/Illuminate/Http/Middleware/ValidatePathEncoding.php(26): Illuminate\\Pipeline\\Pipeline->{closure:{closure:Illuminate\\Pipeline\\Pipeline::carry():194}:195}(Object(Illuminate\\Http\\Request))
#69 /home/mercia/PROJETS/WEB/vimaiz/vendor/laravel/framework/src/Illuminate/Pipeline/Pipeline.php(219): Illuminate\\Http\\Middleware\\ValidatePathEncoding->handle(Object(Illuminate\\Http\\Request), Object(Closure))
#70 /home/mercia/PROJETS/WEB/vimaiz/vendor/laravel/framework/src/Illuminate/Pipeline/Pipeline.php(137): Illuminate\\Pipeline\\Pipeline->{closure:{closure:Illuminate\\Pipeline\\Pipeline::carry():194}:195}(Object(Illuminate\\Http\\Request))
#71 /home/mercia/PROJETS/WEB/vimaiz/vendor/laravel/framework/src/Illuminate/Foundation/Http/Kernel.php(175): Illuminate\\Pipeline\\Pipeline->then(Object(Closure))
#72 /home/mercia/PROJETS/WEB/vimaiz/vendor/laravel/framework/src/Illuminate/Foundation/Http/Kernel.php(144): Illuminate\\Foundation\\Http\\Kernel->sendRequestThroughRouter(Object(Illuminate\\Http\\Request))
#73 /home/mercia/PROJETS/WEB/vimaiz/vendor/laravel/framework/src/Illuminate/Foundation/Application.php(1220): Illuminate\\Foundation\\Http\\Kernel->handle(Object(Illuminate\\Http\\Request))
#74 /home/mercia/PROJETS/WEB/vimaiz/public/index.php(20): Illuminate\\Foundation\\Application->handleRequest(Object(Illuminate\\Http\\Request))
#75 /home/mercia/PROJETS/WEB/vimaiz/vendor/laravel/framework/src/Illuminate/Foundation/resources/server.php(23): require_once('/home/mercia/PR...')
#76 {main}
"} 
[2025-12-24 10:30:20] local.ERROR: Vite manifest not found at: /home/mercia/PROJETS/WEB/vimaiz/public/build/manifest.json (View: /home/mercia/PROJETS/WEB/vimaiz/resources/views/app.blade.php) {"exception":"[object] (Illuminate\\View\\ViewException(code: 0): Vite manifest not found at: /home/mercia/PROJETS/WEB/vimaiz/public/build/manifest.json (View: /home/mercia/PROJETS/WEB/vimaiz/resources/views/app.blade.php) at /home/mercia/PROJETS/WEB/vimaiz/vendor/laravel/framework/src/Illuminate/Foundation/Vite.php:946)
[stacktrace]
#0 /home/mercia/PROJETS/WEB/vimaiz/vendor/livewire/livewire/src/Mechanisms/ExtendBlade/ExtendedCompilerEngine.php(58): Illuminate\\View\\Engines\\CompilerEngine->handleViewException(Object(Illuminate\\Foundation\\ViteManifestNotFoundException), 0)
#1 /home/mercia/PROJETS/WEB/vimaiz/vendor/laravel/framework/src/Illuminate/View/Engines/PhpEngine.php(59): Livewire\\Mechanisms\\ExtendBlade\\ExtendedCompilerEngine->handleViewException(Object(Illuminate\\Foundation\\ViteManifestNotFoundException), 0)
#2 /home/mercia/PROJETS/WEB/vimaiz/vendor/livewire/livewire/src/Mechanisms/ExtendBlade/ExtendedCompilerEngine.php(22): Illuminate\\View\\Engines\\PhpEngine->evaluatePath('/home/mercia/PR...', Array)
#3 /home/mercia/PROJETS/WEB/vimaiz/vendor/laravel/framework/src/Illuminate/View/Engines/CompilerEngine.php(76): Livewire\\Mechanisms\\ExtendBlade\\ExtendedCompilerEngine->evaluatePath('/home/mercia/PR...', Array)
#4 /home/mercia/PROJETS/WEB/vimaiz/vendor/livewire/livewire/src/Mechanisms/ExtendBlade/ExtendedCompilerEngine.php(10): Illuminate\\View\\Engines\\CompilerEngine->get('/home/mercia/PR...', Array)
#5 /home/mercia/PROJETS/WEB/vimaiz/vendor/laravel/framework/src/Illuminate/View/View.php(208): Livewire\\Mechanisms\\ExtendBlade\\ExtendedCompilerEngine->get('/home/mercia/PR...', Array)
#6 /home/mercia/PROJETS/WEB/vimaiz/vendor/laravel/framework/src/Illuminate/View/View.php(191): Illuminate\\View\\View->getContents()
#7 /home/mercia/PROJETS/WEB/vimaiz/vendor/laravel/framework/src/Illuminate/View/View.php(160): Illuminate\\View\\View->renderContents()
#8 /home/mercia/PROJETS/WEB/vimaiz/vendor/laravel/framework/src/Illuminate/Http/Response.php(78): Illuminate\\View\\View->render()
#9 /home/mercia/PROJETS/WEB/vimaiz/vendor/laravel/framework/src/Illuminate/Http/Response.php(34): Illuminate\\Http\\Response->setContent(Object(Illuminate\\View\\View))
#10 /home/mercia/PROJETS/WEB/vimaiz/vendor/laravel/framework/src/Illuminate/Routing/ResponseFactory.php(61): Illuminate\\Http\\Response->__construct(Object(Illuminate\\View\\View), 200, Array)
#11 /home/mercia/PROJETS/WEB/vimaiz/vendor/laravel/framework/src/Illuminate/Routing/ResponseFactory.php(91): Illuminate\\Routing\\ResponseFactory->make(Object(Illuminate\\View\\View), 200, Array)
#12 /home/mercia/PROJETS/WEB/vimaiz/vendor/laravel/framework/src/Illuminate/Support/Facades/Facade.php(363): Illuminate\\Routing\\ResponseFactory->view('app', Array)
#13 /home/mercia/PROJETS/WEB/vimaiz/vendor/inertiajs/inertia-laravel/src/Response.php(199): Illuminate\\Support\\Facades\\Facade::__callStatic('view', Array)
#14 /home/mercia/PROJETS/WEB/vimaiz/vendor/laravel/fortify/src/Http/Responses/SimpleViewResponse.php(56): Inertia\\Response->toResponse(Object(Illuminate\\Http\\Request))
#15 /home/mercia/PROJETS/WEB/vimaiz/vendor/laravel/framework/src/Illuminate/Routing/Router.php(921): Laravel\\Fortify\\Http\\Responses\\SimpleViewResponse->toResponse(Object(Illuminate\\Http\\Request))
#16 /home/mercia/PROJETS/WEB/vimaiz/vendor/laravel/framework/src/Illuminate/Routing/Router.php(906): Illuminate\\Routing\\Router::toResponse(Object(Illuminate\\Http\\Request), Object(Laravel\\Fortify\\Http\\Responses\\SimpleViewResponse))
#17 /home/mercia/PROJETS/WEB/vimaiz/vendor/laravel/framework/src/Illuminate/Routing/Router.php(821): Illuminate\\Routing\\Router->prepareResponse(Object(Illuminate\\Http\\Request), Object(Laravel\\Fortify\\Http\\Responses\\SimpleViewResponse))
#18 /home/mercia/PROJETS/WEB/vimaiz/vendor/laravel/framework/src/Illuminate/Pipeline/Pipeline.php(180): Illuminate\\Routing\\Router->{closure:Illuminate\\Routing\\Router::runRouteWithinStack():821}(Object(Illuminate\\Http\\Request))
#19 /home/mercia/PROJETS/WEB/vimaiz/vendor/laravel/framework/src/Illuminate/Auth/Middleware/RedirectIfAuthenticated.php(35): Illuminate\\Pipeline\\Pipeline->{closure:Illuminate\\Pipeline\\Pipeline::prepareDestination():178}(Object(Illuminate\\Http\\Request))
#20 /home/mercia/PROJETS/WEB/vimaiz/vendor/laravel/framework/src/Illuminate/Pipeline/Pipeline.php(219): Illuminate\\Auth\\Middleware\\RedirectIfAuthenticated->handle(Object(Illuminate\\Http\\Request), Object(Closure), 'web')
#21 /home/mercia/PROJETS/WEB/vimaiz/vendor/laravel/framework/src/Illuminate/Http/Middleware/AddLinkHeadersForPreloadedAssets.php(32): Illuminate\\Pipeline\\Pipeline->{closure:{closure:Illuminate\\Pipeline\\Pipeline::carry():194}:195}(Object(Illuminate\\Http\\Request))
#22 /home/mercia/PROJETS/WEB/vimaiz/vendor/laravel/framework/src/Illuminate/Pipeline/Pipeline.php(219): Illuminate\\Http\\Middleware\\AddLinkHeadersForPreloadedAssets->handle(Object(Illuminate\\Http\\Request), Object(Closure))
#23 /home/mercia/PROJETS/WEB/vimaiz/vendor/inertiajs/inertia-laravel/src/Middleware.php(96): Illuminate\\Pipeline\\Pipeline->{closure:{closure:Illuminate\\Pipeline\\Pipeline::carry():194}:195}(Object(Illuminate\\Http\\Request))
#24 /home/mercia/PROJETS/WEB/vimaiz/vendor/laravel/framework/src/Illuminate/Pipeline/Pipeline.php(219): Inertia\\Middleware->handle(Object(Illuminate\\Http\\Request), Object(Closure))
#25 /home/mercia/PROJETS/WEB/vimaiz/app/Http/Middleware/HandleAppearance.php(21): Illuminate\\Pipeline\\Pipeline->{closure:{closure:Illuminate\\Pipeline\\Pipeline::carry():194}:195}(Object(Illuminate\\Http\\Request))
#26 /home/mercia/PROJETS/WEB/vimaiz/vendor/laravel/framework/src/Illuminate/Pipeline/Pipeline.php(219): App\\Http\\Middleware\\HandleAppearance->handle(Object(Illuminate\\Http\\Request), Object(Closure))
#27 /home/mercia/PROJETS/WEB/vimaiz/vendor/laravel/framework/src/Illuminate/Routing/Middleware/SubstituteBindings.php(50): Illuminate\\Pipeline\\Pipeline->{closure:{closure:Illuminate\\Pipeline\\Pipeline::carry():194}:195}(Object(Illuminate\\Http\\Request))
#28 /home/mercia/PROJETS/WEB/vimaiz/vendor/laravel/framework/src/Illuminate/Pipeline/Pipeline.php(219): Illuminate\\Routing\\Middleware\\SubstituteBindings->handle(Object(Illuminate\\Http\\Request), Object(Closure))
#29 /home/mercia/PROJETS/WEB/vimaiz/vendor/laravel/framework/src/Illuminate/Foundation/Http/Middleware/VerifyCsrfToken.php(87): Illuminate\\Pipeline\\Pipeline->{closure:{closure:Illuminate\\Pipeline\\Pipeline::carry():194}:195}(Object(Illuminate\\Http\\Request))
#30 /home/mercia/PROJETS/WEB/vimaiz/vendor/laravel/framework/src/Illuminate/Pipeline/Pipeline.php(219): Illuminate\\Foundation\\Http\\Middleware\\VerifyCsrfToken->handle(Object(Illuminate\\Http\\Request), Object(Closure))
#31 /home/mercia/PROJETS/WEB/vimaiz/vendor/laravel/framework/src/Illuminate/View/Middleware/ShareErrorsFromSession.php(48): Illuminate\\Pipeline\\Pipeline->{closure:{closure:Illuminate\\Pipeline\\Pipeline::carry():194}:195}(Object(Illuminate\\Http\\Request))
#32 /home/mercia/PROJETS/WEB/vimaiz/vendor/laravel/framework/src/Illuminate/Pipeline/Pipeline.php(219): Illuminate\\View\\Middleware\\ShareErrorsFromSession->handle(Object(Illuminate\\Http\\Request), Object(Closure))
#33 /home/mercia/PROJETS/WEB/vimaiz/vendor/laravel/framework/src/Illuminate/Session/Middleware/StartSession.php(120): Illuminate\\Pipeline\\Pipeline->{closure:{closure:Illuminate\\Pipeline\\Pipeline::carry():194}:195}(Object(Illuminate\\Http\\Request))
#34 /home/mercia/PROJETS/WEB/vimaiz/vendor/laravel/framework/src/Illuminate/Session/Middleware/StartSession.php(63): Illuminate\\Session\\Middleware\\StartSession->handleStatefulRequest(Object(Illuminate\\Http\\Request), Object(Illuminate\\Session\\Store), Object(Closure))
#35 /home/mercia/PROJETS/WEB/vimaiz/vendor/laravel/framework/src/Illuminate/Pipeline/Pipeline.php(219): Illuminate\\Session\\Middleware\\StartSession->handle(Object(Illuminate\\Http\\Request), Object(Closure))
#36 /home/mercia/PROJETS/WEB/vimaiz/vendor/laravel/framework/src/Illuminate/Cookie/Middleware/AddQueuedCookiesToResponse.php(36): Illuminate\\Pipeline\\Pipeline->{closure:{closure:Illuminate\\Pipeline\\Pipeline::carry():194}:195}(Object(Illuminate\\Http\\Request))
#37 /home/mercia/PROJETS/WEB/vimaiz/vendor/laravel/framework/src/Illuminate/Pipeline/Pipeline.php(219): Illuminate\\Cookie\\Middleware\\AddQueuedCookiesToResponse->handle(Object(Illuminate\\Http\\Request), Object(Closure))
#38 /home/mercia/PROJETS/WEB/vimaiz/vendor/laravel/framework/src/Illuminate/Cookie/Middleware/EncryptCookies.php(74): Illuminate\\Pipeline\\Pipeline->{closure:{closure:Illuminate\\Pipeline\\Pipeline::carry():194}:195}(Object(Illuminate\\Http\\Request))
#39 /home/mercia/PROJETS/WEB/vimaiz/vendor/laravel/framework/src/Illuminate/Pipeline/Pipeline.php(219): Illuminate\\Cookie\\Middleware\\EncryptCookies->handle(Object(Illuminate\\Http\\Request), Object(Closure))
#40 /home/mercia/PROJETS/WEB/vimaiz/vendor/laravel/framework/src/Illuminate/Pipeline/Pipeline.php(137): Illuminate\\Pipeline\\Pipeline->{closure:{closure:Illuminate\\Pipeline\\Pipeline::carry():194}:195}(Object(Illuminate\\Http\\Request))
#41 /home/mercia/PROJETS/WEB/vimaiz/vendor/laravel/framework/src/Illuminate/Routing/Router.php(821): Illuminate\\Pipeline\\Pipeline->then(Object(Closure))
#42 /home/mercia/PROJETS/WEB/vimaiz/vendor/laravel/framework/src/Illuminate/Routing/Router.php(800): Illuminate\\Routing\\Router->runRouteWithinStack(Object(Illuminate\\Routing\\Route), Object(Illuminate\\Http\\Request))
#43 /home/mercia/PROJETS/WEB/vimaiz/vendor/laravel/framework/src/Illuminate/Routing/Router.php(764): Illuminate\\Routing\\Router->runRoute(Object(Illuminate\\Http\\Request), Object(Illuminate\\Routing\\Route))
#44 /home/mercia/PROJETS/WEB/vimaiz/vendor/laravel/framework/src/Illuminate/Routing/Router.php(753): Illuminate\\Routing\\Router->dispatchToRoute(Object(Illuminate\\Http\\Request))
#45 /home/mercia/PROJETS/WEB/vimaiz/vendor/laravel/framework/src/Illuminate/Foundation/Http/Kernel.php(200): Illuminate\\Routing\\Router->dispatch(Object(Illuminate\\Http\\Request))
#46 /home/mercia/PROJETS/WEB/vimaiz/vendor/laravel/framework/src/Illuminate/Pipeline/Pipeline.php(180): Illuminate\\Foundation\\Http\\Kernel->{closure:Illuminate\\Foundation\\Http\\Kernel::dispatchToRouter():197}(Object(Illuminate\\Http\\Request))
#47 /home/mercia/PROJETS/WEB/vimaiz/vendor/livewire/livewire/src/Features/SupportDisablingBackButtonCache/DisableBackButtonCacheMiddleware.php(19): Illuminate\\Pipeline\\Pipeline->{closure:Illuminate\\Pipeline\\Pipeline::prepareDestination():178}(Object(Illuminate\\Http\\Request))
#48 /home/mercia/PROJETS/WEB/vimaiz/vendor/laravel/framework/src/Illuminate/Pipeline/Pipeline.php(219): Livewire\\Features\\SupportDisablingBackButtonCache\\DisableBackButtonCacheMiddleware->handle(Object(Illuminate\\Http\\Request), Object(Closure))
#49 /home/mercia/PROJETS/WEB/vimaiz/vendor/laravel/framework/src/Illuminate/Foundation/Http/Middleware/TransformsRequest.php(21): Illuminate\\Pipeline\\Pipeline->{closure:{closure:Illuminate\\Pipeline\\Pipeline::carry():194}:195}(Object(Illuminate\\Http\\Request))
#50 /home/mercia/PROJETS/WEB/vimaiz/vendor/laravel/framework/src/Illuminate/Foundation/Http/Middleware/ConvertEmptyStringsToNull.php(31): Illuminate\\Foundation\\Http\\Middleware\\TransformsRequest->handle(Object(Illuminate\\Http\\Request), Object(Closure))
#51 /home/mercia/PROJETS/WEB/vimaiz/vendor/laravel/framework/src/Illuminate/Pipeline/Pipeline.php(219): Illuminate\\Foundation\\Http\\Middleware\\ConvertEmptyStringsToNull->handle(Object(Illuminate\\Http\\Request), Object(Closure))
#52 /home/mercia/PROJETS/WEB/vimaiz/vendor/laravel/framework/src/Illuminate/Foundation/Http/Middleware/TransformsRequest.php(21): Illuminate\\Pipeline\\Pipeline->{closure:{closure:Illuminate\\Pipeline\\Pipeline::carry():194}:195}(Object(Illuminate\\Http\\Request))
#53 /home/mercia/PROJETS/WEB/vimaiz/vendor/laravel/framework/src/Illuminate/Foundation/Http/Middleware/TrimStrings.php(51): Illuminate\\Foundation\\Http\\Middleware\\TransformsRequest->handle(Object(Illuminate\\Http\\Request), Object(Closure))
#54 /home/mercia/PROJETS/WEB/vimaiz/vendor/laravel/framework/src/Illuminate/Pipeline/Pipeline.php(219): Illuminate\\Foundation\\Http\\Middleware\\TrimStrings->handle(Object(Illuminate\\Http\\Request), Object(Closure))
#55 /home/mercia/PROJETS/WEB/vimaiz/vendor/laravel/framework/src/Illuminate/Http/Middleware/ValidatePostSize.php(27): Illuminate\\Pipeline\\Pipeline->{closure:{closure:Illuminate\\Pipeline\\Pipeline::carry():194}:195}(Object(Illuminate\\Http\\Request))
#56 /home/mercia/PROJETS/WEB/vimaiz/vendor/laravel/framework/src/Illuminate/Pipeline/Pipeline.php(219): Illuminate\\Http\\Middleware\\ValidatePostSize->handle(Object(Illuminate\\Http\\Request), Object(Closure))
#57 /home/mercia/PROJETS/WEB/vimaiz/vendor/laravel/framework/src/Illuminate/Foundation/Http/Middleware/PreventRequestsDuringMaintenance.php(109): Illuminate\\Pipeline\\Pipeline->{closure:{closure:Illuminate\\Pipeline\\Pipeline::carry():194}:195}(Object(Illuminate\\Http\\Request))
#58 /home/mercia/PROJETS/WEB/vimaiz/vendor/laravel/framework/src/Illuminate/Pipeline/Pipeline.php(219): Illuminate\\Foundation\\Http\\Middleware\\PreventRequestsDuringMaintenance->handle(Object(Illuminate\\Http\\Request), Object(Closure))
#59 /home/mercia/PROJETS/WEB/vimaiz/vendor/laravel/framework/src/Illuminate/Http/Middleware/HandleCors.php(48): Illuminate\\Pipeline\\Pipeline->{closure:{closure:Illuminate\\Pipeline\\Pipeline::carry():194}:195}(Object(Illuminate\\Http\\Request))
#60 /home/mercia/PROJETS/WEB/vimaiz/vendor/laravel/framework/src/Illuminate/Pipeline/Pipeline.php(219): Illuminate\\Http\\Middleware\\HandleCors->handle(Object(Illuminate\\Http\\Request), Object(Closure))
#61 /home/mercia/PROJETS/WEB/vimaiz/vendor/laravel/framework/src/Illuminate/Http/Middleware/TrustProxies.php(58): Illuminate\\Pipeline\\Pipeline->{closure:{closure:Illuminate\\Pipeline\\Pipeline::carry():194}:195}(Object(Illuminate\\Http\\Request))
#62 /home/mercia/PROJETS/WEB/vimaiz/vendor/laravel/framework/src/Illuminate/Pipeline/Pipeline.php(219): Illuminate\\Http\\Middleware\\TrustProxies->handle(Object(Illuminate\\Http\\Request), Object(Closure))
#63 /home/mercia/PROJETS/WEB/vimaiz/vendor/laravel/framework/src/Illuminate/Foundation/Http/Middleware/InvokeDeferredCallbacks.php(22): Illuminate\\Pipeline\\Pipeline->{closure:{closure:Illuminate\\Pipeline\\Pipeline::carry():194}:195}(Object(Illuminate\\Http\\Request))
#64 /home/mercia/PROJETS/WEB/vimaiz/vendor/laravel/framework/src/Illuminate/Pipeline/Pipeline.php(219): Illuminate\\Foundation\\Http\\Middleware\\InvokeDeferredCallbacks->handle(Object(Illuminate\\Http\\Request), Object(Closure))
#65 /home/mercia/PROJETS/WEB/vimaiz/vendor/laravel/framework/src/Illuminate/Http/Middleware/ValidatePathEncoding.php(26): Illuminate\\Pipeline\\Pipeline->{closure:{closure:Illuminate\\Pipeline\\Pipeline::carry():194}:195}(Object(Illuminate\\Http\\Request))
#66 /home/mercia/PROJETS/WEB/vimaiz/vendor/laravel/framework/src/Illuminate/Pipeline/Pipeline.php(219): Illuminate\\Http\\Middleware\\ValidatePathEncoding->handle(Object(Illuminate\\Http\\Request), Object(Closure))
#67 /home/mercia/PROJETS/WEB/vimaiz/vendor/laravel/framework/src/Illuminate/Pipeline/Pipeline.php(137): Illuminate\\Pipeline\\Pipeline->{closure:{closure:Illuminate\\Pipeline\\Pipeline::carry():194}:195}(Object(Illuminate\\Http\\Request))
#68 /home/mercia/PROJETS/WEB/vimaiz/vendor/laravel/framework/src/Illuminate/Foundation/Http/Kernel.php(175): Illuminate\\Pipeline\\Pipeline->then(Object(Closure))
#69 /home/mercia/PROJETS/WEB/vimaiz/vendor/laravel/framework/src/Illuminate/Foundation/Http/Kernel.php(144): Illuminate\\Foundation\\Http\\Kernel->sendRequestThroughRouter(Object(Illuminate\\Http\\Request))
#70 /home/mercia/PROJETS/WEB/vimaiz/vendor/laravel/framework/src/Illuminate/Foundation/Application.php(1220): Illuminate\\Foundation\\Http\\Kernel->handle(Object(Illuminate\\Http\\Request))
#71 /home/mercia/PROJETS/WEB/vimaiz/public/index.php(20): Illuminate\\Foundation\\Application->handleRequest(Object(Illuminate\\Http\\Request))
#72 /home/mercia/PROJETS/WEB/vimaiz/vendor/laravel/framework/src/Illuminate/Foundation/resources/server.php(23): require_once('/home/mercia/PR...')
#73 {main}

[previous exception] [object] (Illuminate\\Foundation\\ViteManifestNotFoundException(code: 0): Vite manifest not found at: /home/mercia/PROJETS/WEB/vimaiz/public/build/manifest.json at /home/mercia/PROJETS/WEB/vimaiz/vendor/laravel/framework/src/Illuminate/Foundation/Vite.php:946)
[stacktrace]
#0 /home/mercia/PROJETS/WEB/vimaiz/vendor/laravel/framework/src/Illuminate/Foundation/Vite.php(384): Illuminate\\Foundation\\Vite->manifest('build')
#1 /home/mercia/PROJETS/WEB/vimaiz/storage/framework/views/1d8ca3123c3705f5d6cc47a1595a0435.php(45): Illuminate\\Foundation\\Vite->__invoke(Object(Illuminate\\Support\\Collection))
#2 /home/mercia/PROJETS/WEB/vimaiz/vendor/laravel/framework/src/Illuminate/Filesystem/Filesystem.php(123): require('/home/mercia/PR...')
#3 /home/mercia/PROJETS/WEB/vimaiz/vendor/laravel/framework/src/Illuminate/Filesystem/Filesystem.php(124): Illuminate\\Filesystem\\Filesystem::{closure:Illuminate\\Filesystem\\Filesystem::getRequire():120}()
#4 /home/mercia/PROJETS/WEB/vimaiz/vendor/laravel/framework/src/Illuminate/View/Engines/PhpEngine.php(57): Illuminate\\Filesystem\\Filesystem->getRequire('/home/mercia/PR...', Array)
#5 /home/mercia/PROJETS/WEB/vimaiz/vendor/livewire/livewire/src/Mechanisms/ExtendBlade/ExtendedCompilerEngine.php(22): Illuminate\\View\\Engines\\PhpEngine->evaluatePath('/home/mercia/PR...', Array)
#6 /home/mercia/PROJETS/WEB/vimaiz/vendor/laravel/framework/src/Illuminate/View/Engines/CompilerEngine.php(76): Livewire\\Mechanisms\\ExtendBlade\\ExtendedCompilerEngine->evaluatePath('/home/mercia/PR...', Array)
#7 /home/mercia/PROJETS/WEB/vimaiz/vendor/livewire/livewire/src/Mechanisms/ExtendBlade/ExtendedCompilerEngine.php(10): Illuminate\\View\\Engines\\CompilerEngine->get('/home/mercia/PR...', Array)
#8 /home/mercia/PROJETS/WEB/vimaiz/vendor/laravel/framework/src/Illuminate/View/View.php(208): Livewire\\Mechanisms\\ExtendBlade\\ExtendedCompilerEngine->get('/home/mercia/PR...', Array)
#9 /home/mercia/PROJETS/WEB/vimaiz/vendor/laravel/framework/src/Illuminate/View/View.php(191): Illuminate\\View\\View->getContents()
#10 /home/mercia/PROJETS/WEB/vimaiz/vendor/laravel/framework/src/Illuminate/View/View.php(160): Illuminate\\View\\View->renderContents()
#11 /home/mercia/PROJETS/WEB/vimaiz/vendor/laravel/framework/src/Illuminate/Http/Response.php(78): Illuminate\\View\\View->render()
#12 /home/mercia/PROJETS/WEB/vimaiz/vendor/laravel/framework/src/Illuminate/Http/Response.php(34): Illuminate\\Http\\Response->setContent(Object(Illuminate\\View\\View))
#13 /home/mercia/PROJETS/WEB/vimaiz/vendor/laravel/framework/src/Illuminate/Routing/ResponseFactory.php(61): Illuminate\\Http\\Response->__construct(Object(Illuminate\\View\\View), 200, Array)
#14 /home/mercia/PROJETS/WEB/vimaiz/vendor/laravel/framework/src/Illuminate/Routing/ResponseFactory.php(91): Illuminate\\Routing\\ResponseFactory->make(Object(Illuminate\\View\\View), 200, Array)
#15 /home/mercia/PROJETS/WEB/vimaiz/vendor/laravel/framework/src/Illuminate/Support/Facades/Facade.php(363): Illuminate\\Routing\\ResponseFactory->view('app', Array)
#16 /home/mercia/PROJETS/WEB/vimaiz/vendor/inertiajs/inertia-laravel/src/Response.php(199): Illuminate\\Support\\Facades\\Facade::__callStatic('view', Array)
#17 /home/mercia/PROJETS/WEB/vimaiz/vendor/laravel/fortify/src/Http/Responses/SimpleViewResponse.php(56): Inertia\\Response->toResponse(Object(Illuminate\\Http\\Request))
#18 /home/mercia/PROJETS/WEB/vimaiz/vendor/laravel/framework/src/Illuminate/Routing/Router.php(921): Laravel\\Fortify\\Http\\Responses\\SimpleViewResponse->toResponse(Object(Illuminate\\Http\\Request))
#19 /home/mercia/PROJETS/WEB/vimaiz/vendor/laravel/framework/src/Illuminate/Routing/Router.php(906): Illuminate\\Routing\\Router::toResponse(Object(Illuminate\\Http\\Request), Object(Laravel\\Fortify\\Http\\Responses\\SimpleViewResponse))
#20 /home/mercia/PROJETS/WEB/vimaiz/vendor/laravel/framework/src/Illuminate/Routing/Router.php(821): Illuminate\\Routing\\Router->prepareResponse(Object(Illuminate\\Http\\Request), Object(Laravel\\Fortify\\Http\\Responses\\SimpleViewResponse))
#21 /home/mercia/PROJETS/WEB/vimaiz/vendor/laravel/framework/src/Illuminate/Pipeline/Pipeline.php(180): Illuminate\\Routing\\Router->{closure:Illuminate\\Routing\\Router::runRouteWithinStack():821}(Object(Illuminate\\Http\\Request))
#22 /home/mercia/PROJETS/WEB/vimaiz/vendor/laravel/framework/src/Illuminate/Auth/Middleware/RedirectIfAuthenticated.php(35): Illuminate\\Pipeline\\Pipeline->{closure:Illuminate\\Pipeline\\Pipeline::prepareDestination():178}(Object(Illuminate\\Http\\Request))
#23 /home/mercia/PROJETS/WEB/vimaiz/vendor/laravel/framework/src/Illuminate/Pipeline/Pipeline.php(219): Illuminate\\Auth\\Middleware\\RedirectIfAuthenticated->handle(Object(Illuminate\\Http\\Request), Object(Closure), 'web')
#24 /home/mercia/PROJETS/WEB/vimaiz/vendor/laravel/framework/src/Illuminate/Http/Middleware/AddLinkHeadersForPreloadedAssets.php(32): Illuminate\\Pipeline\\Pipeline->{closure:{closure:Illuminate\\Pipeline\\Pipeline::carry():194}:195}(Object(Illuminate\\Http\\Request))
#25 /home/mercia/PROJETS/WEB/vimaiz/vendor/laravel/framework/src/Illuminate/Pipeline/Pipeline.php(219): Illuminate\\Http\\Middleware\\AddLinkHeadersForPreloadedAssets->handle(Object(Illuminate\\Http\\Request), Object(Closure))
#26 /home/mercia/PROJETS/WEB/vimaiz/vendor/inertiajs/inertia-laravel/src/Middleware.php(96): Illuminate\\Pipeline\\Pipeline->{closure:{closure:Illuminate\\Pipeline\\Pipeline::carry():194}:195}(Object(Illuminate\\Http\\Request))
#27 /home/mercia/PROJETS/WEB/vimaiz/vendor/laravel/framework/src/Illuminate/Pipeline/Pipeline.php(219): Inertia\\Middleware->handle(Object(Illuminate\\Http\\Request), Object(Closure))
#28 /home/mercia/PROJETS/WEB/vimaiz/app/Http/Middleware/HandleAppearance.php(21): Illuminate\\Pipeline\\Pipeline->{closure:{closure:Illuminate\\Pipeline\\Pipeline::carry():194}:195}(Object(Illuminate\\Http\\Request))
#29 /home/mercia/PROJETS/WEB/vimaiz/vendor/laravel/framework/src/Illuminate/Pipeline/Pipeline.php(219): App\\Http\\Middleware\\HandleAppearance->handle(Object(Illuminate\\Http\\Request), Object(Closure))
#30 /home/mercia/PROJETS/WEB/vimaiz/vendor/laravel/framework/src/Illuminate/Routing/Middleware/SubstituteBindings.php(50): Illuminate\\Pipeline\\Pipeline->{closure:{closure:Illuminate\\Pipeline\\Pipeline::carry():194}:195}(Object(Illuminate\\Http\\Request))
#31 /home/mercia/PROJETS/WEB/vimaiz/vendor/laravel/framework/src/Illuminate/Pipeline/Pipeline.php(219): Illuminate\\Routing\\Middleware\\SubstituteBindings->handle(Object(Illuminate\\Http\\Request), Object(Closure))
#32 /home/mercia/PROJETS/WEB/vimaiz/vendor/laravel/framework/src/Illuminate/Foundation/Http/Middleware/VerifyCsrfToken.php(87): Illuminate\\Pipeline\\Pipeline->{closure:{closure:Illuminate\\Pipeline\\Pipeline::carry():194}:195}(Object(Illuminate\\Http\\Request))
#33 /home/mercia/PROJETS/WEB/vimaiz/vendor/laravel/framework/src/Illuminate/Pipeline/Pipeline.php(219): Illuminate\\Foundation\\Http\\Middleware\\VerifyCsrfToken->handle(Object(Illuminate\\Http\\Request), Object(Closure))
#34 /home/mercia/PROJETS/WEB/vimaiz/vendor/laravel/framework/src/Illuminate/View/Middleware/ShareErrorsFromSession.php(48): Illuminate\\Pipeline\\Pipeline->{closure:{closure:Illuminate\\Pipeline\\Pipeline::carry():194}:195}(Object(Illuminate\\Http\\Request))
#35 /home/mercia/PROJETS/WEB/vimaiz/vendor/laravel/framework/src/Illuminate/Pipeline/Pipeline.php(219): Illuminate\\View\\Middleware\\ShareErrorsFromSession->handle(Object(Illuminate\\Http\\Request), Object(Closure))
#36 /home/mercia/PROJETS/WEB/vimaiz/vendor/laravel/framework/src/Illuminate/Session/Middleware/StartSession.php(120): Illuminate\\Pipeline\\Pipeline->{closure:{closure:Illuminate\\Pipeline\\Pipeline::carry():194}:195}(Object(Illuminate\\Http\\Request))
#37 /home/mercia/PROJETS/WEB/vimaiz/vendor/laravel/framework/src/Illuminate/Session/Middleware/StartSession.php(63): Illuminate\\Session\\Middleware\\StartSession->handleStatefulRequest(Object(Illuminate\\Http\\Request), Object(Illuminate\\Session\\Store), Object(Closure))
#38 /home/mercia/PROJETS/WEB/vimaiz/vendor/laravel/framework/src/Illuminate/Pipeline/Pipeline.php(219): Illuminate\\Session\\Middleware\\StartSession->handle(Object(Illuminate\\Http\\Request), Object(Closure))
#39 /home/mercia/PROJETS/WEB/vimaiz/vendor/laravel/framework/src/Illuminate/Cookie/Middleware/AddQueuedCookiesToResponse.php(36): Illuminate\\Pipeline\\Pipeline->{closure:{closure:Illuminate\\Pipeline\\Pipeline::carry():194}:195}(Object(Illuminate\\Http\\Request))
#40 /home/mercia/PROJETS/WEB/vimaiz/vendor/laravel/framework/src/Illuminate/Pipeline/Pipeline.php(219): Illuminate\\Cookie\\Middleware\\AddQueuedCookiesToResponse->handle(Object(Illuminate\\Http\\Request), Object(Closure))
#41 /home/mercia/PROJETS/WEB/vimaiz/vendor/laravel/framework/src/Illuminate/Cookie/Middleware/EncryptCookies.php(74): Illuminate\\Pipeline\\Pipeline->{closure:{closure:Illuminate\\Pipeline\\Pipeline::carry():194}:195}(Object(Illuminate\\Http\\Request))
#42 /home/mercia/PROJETS/WEB/vimaiz/vendor/laravel/framework/src/Illuminate/Pipeline/Pipeline.php(219): Illuminate\\Cookie\\Middleware\\EncryptCookies->handle(Object(Illuminate\\Http\\Request), Object(Closure))
#43 /home/mercia/PROJETS/WEB/vimaiz/vendor/laravel/framework/src/Illuminate/Pipeline/Pipeline.php(137): Illuminate\\Pipeline\\Pipeline->{closure:{closure:Illuminate\\Pipeline\\Pipeline::carry():194}:195}(Object(Illuminate\\Http\\Request))
#44 /home/mercia/PROJETS/WEB/vimaiz/vendor/laravel/framework/src/Illuminate/Routing/Router.php(821): Illuminate\\Pipeline\\Pipeline->then(Object(Closure))
#45 /home/mercia/PROJETS/WEB/vimaiz/vendor/laravel/framework/src/Illuminate/Routing/Router.php(800): Illuminate\\Routing\\Router->runRouteWithinStack(Object(Illuminate\\Routing\\Route), Object(Illuminate\\Http\\Request))
#46 /home/mercia/PROJETS/WEB/vimaiz/vendor/laravel/framework/src/Illuminate/Routing/Router.php(764): Illuminate\\Routing\\Router->runRoute(Object(Illuminate\\Http\\Request), Object(Illuminate\\Routing\\Route))
#47 /home/mercia/PROJETS/WEB/vimaiz/vendor/laravel/framework/src/Illuminate/Routing/Router.php(753): Illuminate\\Routing\\Router->dispatchToRoute(Object(Illuminate\\Http\\Request))
#48 /home/mercia/PROJETS/WEB/vimaiz/vendor/laravel/framework/src/Illuminate/Foundation/Http/Kernel.php(200): Illuminate\\Routing\\Router->dispatch(Object(Illuminate\\Http\\Request))
#49 /home/mercia/PROJETS/WEB/vimaiz/vendor/laravel/framework/src/Illuminate/Pipeline/Pipeline.php(180): Illuminate\\Foundation\\Http\\Kernel->{closure:Illuminate\\Foundation\\Http\\Kernel::dispatchToRouter():197}(Object(Illuminate\\Http\\Request))
#50 /home/mercia/PROJETS/WEB/vimaiz/vendor/livewire/livewire/src/Features/SupportDisablingBackButtonCache/DisableBackButtonCacheMiddleware.php(19): Illuminate\\Pipeline\\Pipeline->{closure:Illuminate\\Pipeline\\Pipeline::prepareDestination():178}(Object(Illuminate\\Http\\Request))
#51 /home/mercia/PROJETS/WEB/vimaiz/vendor/laravel/framework/src/Illuminate/Pipeline/Pipeline.php(219): Livewire\\Features\\SupportDisablingBackButtonCache\\DisableBackButtonCacheMiddleware->handle(Object(Illuminate\\Http\\Request), Object(Closure))
#52 /home/mercia/PROJETS/WEB/vimaiz/vendor/laravel/framework/src/Illuminate/Foundation/Http/Middleware/TransformsRequest.php(21): Illuminate\\Pipeline\\Pipeline->{closure:{closure:Illuminate\\Pipeline\\Pipeline::carry():194}:195}(Object(Illuminate\\Http\\Request))
#53 /home/mercia/PROJETS/WEB/vimaiz/vendor/laravel/framework/src/Illuminate/Foundation/Http/Middleware/ConvertEmptyStringsToNull.php(31): Illuminate\\Foundation\\Http\\Middleware\\TransformsRequest->handle(Object(Illuminate\\Http\\Request), Object(Closure))
#54 /home/mercia/PROJETS/WEB/vimaiz/vendor/laravel/framework/src/Illuminate/Pipeline/Pipeline.php(219): Illuminate\\Foundation\\Http\\Middleware\\ConvertEmptyStringsToNull->handle(Object(Illuminate\\Http\\Request), Object(Closure))
#55 /home/mercia/PROJETS/WEB/vimaiz/vendor/laravel/framework/src/Illuminate/Foundation/Http/Middleware/TransformsRequest.php(21): Illuminate\\Pipeline\\Pipeline->{closure:{closure:Illuminate\\Pipeline\\Pipeline::carry():194}:195}(Object(Illuminate\\Http\\Request))
#56 /home/mercia/PROJETS/WEB/vimaiz/vendor/laravel/framework/src/Illuminate/Foundation/Http/Middleware/TrimStrings.php(51): Illuminate\\Foundation\\Http\\Middleware\\TransformsRequest->handle(Object(Illuminate\\Http\\Request), Object(Closure))
#57 /home/mercia/PROJETS/WEB/vimaiz/vendor/laravel/framework/src/Illuminate/Pipeline/Pipeline.php(219): Illuminate\\Foundation\\Http\\Middleware\\TrimStrings->handle(Object(Illuminate\\Http\\Request), Object(Closure))
#58 /home/mercia/PROJETS/WEB/vimaiz/vendor/laravel/framework/src/Illuminate/Http/Middleware/ValidatePostSize.php(27): Illuminate\\Pipeline\\Pipeline->{closure:{closure:Illuminate\\Pipeline\\Pipeline::carry():194}:195}(Object(Illuminate\\Http\\Request))
#59 /home/mercia/PROJETS/WEB/vimaiz/vendor/laravel/framework/src/Illuminate/Pipeline/Pipeline.php(219): Illuminate\\Http\\Middleware\\ValidatePostSize->handle(Object(Illuminate\\Http\\Request), Object(Closure))
#60 /home/mercia/PROJETS/WEB/vimaiz/vendor/laravel/framework/src/Illuminate/Foundation/Http/Middleware/PreventRequestsDuringMaintenance.php(109): Illuminate\\Pipeline\\Pipeline->{closure:{closure:Illuminate\\Pipeline\\Pipeline::carry():194}:195}(Object(Illuminate\\Http\\Request))
#61 /home/mercia/PROJETS/WEB/vimaiz/vendor/laravel/framework/src/Illuminate/Pipeline/Pipeline.php(219): Illuminate\\Foundation\\Http\\Middleware\\PreventRequestsDuringMaintenance->handle(Object(Illuminate\\Http\\Request), Object(Closure))
#62 /home/mercia/PROJETS/WEB/vimaiz/vendor/laravel/framework/src/Illuminate/Http/Middleware/HandleCors.php(48): Illuminate\\Pipeline\\Pipeline->{closure:{closure:Illuminate\\Pipeline\\Pipeline::carry():194}:195}(Object(Illuminate\\Http\\Request))
#63 /home/mercia/PROJETS/WEB/vimaiz/vendor/laravel/framework/src/Illuminate/Pipeline/Pipeline.php(219): Illuminate\\Http\\Middleware\\HandleCors->handle(Object(Illuminate\\Http\\Request), Object(Closure))
#64 /home/mercia/PROJETS/WEB/vimaiz/vendor/laravel/framework/src/Illuminate/Http/Middleware/TrustProxies.php(58): Illuminate\\Pipeline\\Pipeline->{closure:{closure:Illuminate\\Pipeline\\Pipeline::carry():194}:195}(Object(Illuminate\\Http\\Request))
#65 /home/mercia/PROJETS/WEB/vimaiz/vendor/laravel/framework/src/Illuminate/Pipeline/Pipeline.php(219): Illuminate\\Http\\Middleware\\TrustProxies->handle(Object(Illuminate\\Http\\Request), Object(Closure))
#66 /home/mercia/PROJETS/WEB/vimaiz/vendor/laravel/framework/src/Illuminate/Foundation/Http/Middleware/InvokeDeferredCallbacks.php(22): Illuminate\\Pipeline\\Pipeline->{closure:{closure:Illuminate\\Pipeline\\Pipeline::carry():194}:195}(Object(Illuminate\\Http\\Request))
#67 /home/mercia/PROJETS/WEB/vimaiz/vendor/laravel/framework/src/Illuminate/Pipeline/Pipeline.php(219): Illuminate\\Foundation\\Http\\Middleware\\InvokeDeferredCallbacks->handle(Object(Illuminate\\Http\\Request), Object(Closure))
#68 /home/mercia/PROJETS/WEB/vimaiz/vendor/laravel/framework/src/Illuminate/Http/Middleware/ValidatePathEncoding.php(26): Illuminate\\Pipeline\\Pipeline->{closure:{closure:Illuminate\\Pipeline\\Pipeline::carry():194}:195}(Object(Illuminate\\Http\\Request))
#69 /home/mercia/PROJETS/WEB/vimaiz/vendor/laravel/framework/src/Illuminate/Pipeline/Pipeline.php(219): Illuminate\\Http\\Middleware\\ValidatePathEncoding->handle(Object(Illuminate\\Http\\Request), Object(Closure))
#70 /home/mercia/PROJETS/WEB/vimaiz/vendor/laravel/framework/src/Illuminate/Pipeline/Pipeline.php(137): Illuminate\\Pipeline\\Pipeline->{closure:{closure:Illuminate\\Pipeline\\Pipeline::carry():194}:195}(Object(Illuminate\\Http\\Request))
#71 /home/mercia/PROJETS/WEB/vimaiz/vendor/laravel/framework/src/Illuminate/Foundation/Http/Kernel.php(175): Illuminate\\Pipeline\\Pipeline->then(Object(Closure))
#72 /home/mercia/PROJETS/WEB/vimaiz/vendor/laravel/framework/src/Illuminate/Foundation/Http/Kernel.php(144): Illuminate\\Foundation\\Http\\Kernel->sendRequestThroughRouter(Object(Illuminate\\Http\\Request))
#73 /home/mercia/PROJETS/WEB/vimaiz/vendor/laravel/framework/src/Illuminate/Foundation/Application.php(1220): Illuminate\\Foundation\\Http\\Kernel->handle(Object(Illuminate\\Http\\Request))
#74 /home/mercia/PROJETS/WEB/vimaiz/public/index.php(20): Illuminate\\Foundation\\Application->handleRequest(Object(Illuminate\\Http\\Request))
#75 /home/mercia/PROJETS/WEB/vimaiz/vendor/laravel/framework/src/Illuminate/Foundation/resources/server.php(23): require_once('/home/mercia/PR...')
#76 {main}
"} 
[2026-01-18 20:36:22] local.ERROR: SQLSTATE[HY000] [2002] Connection refused (Connection: mysql, SQL: select * from `sessions` where `id` = uQd2Jb5ODWPpPqpaXoT1GBngMPx73vzq9mjJQXeE limit 1) {"exception":"[object] (Illuminate\\Database\\QueryException(code: 2002): SQLSTATE[HY000] [2002] Connection refused (Connection: mysql, SQL: select * from `sessions` where `id` = uQd2Jb5ODWPpPqpaXoT1GBngMPx73vzq9mjJQXeE limit 1) at /Volumes/Robert/projets clients/Stephane/vimaiz/vendor/laravel/framework/src/Illuminate/Database/Connection.php:824)
[stacktrace]
#0 /Volumes/Robert/projets clients/Stephane/vimaiz/vendor/laravel/framework/src/Illuminate/Database/Connection.php(978): Illuminate\\Database\\Connection->runQueryCallback('select * from `...', Array, Object(Closure))
#1 /Volumes/Robert/projets clients/Stephane/vimaiz/vendor/laravel/framework/src/Illuminate/Database/Connection.php(957): Illuminate\\Database\\Connection->tryAgainIfCausedByLostConnection(Object(Illuminate\\Database\\QueryException), 'select * from `...', Array, Object(Closure))
#2 /Volumes/Robert/projets clients/Stephane/vimaiz/vendor/laravel/framework/src/Illuminate/Database/Connection.php(780): Illuminate\\Database\\Connection->handleQueryException(Object(Illuminate\\Database\\QueryException), 'select * from `...', Array, Object(Closure))
#3 /Volumes/Robert/projets clients/Stephane/vimaiz/vendor/laravel/framework/src/Illuminate/Database/Connection.php(397): Illuminate\\Database\\Connection->run('select * from `...', Array, Object(Closure))
#4 /Volumes/Robert/projets clients/Stephane/vimaiz/vendor/laravel/framework/src/Illuminate/Database/Query/Builder.php(3188): Illuminate\\Database\\Connection->select('select * from `...', Array, false)
#5 /Volumes/Robert/projets clients/Stephane/vimaiz/vendor/laravel/framework/src/Illuminate/Database/Query/Builder.php(3173): Illuminate\\Database\\Query\\Builder->runSelect()
#6 /Volumes/Robert/projets clients/Stephane/vimaiz/vendor/laravel/framework/src/Illuminate/Database/Query/Builder.php(3763): Illuminate\\Database\\Query\\Builder->{closure:Illuminate\\Database\\Query\\Builder::get():3172}()
#7 /Volumes/Robert/projets clients/Stephane/vimaiz/vendor/laravel/framework/src/Illuminate/Database/Query/Builder.php(3172): Illuminate\\Database\\Query\\Builder->onceWithColumns(Array, Object(Closure))
#8 /Volumes/Robert/projets clients/Stephane/vimaiz/vendor/laravel/framework/src/Illuminate/Database/Concerns/BuildsQueries.php(366): Illuminate\\Database\\Query\\Builder->get(Array)
#9 /Volumes/Robert/projets clients/Stephane/vimaiz/vendor/laravel/framework/src/Illuminate/Database/Query/Builder.php(3095): Illuminate\\Database\\Query\\Builder->first(Array)
#10 /Volumes/Robert/projets clients/Stephane/vimaiz/vendor/laravel/framework/src/Illuminate/Session/DatabaseSessionHandler.php(96): Illuminate\\Database\\Query\\Builder->find('uQd2Jb5ODWPpPqp...')
#11 /Volumes/Robert/projets clients/Stephane/vimaiz/vendor/laravel/framework/src/Illuminate/Session/Store.php(117): Illuminate\\Session\\DatabaseSessionHandler->read('uQd2Jb5ODWPpPqp...')
#12 /Volumes/Robert/projets clients/Stephane/vimaiz/vendor/laravel/framework/src/Illuminate/Session/Store.php(105): Illuminate\\Session\\Store->readFromHandler()
#13 /Volumes/Robert/projets clients/Stephane/vimaiz/vendor/laravel/framework/src/Illuminate/Session/Store.php(89): Illuminate\\Session\\Store->loadSession()
#14 /Volumes/Robert/projets clients/Stephane/vimaiz/vendor/laravel/framework/src/Illuminate/Session/Middleware/StartSession.php(146): Illuminate\\Session\\Store->start()
#15 /Volumes/Robert/projets clients/Stephane/vimaiz/vendor/laravel/framework/src/Illuminate/Support/helpers.php(390): Illuminate\\Session\\Middleware\\StartSession->{closure:Illuminate\\Session\\Middleware\\StartSession::startSession():143}(Object(Illuminate\\Session\\Store))
#16 /Volumes/Robert/projets clients/Stephane/vimaiz/vendor/laravel/framework/src/Illuminate/Session/Middleware/StartSession.php(143): tap(Object(Illuminate\\Session\\Store), Object(Closure))
#17 /Volumes/Robert/projets clients/Stephane/vimaiz/vendor/laravel/framework/src/Illuminate/Session/Middleware/StartSession.php(115): Illuminate\\Session\\Middleware\\StartSession->startSession(Object(Illuminate\\Http\\Request), Object(Illuminate\\Session\\Store))
#18 /Volumes/Robert/projets clients/Stephane/vimaiz/vendor/laravel/framework/src/Illuminate/Session/Middleware/StartSession.php(63): Illuminate\\Session\\Middleware\\StartSession->handleStatefulRequest(Object(Illuminate\\Http\\Request), Object(Illuminate\\Session\\Store), Object(Closure))
#19 /Volumes/Robert/projets clients/Stephane/vimaiz/vendor/laravel/framework/src/Illuminate/Pipeline/Pipeline.php(219): Illuminate\\Session\\Middleware\\StartSession->handle(Object(Illuminate\\Http\\Request), Object(Closure))
#20 /Volumes/Robert/projets clients/Stephane/vimaiz/vendor/laravel/framework/src/Illuminate/Cookie/Middleware/AddQueuedCookiesToResponse.php(36): Illuminate\\Pipeline\\Pipeline->{closure:{closure:Illuminate\\Pipeline\\Pipeline::carry():194}:195}(Object(Illuminate\\Http\\Request))
#21 /Volumes/Robert/projets clients/Stephane/vimaiz/vendor/laravel/framework/src/Illuminate/Pipeline/Pipeline.php(219): Illuminate\\Cookie\\Middleware\\AddQueuedCookiesToResponse->handle(Object(Illuminate\\Http\\Request), Object(Closure))
#22 /Volumes/Robert/projets clients/Stephane/vimaiz/vendor/laravel/framework/src/Illuminate/Cookie/Middleware/EncryptCookies.php(74): Illuminate\\Pipeline\\Pipeline->{closure:{closure:Illuminate\\Pipeline\\Pipeline::carry():194}:195}(Object(Illuminate\\Http\\Request))
#23 /Volumes/Robert/projets clients/Stephane/vimaiz/vendor/laravel/framework/src/Illuminate/Pipeline/Pipeline.php(219): Illuminate\\Cookie\\Middleware\\EncryptCookies->handle(Object(Illuminate\\Http\\Request), Object(Closure))
#24 /Volumes/Robert/projets clients/Stephane/vimaiz/vendor/laravel/framework/src/Illuminate/Pipeline/Pipeline.php(137): Illuminate\\Pipeline\\Pipeline->{closure:{closure:Illuminate\\Pipeline\\Pipeline::carry():194}:195}(Object(Illuminate\\Http\\Request))
#25 /Volumes/Robert/projets clients/Stephane/vimaiz/vendor/laravel/framework/src/Illuminate/Routing/Router.php(821): Illuminate\\Pipeline\\Pipeline->then(Object(Closure))
#26 /Volumes/Robert/projets clients/Stephane/vimaiz/vendor/laravel/framework/src/Illuminate/Routing/Router.php(800): Illuminate\\Routing\\Router->runRouteWithinStack(Object(Illuminate\\Routing\\Route), Object(Illuminate\\Http\\Request))
#27 /Volumes/Robert/projets clients/Stephane/vimaiz/vendor/laravel/framework/src/Illuminate/Routing/Router.php(764): Illuminate\\Routing\\Router->runRoute(Object(Illuminate\\Http\\Request), Object(Illuminate\\Routing\\Route))
#28 /Volumes/Robert/projets clients/Stephane/vimaiz/vendor/laravel/framework/src/Illuminate/Routing/Router.php(753): Illuminate\\Routing\\Router->dispatchToRoute(Object(Illuminate\\Http\\Request))
#29 /Volumes/Robert/projets clients/Stephane/vimaiz/vendor/laravel/framework/src/Illuminate/Foundation/Http/Kernel.php(200): Illuminate\\Routing\\Router->dispatch(Object(Illuminate\\Http\\Request))
#30 /Volumes/Robert/projets clients/Stephane/vimaiz/vendor/laravel/framework/src/Illuminate/Pipeline/Pipeline.php(180): Illuminate\\Foundation\\Http\\Kernel->{closure:Illuminate\\Foundation\\Http\\Kernel::dispatchToRouter():197}(Object(Illuminate\\Http\\Request))
#31 /Volumes/Robert/projets clients/Stephane/vimaiz/vendor/livewire/livewire/src/Features/SupportDisablingBackButtonCache/DisableBackButtonCacheMiddleware.php(19): Illuminate\\Pipeline\\Pipeline->{closure:Illuminate\\Pipeline\\Pipeline::prepareDestination():178}(Object(Illuminate\\Http\\Request))
#32 /Volumes/Robert/projets clients/Stephane/vimaiz/vendor/laravel/framework/src/Illuminate/Pipeline/Pipeline.php(219): Livewire\\Features\\SupportDisablingBackButtonCache\\DisableBackButtonCacheMiddleware->handle(Object(Illuminate\\Http\\Request), Object(Closure))
#33 /Volumes/Robert/projets clients/Stephane/vimaiz/vendor/laravel/framework/src/Illuminate/Foundation/Http/Middleware/TransformsRequest.php(21): Illuminate\\Pipeline\\Pipeline->{closure:{closure:Illuminate\\Pipeline\\Pipeline::carry():194}:195}(Object(Illuminate\\Http\\Request))
#34 /Volumes/Robert/projets clients/Stephane/vimaiz/vendor/laravel/framework/src/Illuminate/Foundation/Http/Middleware/ConvertEmptyStringsToNull.php(31): Illuminate\\Foundation\\Http\\Middleware\\TransformsRequest->handle(Object(Illuminate\\Http\\Request), Object(Closure))
#35 /Volumes/Robert/projets clients/Stephane/vimaiz/vendor/laravel/framework/src/Illuminate/Pipeline/Pipeline.php(219): Illuminate\\Foundation\\Http\\Middleware\\ConvertEmptyStringsToNull->handle(Object(Illuminate\\Http\\Request), Object(Closure))
#36 /Volumes/Robert/projets clients/Stephane/vimaiz/vendor/laravel/framework/src/Illuminate/Foundation/Http/Middleware/TransformsRequest.php(21): Illuminate\\Pipeline\\Pipeline->{closure:{closure:Illuminate\\Pipeline\\Pipeline::carry():194}:195}(Object(Illuminate\\Http\\Request))
#37 /Volumes/Robert/projets clients/Stephane/vimaiz/vendor/laravel/framework/src/Illuminate/Foundation/Http/Middleware/TrimStrings.php(51): Illuminate\\Foundation\\Http\\Middleware\\TransformsRequest->handle(Object(Illuminate\\Http\\Request), Object(Closure))
#38 /Volumes/Robert/projets clients/Stephane/vimaiz/vendor/laravel/framework/src/Illuminate/Pipeline/Pipeline.php(219): Illuminate\\Foundation\\Http\\Middleware\\TrimStrings->handle(Object(Illuminate\\Http\\Request), Object(Closure))
#39 /Volumes/Robert/projets clients/Stephane/vimaiz/vendor/laravel/framework/src/Illuminate/Http/Middleware/ValidatePostSize.php(27): Illuminate\\Pipeline\\Pipeline->{closure:{closure:Illuminate\\Pipeline\\Pipeline::carry():194}:195}(Object(Illuminate\\Http\\Request))
#40 /Volumes/Robert/projets clients/Stephane/vimaiz/vendor/laravel/framework/src/Illuminate/Pipeline/Pipeline.php(219): Illuminate\\Http\\Middleware\\ValidatePostSize->handle(Object(Illuminate\\Http\\Request), Object(Closure))
#41 /Volumes/Robert/projets clients/Stephane/vimaiz/vendor/laravel/framework/src/Illuminate/Foundation/Http/Middleware/PreventRequestsDuringMaintenance.php(109): Illuminate\\Pipeline\\Pipeline->{closure:{closure:Illuminate\\Pipeline\\Pipeline::carry():194}:195}(Object(Illuminate\\Http\\Request))
#42 /Volumes/Robert/projets clients/Stephane/vimaiz/vendor/laravel/framework/src/Illuminate/Pipeline/Pipeline.php(219): Illuminate\\Foundation\\Http\\Middleware\\PreventRequestsDuringMaintenance->handle(Object(Illuminate\\Http\\Request), Object(Closure))
#43 /Volumes/Robert/projets clients/Stephane/vimaiz/vendor/laravel/framework/src/Illuminate/Http/Middleware/HandleCors.php(48): Illuminate\\Pipeline\\Pipeline->{closure:{closure:Illuminate\\Pipeline\\Pipeline::carry():194}:195}(Object(Illuminate\\Http\\Request))
#44 /Volumes/Robert/projets clients/Stephane/vimaiz/vendor/laravel/framework/src/Illuminate/Pipeline/Pipeline.php(219): Illuminate\\Http\\Middleware\\HandleCors->handle(Object(Illuminate\\Http\\Request), Object(Closure))
#45 /Volumes/Robert/projets clients/Stephane/vimaiz/vendor/laravel/framework/src/Illuminate/Http/Middleware/TrustProxies.php(58): Illuminate\\Pipeline\\Pipeline->{closure:{closure:Illuminate\\Pipeline\\Pipeline::carry():194}:195}(Object(Illuminate\\Http\\Request))
#46 /Volumes/Robert/projets clients/Stephane/vimaiz/vendor/laravel/framework/src/Illuminate/Pipeline/Pipeline.php(219): Illuminate\\Http\\Middleware\\TrustProxies->handle(Object(Illuminate\\Http\\Request), Object(Closure))
#47 /Volumes/Robert/projets clients/Stephane/vimaiz/vendor/laravel/framework/src/Illuminate/Foundation/Http/Middleware/InvokeDeferredCallbacks.php(22): Illuminate\\Pipeline\\Pipeline->{closure:{closure:Illuminate\\Pipeline\\Pipeline::carry():194}:195}(Object(Illuminate\\Http\\Request))
#48 /Volumes/Robert/projets clients/Stephane/vimaiz/vendor/laravel/framework/src/Illuminate/Pipeline/Pipeline.php(219): Illuminate\\Foundation\\Http\\Middleware\\InvokeDeferredCallbacks->handle(Object(Illuminate\\Http\\Request), Object(Closure))
#49 /Volumes/Robert/projets clients/Stephane/vimaiz/vendor/laravel/framework/src/Illuminate/Http/Middleware/ValidatePathEncoding.php(26): Illuminate\\Pipeline\\Pipeline->{closure:{closure:Illuminate\\Pipeline\\Pipeline::carry():194}:195}(Object(Illuminate\\Http\\Request))
#50 /Volumes/Robert/projets clients/Stephane/vimaiz/vendor/laravel/framework/src/Illuminate/Pipeline/Pipeline.php(219): Illuminate\\Http\\Middleware\\ValidatePathEncoding->handle(Object(Illuminate\\Http\\Request), Object(Closure))
#51 /Volumes/Robert/projets clients/Stephane/vimaiz/vendor/laravel/framework/src/Illuminate/Pipeline/Pipeline.php(137): Illuminate\\Pipeline\\Pipeline->{closure:{closure:Illuminate\\Pipeline\\Pipeline::carry():194}:195}(Object(Illuminate\\Http\\Request))
#52 /Volumes/Robert/projets clients/Stephane/vimaiz/vendor/laravel/framework/src/Illuminate/Foundation/Http/Kernel.php(175): Illuminate\\Pipeline\\Pipeline->then(Object(Closure))
#53 /Volumes/Robert/projets clients/Stephane/vimaiz/vendor/laravel/framework/src/Illuminate/Foundation/Http/Kernel.php(144): Illuminate\\Foundation\\Http\\Kernel->sendRequestThroughRouter(Object(Illuminate\\Http\\Request))
#54 /Volumes/Robert/projets clients/Stephane/vimaiz/vendor/laravel/framework/src/Illuminate/Foundation/Application.php(1220): Illuminate\\Foundation\\Http\\Kernel->handle(Object(Illuminate\\Http\\Request))
#55 /Volumes/Robert/projets clients/Stephane/vimaiz/public/index.php(20): Illuminate\\Foundation\\Application->handleRequest(Object(Illuminate\\Http\\Request))
#56 /Volumes/Robert/projets clients/Stephane/vimaiz/vendor/laravel/framework/src/Illuminate/Foundation/resources/server.php(23): require_once('/Volumes/Robert...')
#57 {main}

[previous exception] [object] (PDOException(code: 2002): SQLSTATE[HY000] [2002] Connection refused at /Volumes/Robert/projets clients/Stephane/vimaiz/vendor/laravel/framework/src/Illuminate/Database/Connectors/Connector.php:67)
[stacktrace]
#0 /Volumes/Robert/projets clients/Stephane/vimaiz/vendor/laravel/framework/src/Illuminate/Database/Connectors/Connector.php(67): PDO::connect('mysql:host=127....', 'root', Object(SensitiveParameterValue), Array)
#1 /Volumes/Robert/projets clients/Stephane/vimaiz/vendor/laravel/framework/src/Illuminate/Database/Connectors/Connector.php(85): Illuminate\\Database\\Connectors\\Connector->createPdoConnection('mysql:host=127....', 'root', Object(SensitiveParameterValue), Array)
#2 /Volumes/Robert/projets clients/Stephane/vimaiz/vendor/laravel/framework/src/Illuminate/Database/Connectors/Connector.php(48): Illuminate\\Database\\Connectors\\Connector->tryAgainIfCausedByLostConnection(Object(PDOException), 'mysql:host=127....', 'root', Object(SensitiveParameterValue), Array)
#3 /Volumes/Robert/projets clients/Stephane/vimaiz/vendor/laravel/framework/src/Illuminate/Database/Connectors/MySqlConnector.php(24): Illuminate\\Database\\Connectors\\Connector->createConnection('mysql:host=127....', Array, Array)
#4 /Volumes/Robert/projets clients/Stephane/vimaiz/vendor/laravel/framework/src/Illuminate/Database/Connectors/ConnectionFactory.php(184): Illuminate\\Database\\Connectors\\MySqlConnector->connect(Array)
#5 [internal function]: Illuminate\\Database\\Connectors\\ConnectionFactory->{closure:Illuminate\\Database\\Connectors\\ConnectionFactory::createPdoResolverWithHosts():179}()
#6 /Volumes/Robert/projets clients/Stephane/vimaiz/vendor/laravel/framework/src/Illuminate/Database/Connection.php(1234): call_user_func(Object(Closure))
#7 /Volumes/Robert/projets clients/Stephane/vimaiz/vendor/laravel/framework/src/Illuminate/Database/Connection.php(511): Illuminate\\Database\\Connection->getPdo()
#8 /Volumes/Robert/projets clients/Stephane/vimaiz/vendor/laravel/framework/src/Illuminate/Database/Connection.php(406): Illuminate\\Database\\Connection->getPdoForSelect(false)
#9 /Volumes/Robert/projets clients/Stephane/vimaiz/vendor/laravel/framework/src/Illuminate/Database/Connection.php(811): Illuminate\\Database\\Connection->{closure:Illuminate\\Database\\Connection::select():397}('select * from `...', Array)
#10 /Volumes/Robert/projets clients/Stephane/vimaiz/vendor/laravel/framework/src/Illuminate/Database/Connection.php(978): Illuminate\\Database\\Connection->runQueryCallback('select * from `...', Array, Object(Closure))
#11 /Volumes/Robert/projets clients/Stephane/vimaiz/vendor/laravel/framework/src/Illuminate/Database/Connection.php(957): Illuminate\\Database\\Connection->tryAgainIfCausedByLostConnection(Object(Illuminate\\Database\\QueryException), 'select * from `...', Array, Object(Closure))
#12 /Volumes/Robert/projets clients/Stephane/vimaiz/vendor/laravel/framework/src/Illuminate/Database/Connection.php(780): Illuminate\\Database\\Connection->handleQueryException(Object(Illuminate\\Database\\QueryException), 'select * from `...', Array, Object(Closure))
#13 /Volumes/Robert/projets clients/Stephane/vimaiz/vendor/laravel/framework/src/Illuminate/Database/Connection.php(397): Illuminate\\Database\\Connection->run('select * from `...', Array, Object(Closure))
#14 /Volumes/Robert/projets clients/Stephane/vimaiz/vendor/laravel/framework/src/Illuminate/Database/Query/Builder.php(3188): Illuminate\\Database\\Connection->select('select * from `...', Array, false)
#15 /Volumes/Robert/projets clients/Stephane/vimaiz/vendor/laravel/framework/src/Illuminate/Database/Query/Builder.php(3173): Illuminate\\Database\\Query\\Builder->runSelect()
#16 /Volumes/Robert/projets clients/Stephane/vimaiz/vendor/laravel/framework/src/Illuminate/Database/Query/Builder.php(3763): Illuminate\\Database\\Query\\Builder->{closure:Illuminate\\Database\\Query\\Builder::get():3172}()
#17 /Volumes/Robert/projets clients/Stephane/vimaiz/vendor/laravel/framework/src/Illuminate/Database/Query/Builder.php(3172): Illuminate\\Database\\Query\\Builder->onceWithColumns(Array, Object(Closure))
#18 /Volumes/Robert/projets clients/Stephane/vimaiz/vendor/laravel/framework/src/Illuminate/Database/Concerns/BuildsQueries.php(366): Illuminate\\Database\\Query\\Builder->get(Array)
#19 /Volumes/Robert/projets clients/Stephane/vimaiz/vendor/laravel/framework/src/Illuminate/Database/Query/Builder.php(3095): Illuminate\\Database\\Query\\Builder->first(Array)
#20 /Volumes/Robert/projets clients/Stephane/vimaiz/vendor/laravel/framework/src/Illuminate/Session/DatabaseSessionHandler.php(96): Illuminate\\Database\\Query\\Builder->find('uQd2Jb5ODWPpPqp...')
#21 /Volumes/Robert/projets clients/Stephane/vimaiz/vendor/laravel/framework/src/Illuminate/Session/Store.php(117): Illuminate\\Session\\DatabaseSessionHandler->read('uQd2Jb5ODWPpPqp...')
#22 /Volumes/Robert/projets clients/Stephane/vimaiz/vendor/laravel/framework/src/Illuminate/Session/Store.php(105): Illuminate\\Session\\Store->readFromHandler()
#23 /Volumes/Robert/projets clients/Stephane/vimaiz/vendor/laravel/framework/src/Illuminate/Session/Store.php(89): Illuminate\\Session\\Store->loadSession()
#24 /Volumes/Robert/projets clients/Stephane/vimaiz/vendor/laravel/framework/src/Illuminate/Session/Middleware/StartSession.php(146): Illuminate\\Session\\Store->start()
#25 /Volumes/Robert/projets clients/Stephane/vimaiz/vendor/laravel/framework/src/Illuminate/Support/helpers.php(390): Illuminate\\Session\\Middleware\\StartSession->{closure:Illuminate\\Session\\Middleware\\StartSession::startSession():143}(Object(Illuminate\\Session\\Store))
#26 /Volumes/Robert/projets clients/Stephane/vimaiz/vendor/laravel/framework/src/Illuminate/Session/Middleware/StartSession.php(143): tap(Object(Illuminate\\Session\\Store), Object(Closure))
#27 /Volumes/Robert/projets clients/Stephane/vimaiz/vendor/laravel/framework/src/Illuminate/Session/Middleware/StartSession.php(115): Illuminate\\Session\\Middleware\\StartSession->startSession(Object(Illuminate\\Http\\Request), Object(Illuminate\\Session\\Store))
#28 /Volumes/Robert/projets clients/Stephane/vimaiz/vendor/laravel/framework/src/Illuminate/Session/Middleware/StartSession.php(63): Illuminate\\Session\\Middleware\\StartSession->handleStatefulRequest(Object(Illuminate\\Http\\Request), Object(Illuminate\\Session\\Store), Object(Closure))
#29 /Volumes/Robert/projets clients/Stephane/vimaiz/vendor/laravel/framework/src/Illuminate/Pipeline/Pipeline.php(219): Illuminate\\Session\\Middleware\\StartSession->handle(Object(Illuminate\\Http\\Request), Object(Closure))
#30 /Volumes/Robert/projets clients/Stephane/vimaiz/vendor/laravel/framework/src/Illuminate/Cookie/Middleware/AddQueuedCookiesToResponse.php(36): Illuminate\\Pipeline\\Pipeline->{closure:{closure:Illuminate\\Pipeline\\Pipeline::carry():194}:195}(Object(Illuminate\\Http\\Request))
#31 /Volumes/Robert/projets clients/Stephane/vimaiz/vendor/laravel/framework/src/Illuminate/Pipeline/Pipeline.php(219): Illuminate\\Cookie\\Middleware\\AddQueuedCookiesToResponse->handle(Object(Illuminate\\Http\\Request), Object(Closure))
#32 /Volumes/Robert/projets clients/Stephane/vimaiz/vendor/laravel/framework/src/Illuminate/Cookie/Middleware/EncryptCookies.php(74): Illuminate\\Pipeline\\Pipeline->{closure:{closure:Illuminate\\Pipeline\\Pipeline::carry():194}:195}(Object(Illuminate\\Http\\Request))
#33 /Volumes/Robert/projets clients/Stephane/vimaiz/vendor/laravel/framework/src/Illuminate/Pipeline/Pipeline.php(219): Illuminate\\Cookie\\Middleware\\EncryptCookies->handle(Object(Illuminate\\Http\\Request), Object(Closure))
#34 /Volumes/Robert/projets clients/Stephane/vimaiz/vendor/laravel/framework/src/Illuminate/Pipeline/Pipeline.php(137): Illuminate\\Pipeline\\Pipeline->{closure:{closure:Illuminate\\Pipeline\\Pipeline::carry():194}:195}(Object(Illuminate\\Http\\Request))
#35 /Volumes/Robert/projets clients/Stephane/vimaiz/vendor/laravel/framework/src/Illuminate/Routing/Router.php(821): Illuminate\\Pipeline\\Pipeline->then(Object(Closure))
#36 /Volumes/Robert/projets clients/Stephane/vimaiz/vendor/laravel/framework/src/Illuminate/Routing/Router.php(800): Illuminate\\Routing\\Router->runRouteWithinStack(Object(Illuminate\\Routing\\Route), Object(Illuminate\\Http\\Request))
#37 /Volumes/Robert/projets clients/Stephane/vimaiz/vendor/laravel/framework/src/Illuminate/Routing/Router.php(764): Illuminate\\Routing\\Router->runRoute(Object(Illuminate\\Http\\Request), Object(Illuminate\\Routing\\Route))
#38 /Volumes/Robert/projets clients/Stephane/vimaiz/vendor/laravel/framework/src/Illuminate/Routing/Router.php(753): Illuminate\\Routing\\Router->dispatchToRoute(Object(Illuminate\\Http\\Request))
#39 /Volumes/Robert/projets clients/Stephane/vimaiz/vendor/laravel/framework/src/Illuminate/Foundation/Http/Kernel.php(200): Illuminate\\Routing\\Router->dispatch(Object(Illuminate\\Http\\Request))
#40 /Volumes/Robert/projets clients/Stephane/vimaiz/vendor/laravel/framework/src/Illuminate/Pipeline/Pipeline.php(180): Illuminate\\Foundation\\Http\\Kernel->{closure:Illuminate\\Foundation\\Http\\Kernel::dispatchToRouter():197}(Object(Illuminate\\Http\\Request))
#41 /Volumes/Robert/projets clients/Stephane/vimaiz/vendor/livewire/livewire/src/Features/SupportDisablingBackButtonCache/DisableBackButtonCacheMiddleware.php(19): Illuminate\\Pipeline\\Pipeline->{closure:Illuminate\\Pipeline\\Pipeline::prepareDestination():178}(Object(Illuminate\\Http\\Request))
#42 /Volumes/Robert/projets clients/Stephane/vimaiz/vendor/laravel/framework/src/Illuminate/Pipeline/Pipeline.php(219): Livewire\\Features\\SupportDisablingBackButtonCache\\DisableBackButtonCacheMiddleware->handle(Object(Illuminate\\Http\\Request), Object(Closure))
#43 /Volumes/Robert/projets clients/Stephane/vimaiz/vendor/laravel/framework/src/Illuminate/Foundation/Http/Middleware/TransformsRequest.php(21): Illuminate\\Pipeline\\Pipeline->{closure:{closure:Illuminate\\Pipeline\\Pipeline::carry():194}:195}(Object(Illuminate\\Http\\Request))
#44 /Volumes/Robert/projets clients/Stephane/vimaiz/vendor/laravel/framework/src/Illuminate/Foundation/Http/Middleware/ConvertEmptyStringsToNull.php(31): Illuminate\\Foundation\\Http\\Middleware\\TransformsRequest->handle(Object(Illuminate\\Http\\Request), Object(Closure))
#45 /Volumes/Robert/projets clients/Stephane/vimaiz/vendor/laravel/framework/src/Illuminate/Pipeline/Pipeline.php(219): Illuminate\\Foundation\\Http\\Middleware\\ConvertEmptyStringsToNull->handle(Object(Illuminate\\Http\\Request), Object(Closure))
#46 /Volumes/Robert/projets clients/Stephane/vimaiz/vendor/laravel/framework/src/Illuminate/Foundation/Http/Middleware/TransformsRequest.php(21): Illuminate\\Pipeline\\Pipeline->{closure:{closure:Illuminate\\Pipeline\\Pipeline::carry():194}:195}(Object(Illuminate\\Http\\Request))
#47 /Volumes/Robert/projets clients/Stephane/vimaiz/vendor/laravel/framework/src/Illuminate/Foundation/Http/Middleware/TrimStrings.php(51): Illuminate\\Foundation\\Http\\Middleware\\TransformsRequest->handle(Object(Illuminate\\Http\\Request), Object(Closure))
#48 /Volumes/Robert/projets clients/Stephane/vimaiz/vendor/laravel/framework/src/Illuminate/Pipeline/Pipeline.php(219): Illuminate\\Foundation\\Http\\Middleware\\TrimStrings->handle(Object(Illuminate\\Http\\Request), Object(Closure))
#49 /Volumes/Robert/projets clients/Stephane/vimaiz/vendor/laravel/framework/src/Illuminate/Http/Middleware/ValidatePostSize.php(27): Illuminate\\Pipeline\\Pipeline->{closure:{closure:Illuminate\\Pipeline\\Pipeline::carry():194}:195}(Object(Illuminate\\Http\\Request))
#50 /Volumes/Robert/projets clients/Stephane/vimaiz/vendor/laravel/framework/src/Illuminate/Pipeline/Pipeline.php(219): Illuminate\\Http\\Middleware\\ValidatePostSize->handle(Object(Illuminate\\Http\\Request), Object(Closure))
#51 /Volumes/Robert/projets clients/Stephane/vimaiz/vendor/laravel/framework/src/Illuminate/Foundation/Http/Middleware/PreventRequestsDuringMaintenance.php(109): Illuminate\\Pipeline\\Pipeline->{closure:{closure:Illuminate\\Pipeline\\Pipeline::carry():194}:195}(Object(Illuminate\\Http\\Request))
#52 /Volumes/Robert/projets clients/Stephane/vimaiz/vendor/laravel/framework/src/Illuminate/Pipeline/Pipeline.php(219): Illuminate\\Foundation\\Http\\Middleware\\PreventRequestsDuringMaintenance->handle(Object(Illuminate\\Http\\Request), Object(Closure))
#53 /Volumes/Robert/projets clients/Stephane/vimaiz/vendor/laravel/framework/src/Illuminate/Http/Middleware/HandleCors.php(48): Illuminate\\Pipeline\\Pipeline->{closure:{closure:Illuminate\\Pipeline\\Pipeline::carry():194}:195}(Object(Illuminate\\Http\\Request))
#54 /Volumes/Robert/projets clients/Stephane/vimaiz/vendor/laravel/framework/src/Illuminate/Pipeline/Pipeline.php(219): Illuminate\\Http\\Middleware\\HandleCors->handle(Object(Illuminate\\Http\\Request), Object(Closure))
#55 /Volumes/Robert/projets clients/Stephane/vimaiz/vendor/laravel/framework/src/Illuminate/Http/Middleware/TrustProxies.php(58): Illuminate\\Pipeline\\Pipeline->{closure:{closure:Illuminate\\Pipeline\\Pipeline::carry():194}:195}(Object(Illuminate\\Http\\Request))
#56 /Volumes/Robert/projets clients/Stephane/vimaiz/vendor/laravel/framework/src/Illuminate/Pipeline/Pipeline.php(219): Illuminate\\Http\\Middleware\\TrustProxies->handle(Object(Illuminate\\Http\\Request), Object(Closure))
#57 /Volumes/Robert/projets clients/Stephane/vimaiz/vendor/laravel/framework/src/Illuminate/Foundation/Http/Middleware/InvokeDeferredCallbacks.php(22): Illuminate\\Pipeline\\Pipeline->{closure:{closure:Illuminate\\Pipeline\\Pipeline::carry():194}:195}(Object(Illuminate\\Http\\Request))
#58 /Volumes/Robert/projets clients/Stephane/vimaiz/vendor/laravel/framework/src/Illuminate/Pipeline/Pipeline.php(219): Illuminate\\Foundation\\Http\\Middleware\\InvokeDeferredCallbacks->handle(Object(Illuminate\\Http\\Request), Object(Closure))
#59 /Volumes/Robert/projets clients/Stephane/vimaiz/vendor/laravel/framework/src/Illuminate/Http/Middleware/ValidatePathEncoding.php(26): Illuminate\\Pipeline\\Pipeline->{closure:{closure:Illuminate\\Pipeline\\Pipeline::carry():194}:195}(Object(Illuminate\\Http\\Request))
#60 /Volumes/Robert/projets clients/Stephane/vimaiz/vendor/laravel/framework/src/Illuminate/Pipeline/Pipeline.php(219): Illuminate\\Http\\Middleware\\ValidatePathEncoding->handle(Object(Illuminate\\Http\\Request), Object(Closure))
#61 /Volumes/Robert/projets clients/Stephane/vimaiz/vendor/laravel/framework/src/Illuminate/Pipeline/Pipeline.php(137): Illuminate\\Pipeline\\Pipeline->{closure:{closure:Illuminate\\Pipeline\\Pipeline::carry():194}:195}(Object(Illuminate\\Http\\Request))
#62 /Volumes/Robert/projets clients/Stephane/vimaiz/vendor/laravel/framework/src/Illuminate/Foundation/Http/Kernel.php(175): Illuminate\\Pipeline\\Pipeline->then(Object(Closure))
#63 /Volumes/Robert/projets clients/Stephane/vimaiz/vendor/laravel/framework/src/Illuminate/Foundation/Http/Kernel.php(144): Illuminate\\Foundation\\Http\\Kernel->sendRequestThroughRouter(Object(Illuminate\\Http\\Request))
#64 /Volumes/Robert/projets clients/Stephane/vimaiz/vendor/laravel/framework/src/Illuminate/Foundation/Application.php(1220): Illuminate\\Foundation\\Http\\Kernel->handle(Object(Illuminate\\Http\\Request))
#65 /Volumes/Robert/projets clients/Stephane/vimaiz/public/index.php(20): Illuminate\\Foundation\\Application->handleRequest(Object(Illuminate\\Http\\Request))
#66 /Volumes/Robert/projets clients/Stephane/vimaiz/vendor/laravel/framework/src/Illuminate/Foundation/resources/server.php(23): require_once('/Volumes/Robert...')
#67 {main}
"} 
[2026-01-18 20:37:01] local.ERROR: SQLSTATE[42P01]: Undefined table: 7 ERROR:  relation "sessions" does not exist
LINE 1: select * from "sessions" where "id" = $1 limit 1
                      ^ (Connection: pgsql, SQL: select * from "sessions" where "id" = LP4wYPhSWuvAZoTktbKbH8T3yNSorCEExAf98abT limit 1) {"exception":"[object] (Illuminate\\Database\\QueryException(code: 42P01): SQLSTATE[42P01]: Undefined table: 7 ERROR:  relation \"sessions\" does not exist
LINE 1: select * from \"sessions\" where \"id\" = $1 limit 1
                      ^ (Connection: pgsql, SQL: select * from \"sessions\" where \"id\" = LP4wYPhSWuvAZoTktbKbH8T3yNSorCEExAf98abT limit 1) at /Volumes/Robert/projets clients/Stephane/vimaiz/vendor/laravel/framework/src/Illuminate/Database/Connection.php:824)
[stacktrace]
#0 /Volumes/Robert/projets clients/Stephane/vimaiz/vendor/laravel/framework/src/Illuminate/Database/Connection.php(778): Illuminate\\Database\\Connection->runQueryCallback('select * from \"...', Array, Object(Closure))
#1 /Volumes/Robert/projets clients/Stephane/vimaiz/vendor/laravel/framework/src/Illuminate/Database/Connection.php(397): Illuminate\\Database\\Connection->run('select * from \"...', Array, Object(Closure))
#2 /Volumes/Robert/projets clients/Stephane/vimaiz/vendor/laravel/framework/src/Illuminate/Database/Query/Builder.php(3188): Illuminate\\Database\\Connection->select('select * from \"...', Array, false)
#3 /Volumes/Robert/projets clients/Stephane/vimaiz/vendor/laravel/framework/src/Illuminate/Database/Query/Builder.php(3173): Illuminate\\Database\\Query\\Builder->runSelect()
#4 /Volumes/Robert/projets clients/Stephane/vimaiz/vendor/laravel/framework/src/Illuminate/Database/Query/Builder.php(3763): Illuminate\\Database\\Query\\Builder->{closure:Illuminate\\Database\\Query\\Builder::get():3172}()
#5 /Volumes/Robert/projets clients/Stephane/vimaiz/vendor/laravel/framework/src/Illuminate/Database/Query/Builder.php(3172): Illuminate\\Database\\Query\\Builder->onceWithColumns(Array, Object(Closure))
#6 /Volumes/Robert/projets clients/Stephane/vimaiz/vendor/laravel/framework/src/Illuminate/Database/Concerns/BuildsQueries.php(366): Illuminate\\Database\\Query\\Builder->get(Array)
#7 /Volumes/Robert/projets clients/Stephane/vimaiz/vendor/laravel/framework/src/Illuminate/Database/Query/Builder.php(3095): Illuminate\\Database\\Query\\Builder->first(Array)
#8 /Volumes/Robert/projets clients/Stephane/vimaiz/vendor/laravel/framework/src/Illuminate/Session/DatabaseSessionHandler.php(96): Illuminate\\Database\\Query\\Builder->find('LP4wYPhSWuvAZoT...')
#9 /Volumes/Robert/projets clients/Stephane/vimaiz/vendor/laravel/framework/src/Illuminate/Session/Store.php(117): Illuminate\\Session\\DatabaseSessionHandler->read('LP4wYPhSWuvAZoT...')
#10 /Volumes/Robert/projets clients/Stephane/vimaiz/vendor/laravel/framework/src/Illuminate/Session/Store.php(105): Illuminate\\Session\\Store->readFromHandler()
#11 /Volumes/Robert/projets clients/Stephane/vimaiz/vendor/laravel/framework/src/Illuminate/Session/Store.php(89): Illuminate\\Session\\Store->loadSession()
#12 /Volumes/Robert/projets clients/Stephane/vimaiz/vendor/laravel/framework/src/Illuminate/Session/Middleware/StartSession.php(146): Illuminate\\Session\\Store->start()
#13 /Volumes/Robert/projets clients/Stephane/vimaiz/vendor/laravel/framework/src/Illuminate/Support/helpers.php(390): Illuminate\\Session\\Middleware\\StartSession->{closure:Illuminate\\Session\\Middleware\\StartSession::startSession():143}(Object(Illuminate\\Session\\Store))
#14 /Volumes/Robert/projets clients/Stephane/vimaiz/vendor/laravel/framework/src/Illuminate/Session/Middleware/StartSession.php(143): tap(Object(Illuminate\\Session\\Store), Object(Closure))
#15 /Volumes/Robert/projets clients/Stephane/vimaiz/vendor/laravel/framework/src/Illuminate/Session/Middleware/StartSession.php(115): Illuminate\\Session\\Middleware\\StartSession->startSession(Object(Illuminate\\Http\\Request), Object(Illuminate\\Session\\Store))
#16 /Volumes/Robert/projets clients/Stephane/vimaiz/vendor/laravel/framework/src/Illuminate/Session/Middleware/StartSession.php(63): Illuminate\\Session\\Middleware\\StartSession->handleStatefulRequest(Object(Illuminate\\Http\\Request), Object(Illuminate\\Session\\Store), Object(Closure))
#17 /Volumes/Robert/projets clients/Stephane/vimaiz/vendor/laravel/framework/src/Illuminate/Pipeline/Pipeline.php(219): Illuminate\\Session\\Middleware\\StartSession->handle(Object(Illuminate\\Http\\Request), Object(Closure))
#18 /Volumes/Robert/projets clients/Stephane/vimaiz/vendor/laravel/framework/src/Illuminate/Cookie/Middleware/AddQueuedCookiesToResponse.php(36): Illuminate\\Pipeline\\Pipeline->{closure:{closure:Illuminate\\Pipeline\\Pipeline::carry():194}:195}(Object(Illuminate\\Http\\Request))
#19 /Volumes/Robert/projets clients/Stephane/vimaiz/vendor/laravel/framework/src/Illuminate/Pipeline/Pipeline.php(219): Illuminate\\Cookie\\Middleware\\AddQueuedCookiesToResponse->handle(Object(Illuminate\\Http\\Request), Object(Closure))
#20 /Volumes/Robert/projets clients/Stephane/vimaiz/vendor/laravel/framework/src/Illuminate/Cookie/Middleware/EncryptCookies.php(74): Illuminate\\Pipeline\\Pipeline->{closure:{closure:Illuminate\\Pipeline\\Pipeline::carry():194}:195}(Object(Illuminate\\Http\\Request))
#21 /Volumes/Robert/projets clients/Stephane/vimaiz/vendor/laravel/framework/src/Illuminate/Pipeline/Pipeline.php(219): Illuminate\\Cookie\\Middleware\\EncryptCookies->handle(Object(Illuminate\\Http\\Request), Object(Closure))
#22 /Volumes/Robert/projets clients/Stephane/vimaiz/vendor/laravel/framework/src/Illuminate/Pipeline/Pipeline.php(137): Illuminate\\Pipeline\\Pipeline->{closure:{closure:Illuminate\\Pipeline\\Pipeline::carry():194}:195}(Object(Illuminate\\Http\\Request))
#23 /Volumes/Robert/projets clients/Stephane/vimaiz/vendor/laravel/framework/src/Illuminate/Routing/Router.php(821): Illuminate\\Pipeline\\Pipeline->then(Object(Closure))
#24 /Volumes/Robert/projets clients/Stephane/vimaiz/vendor/laravel/framework/src/Illuminate/Routing/Router.php(800): Illuminate\\Routing\\Router->runRouteWithinStack(Object(Illuminate\\Routing\\Route), Object(Illuminate\\Http\\Request))
#25 /Volumes/Robert/projets clients/Stephane/vimaiz/vendor/laravel/framework/src/Illuminate/Routing/Router.php(764): Illuminate\\Routing\\Router->runRoute(Object(Illuminate\\Http\\Request), Object(Illuminate\\Routing\\Route))
#26 /Volumes/Robert/projets clients/Stephane/vimaiz/vendor/laravel/framework/src/Illuminate/Routing/Router.php(753): Illuminate\\Routing\\Router->dispatchToRoute(Object(Illuminate\\Http\\Request))
#27 /Volumes/Robert/projets clients/Stephane/vimaiz/vendor/laravel/framework/src/Illuminate/Foundation/Http/Kernel.php(200): Illuminate\\Routing\\Router->dispatch(Object(Illuminate\\Http\\Request))
#28 /Volumes/Robert/projets clients/Stephane/vimaiz/vendor/laravel/framework/src/Illuminate/Pipeline/Pipeline.php(180): Illuminate\\Foundation\\Http\\Kernel->{closure:Illuminate\\Foundation\\Http\\Kernel::dispatchToRouter():197}(Object(Illuminate\\Http\\Request))
#29 /Volumes/Robert/projets clients/Stephane/vimaiz/vendor/livewire/livewire/src/Features/SupportDisablingBackButtonCache/DisableBackButtonCacheMiddleware.php(19): Illuminate\\Pipeline\\Pipeline->{closure:Illuminate\\Pipeline\\Pipeline::prepareDestination():178}(Object(Illuminate\\Http\\Request))
#30 /Volumes/Robert/projets clients/Stephane/vimaiz/vendor/laravel/framework/src/Illuminate/Pipeline/Pipeline.php(219): Livewire\\Features\\SupportDisablingBackButtonCache\\DisableBackButtonCacheMiddleware->handle(Object(Illuminate\\Http\\Request), Object(Closure))
#31 /Volumes/Robert/projets clients/Stephane/vimaiz/vendor/laravel/framework/src/Illuminate/Foundation/Http/Middleware/TransformsRequest.php(21): Illuminate\\Pipeline\\Pipeline->{closure:{closure:Illuminate\\Pipeline\\Pipeline::carry():194}:195}(Object(Illuminate\\Http\\Request))
#32 /Volumes/Robert/projets clients/Stephane/vimaiz/vendor/laravel/framework/src/Illuminate/Foundation/Http/Middleware/ConvertEmptyStringsToNull.php(31): Illuminate\\Foundation\\Http\\Middleware\\TransformsRequest->handle(Object(Illuminate\\Http\\Request), Object(Closure))
#33 /Volumes/Robert/projets clients/Stephane/vimaiz/vendor/laravel/framework/src/Illuminate/Pipeline/Pipeline.php(219): Illuminate\\Foundation\\Http\\Middleware\\ConvertEmptyStringsToNull->handle(Object(Illuminate\\Http\\Request), Object(Closure))
#34 /Volumes/Robert/projets clients/Stephane/vimaiz/vendor/laravel/framework/src/Illuminate/Foundation/Http/Middleware/TransformsRequest.php(21): Illuminate\\Pipeline\\Pipeline->{closure:{closure:Illuminate\\Pipeline\\Pipeline::carry():194}:195}(Object(Illuminate\\Http\\Request))
#35 /Volumes/Robert/projets clients/Stephane/vimaiz/vendor/laravel/framework/src/Illuminate/Foundation/Http/Middleware/TrimStrings.php(51): Illuminate\\Foundation\\Http\\Middleware\\TransformsRequest->handle(Object(Illuminate\\Http\\Request), Object(Closure))
#36 /Volumes/Robert/projets clients/Stephane/vimaiz/vendor/laravel/framework/src/Illuminate/Pipeline/Pipeline.php(219): Illuminate\\Foundation\\Http\\Middleware\\TrimStrings->handle(Object(Illuminate\\Http\\Request), Object(Closure))
#37 /Volumes/Robert/projets clients/Stephane/vimaiz/vendor/laravel/framework/src/Illuminate/Http/Middleware/ValidatePostSize.php(27): Illuminate\\Pipeline\\Pipeline->{closure:{closure:Illuminate\\Pipeline\\Pipeline::carry():194}:195}(Object(Illuminate\\Http\\Request))
#38 /Volumes/Robert/projets clients/Stephane/vimaiz/vendor/laravel/framework/src/Illuminate/Pipeline/Pipeline.php(219): Illuminate\\Http\\Middleware\\ValidatePostSize->handle(Object(Illuminate\\Http\\Request), Object(Closure))
#39 /Volumes/Robert/projets clients/Stephane/vimaiz/vendor/laravel/framework/src/Illuminate/Foundation/Http/Middleware/PreventRequestsDuringMaintenance.php(109): Illuminate\\Pipeline\\Pipeline->{closure:{closure:Illuminate\\Pipeline\\Pipeline::carry():194}:195}(Object(Illuminate\\Http\\Request))
#40 /Volumes/Robert/projets clients/Stephane/vimaiz/vendor/laravel/framework/src/Illuminate/Pipeline/Pipeline.php(219): Illuminate\\Foundation\\Http\\Middleware\\PreventRequestsDuringMaintenance->handle(Object(Illuminate\\Http\\Request), Object(Closure))
#41 /Volumes/Robert/projets clients/Stephane/vimaiz/vendor/laravel/framework/src/Illuminate/Http/Middleware/HandleCors.php(48): Illuminate\\Pipeline\\Pipeline->{closure:{closure:Illuminate\\Pipeline\\Pipeline::carry():194}:195}(Object(Illuminate\\Http\\Request))
#42 /Volumes/Robert/projets clients/Stephane/vimaiz/vendor/laravel/framework/src/Illuminate/Pipeline/Pipeline.php(219): Illuminate\\Http\\Middleware\\HandleCors->handle(Object(Illuminate\\Http\\Request), Object(Closure))
#43 /Volumes/Robert/projets clients/Stephane/vimaiz/vendor/laravel/framework/src/Illuminate/Http/Middleware/TrustProxies.php(58): Illuminate\\Pipeline\\Pipeline->{closure:{closure:Illuminate\\Pipeline\\Pipeline::carry():194}:195}(Object(Illuminate\\Http\\Request))
#44 /Volumes/Robert/projets clients/Stephane/vimaiz/vendor/laravel/framework/src/Illuminate/Pipeline/Pipeline.php(219): Illuminate\\Http\\Middleware\\TrustProxies->handle(Object(Illuminate\\Http\\Request), Object(Closure))
#45 /Volumes/Robert/projets clients/Stephane/vimaiz/vendor/laravel/framework/src/Illuminate/Foundation/Http/Middleware/InvokeDeferredCallbacks.php(22): Illuminate\\Pipeline\\Pipeline->{closure:{closure:Illuminate\\Pipeline\\Pipeline::carry():194}:195}(Object(Illuminate\\Http\\Request))
#46 /Volumes/Robert/projets clients/Stephane/vimaiz/vendor/laravel/framework/src/Illuminate/Pipeline/Pipeline.php(219): Illuminate\\Foundation\\Http\\Middleware\\InvokeDeferredCallbacks->handle(Object(Illuminate\\Http\\Request), Object(Closure))
#47 /Volumes/Robert/projets clients/Stephane/vimaiz/vendor/laravel/framework/src/Illuminate/Http/Middleware/ValidatePathEncoding.php(26): Illuminate\\Pipeline\\Pipeline->{closure:{closure:Illuminate\\Pipeline\\Pipeline::carry():194}:195}(Object(Illuminate\\Http\\Request))
#48 /Volumes/Robert/projets clients/Stephane/vimaiz/vendor/laravel/framework/src/Illuminate/Pipeline/Pipeline.php(219): Illuminate\\Http\\Middleware\\ValidatePathEncoding->handle(Object(Illuminate\\Http\\Request), Object(Closure))
#49 /Volumes/Robert/projets clients/Stephane/vimaiz/vendor/laravel/framework/src/Illuminate/Pipeline/Pipeline.php(137): Illuminate\\Pipeline\\Pipeline->{closure:{closure:Illuminate\\Pipeline\\Pipeline::carry():194}:195}(Object(Illuminate\\Http\\Request))
#50 /Volumes/Robert/projets clients/Stephane/vimaiz/vendor/laravel/framework/src/Illuminate/Foundation/Http/Kernel.php(175): Illuminate\\Pipeline\\Pipeline->then(Object(Closure))
#51 /Volumes/Robert/projets clients/Stephane/vimaiz/vendor/laravel/framework/src/Illuminate/Foundation/Http/Kernel.php(144): Illuminate\\Foundation\\Http\\Kernel->sendRequestThroughRouter(Object(Illuminate\\Http\\Request))
#52 /Volumes/Robert/projets clients/Stephane/vimaiz/vendor/laravel/framework/src/Illuminate/Foundation/Application.php(1220): Illuminate\\Foundation\\Http\\Kernel->handle(Object(Illuminate\\Http\\Request))
#53 /Volumes/Robert/projets clients/Stephane/vimaiz/public/index.php(20): Illuminate\\Foundation\\Application->handleRequest(Object(Illuminate\\Http\\Request))
#54 /Volumes/Robert/projets clients/Stephane/vimaiz/vendor/laravel/framework/src/Illuminate/Foundation/resources/server.php(23): require_once('/Volumes/Robert...')
#55 {main}

[previous exception] [object] (PDOException(code: 42P01): SQLSTATE[42P01]: Undefined table: 7 ERROR:  relation \"sessions\" does not exist
LINE 1: select * from \"sessions\" where \"id\" = $1 limit 1
                      ^ at /Volumes/Robert/projets clients/Stephane/vimaiz/vendor/laravel/framework/src/Illuminate/Database/Connection.php:411)
[stacktrace]
#0 /Volumes/Robert/projets clients/Stephane/vimaiz/vendor/laravel/framework/src/Illuminate/Database/Connection.php(411): PDOStatement->execute()
#1 /Volumes/Robert/projets clients/Stephane/vimaiz/vendor/laravel/framework/src/Illuminate/Database/Connection.php(811): Illuminate\\Database\\Connection->{closure:Illuminate\\Database\\Connection::select():397}('select * from \"...', Array)
#2 /Volumes/Robert/projets clients/Stephane/vimaiz/vendor/laravel/framework/src/Illuminate/Database/Connection.php(778): Illuminate\\Database\\Connection->runQueryCallback('select * from \"...', Array, Object(Closure))
#3 /Volumes/Robert/projets clients/Stephane/vimaiz/vendor/laravel/framework/src/Illuminate/Database/Connection.php(397): Illuminate\\Database\\Connection->run('select * from \"...', Array, Object(Closure))
#4 /Volumes/Robert/projets clients/Stephane/vimaiz/vendor/laravel/framework/src/Illuminate/Database/Query/Builder.php(3188): Illuminate\\Database\\Connection->select('select * from \"...', Array, false)
#5 /Volumes/Robert/projets clients/Stephane/vimaiz/vendor/laravel/framework/src/Illuminate/Database/Query/Builder.php(3173): Illuminate\\Database\\Query\\Builder->runSelect()
#6 /Volumes/Robert/projets clients/Stephane/vimaiz/vendor/laravel/framework/src/Illuminate/Database/Query/Builder.php(3763): Illuminate\\Database\\Query\\Builder->{closure:Illuminate\\Database\\Query\\Builder::get():3172}()
#7 /Volumes/Robert/projets clients/Stephane/vimaiz/vendor/laravel/framework/src/Illuminate/Database/Query/Builder.php(3172): Illuminate\\Database\\Query\\Builder->onceWithColumns(Array, Object(Closure))
#8 /Volumes/Robert/projets clients/Stephane/vimaiz/vendor/laravel/framework/src/Illuminate/Database/Concerns/BuildsQueries.php(366): Illuminate\\Database\\Query\\Builder->get(Array)
#9 /Volumes/Robert/projets clients/Stephane/vimaiz/vendor/laravel/framework/src/Illuminate/Database/Query/Builder.php(3095): Illuminate\\Database\\Query\\Builder->first(Array)
#10 /Volumes/Robert/projets clients/Stephane/vimaiz/vendor/laravel/framework/src/Illuminate/Session/DatabaseSessionHandler.php(96): Illuminate\\Database\\Query\\Builder->find('LP4wYPhSWuvAZoT...')
#11 /Volumes/Robert/projets clients/Stephane/vimaiz/vendor/laravel/framework/src/Illuminate/Session/Store.php(117): Illuminate\\Session\\DatabaseSessionHandler->read('LP4wYPhSWuvAZoT...')
#12 /Volumes/Robert/projets clients/Stephane/vimaiz/vendor/laravel/framework/src/Illuminate/Session/Store.php(105): Illuminate\\Session\\Store->readFromHandler()
#13 /Volumes/Robert/projets clients/Stephane/vimaiz/vendor/laravel/framework/src/Illuminate/Session/Store.php(89): Illuminate\\Session\\Store->loadSession()
#14 /Volumes/Robert/projets clients/Stephane/vimaiz/vendor/laravel/framework/src/Illuminate/Session/Middleware/StartSession.php(146): Illuminate\\Session\\Store->start()
#15 /Volumes/Robert/projets clients/Stephane/vimaiz/vendor/laravel/framework/src/Illuminate/Support/helpers.php(390): Illuminate\\Session\\Middleware\\StartSession->{closure:Illuminate\\Session\\Middleware\\StartSession::startSession():143}(Object(Illuminate\\Session\\Store))
#16 /Volumes/Robert/projets clients/Stephane/vimaiz/vendor/laravel/framework/src/Illuminate/Session/Middleware/StartSession.php(143): tap(Object(Illuminate\\Session\\Store), Object(Closure))
#17 /Volumes/Robert/projets clients/Stephane/vimaiz/vendor/laravel/framework/src/Illuminate/Session/Middleware/StartSession.php(115): Illuminate\\Session\\Middleware\\StartSession->startSession(Object(Illuminate\\Http\\Request), Object(Illuminate\\Session\\Store))
#18 /Volumes/Robert/projets clients/Stephane/vimaiz/vendor/laravel/framework/src/Illuminate/Session/Middleware/StartSession.php(63): Illuminate\\Session\\Middleware\\StartSession->handleStatefulRequest(Object(Illuminate\\Http\\Request), Object(Illuminate\\Session\\Store), Object(Closure))
#19 /Volumes/Robert/projets clients/Stephane/vimaiz/vendor/laravel/framework/src/Illuminate/Pipeline/Pipeline.php(219): Illuminate\\Session\\Middleware\\StartSession->handle(Object(Illuminate\\Http\\Request), Object(Closure))
#20 /Volumes/Robert/projets clients/Stephane/vimaiz/vendor/laravel/framework/src/Illuminate/Cookie/Middleware/AddQueuedCookiesToResponse.php(36): Illuminate\\Pipeline\\Pipeline->{closure:{closure:Illuminate\\Pipeline\\Pipeline::carry():194}:195}(Object(Illuminate\\Http\\Request))
#21 /Volumes/Robert/projets clients/Stephane/vimaiz/vendor/laravel/framework/src/Illuminate/Pipeline/Pipeline.php(219): Illuminate\\Cookie\\Middleware\\AddQueuedCookiesToResponse->handle(Object(Illuminate\\Http\\Request), Object(Closure))
#22 /Volumes/Robert/projets clients/Stephane/vimaiz/vendor/laravel/framework/src/Illuminate/Cookie/Middleware/EncryptCookies.php(74): Illuminate\\Pipeline\\Pipeline->{closure:{closure:Illuminate\\Pipeline\\Pipeline::carry():194}:195}(Object(Illuminate\\Http\\Request))
#23 /Volumes/Robert/projets clients/Stephane/vimaiz/vendor/laravel/framework/src/Illuminate/Pipeline/Pipeline.php(219): Illuminate\\Cookie\\Middleware\\EncryptCookies->handle(Object(Illuminate\\Http\\Request), Object(Closure))
#24 /Volumes/Robert/projets clients/Stephane/vimaiz/vendor/laravel/framework/src/Illuminate/Pipeline/Pipeline.php(137): Illuminate\\Pipeline\\Pipeline->{closure:{closure:Illuminate\\Pipeline\\Pipeline::carry():194}:195}(Object(Illuminate\\Http\\Request))
#25 /Volumes/Robert/projets clients/Stephane/vimaiz/vendor/laravel/framework/src/Illuminate/Routing/Router.php(821): Illuminate\\Pipeline\\Pipeline->then(Object(Closure))
#26 /Volumes/Robert/projets clients/Stephane/vimaiz/vendor/laravel/framework/src/Illuminate/Routing/Router.php(800): Illuminate\\Routing\\Router->runRouteWithinStack(Object(Illuminate\\Routing\\Route), Object(Illuminate\\Http\\Request))
#27 /Volumes/Robert/projets clients/Stephane/vimaiz/vendor/laravel/framework/src/Illuminate/Routing/Router.php(764): Illuminate\\Routing\\Router->runRoute(Object(Illuminate\\Http\\Request), Object(Illuminate\\Routing\\Route))
#28 /Volumes/Robert/projets clients/Stephane/vimaiz/vendor/laravel/framework/src/Illuminate/Routing/Router.php(753): Illuminate\\Routing\\Router->dispatchToRoute(Object(Illuminate\\Http\\Request))
#29 /Volumes/Robert/projets clients/Stephane/vimaiz/vendor/laravel/framework/src/Illuminate/Foundation/Http/Kernel.php(200): Illuminate\\Routing\\Router->dispatch(Object(Illuminate\\Http\\Request))
#30 /Volumes/Robert/projets clients/Stephane/vimaiz/vendor/laravel/framework/src/Illuminate/Pipeline/Pipeline.php(180): Illuminate\\Foundation\\Http\\Kernel->{closure:Illuminate\\Foundation\\Http\\Kernel::dispatchToRouter():197}(Object(Illuminate\\Http\\Request))
#31 /Volumes/Robert/projets clients/Stephane/vimaiz/vendor/livewire/livewire/src/Features/SupportDisablingBackButtonCache/DisableBackButtonCacheMiddleware.php(19): Illuminate\\Pipeline\\Pipeline->{closure:Illuminate\\Pipeline\\Pipeline::prepareDestination():178}(Object(Illuminate\\Http\\Request))
#32 /Volumes/Robert/projets clients/Stephane/vimaiz/vendor/laravel/framework/src/Illuminate/Pipeline/Pipeline.php(219): Livewire\\Features\\SupportDisablingBackButtonCache\\DisableBackButtonCacheMiddleware->handle(Object(Illuminate\\Http\\Request), Object(Closure))
#33 /Volumes/Robert/projets clients/Stephane/vimaiz/vendor/laravel/framework/src/Illuminate/Foundation/Http/Middleware/TransformsRequest.php(21): Illuminate\\Pipeline\\Pipeline->{closure:{closure:Illuminate\\Pipeline\\Pipeline::carry():194}:195}(Object(Illuminate\\Http\\Request))
#34 /Volumes/Robert/projets clients/Stephane/vimaiz/vendor/laravel/framework/src/Illuminate/Foundation/Http/Middleware/ConvertEmptyStringsToNull.php(31): Illuminate\\Foundation\\Http\\Middleware\\TransformsRequest->handle(Object(Illuminate\\Http\\Request), Object(Closure))
#35 /Volumes/Robert/projets clients/Stephane/vimaiz/vendor/laravel/framework/src/Illuminate/Pipeline/Pipeline.php(219): Illuminate\\Foundation\\Http\\Middleware\\ConvertEmptyStringsToNull->handle(Object(Illuminate\\Http\\Request), Object(Closure))
#36 /Volumes/Robert/projets clients/Stephane/vimaiz/vendor/laravel/framework/src/Illuminate/Foundation/Http/Middleware/TransformsRequest.php(21): Illuminate\\Pipeline\\Pipeline->{closure:{closure:Illuminate\\Pipeline\\Pipeline::carry():194}:195}(Object(Illuminate\\Http\\Request))
#37 /Volumes/Robert/projets clients/Stephane/vimaiz/vendor/laravel/framework/src/Illuminate/Foundation/Http/Middleware/TrimStrings.php(51): Illuminate\\Foundation\\Http\\Middleware\\TransformsRequest->handle(Object(Illuminate\\Http\\Request), Object(Closure))
#38 /Volumes/Robert/projets clients/Stephane/vimaiz/vendor/laravel/framework/src/Illuminate/Pipeline/Pipeline.php(219): Illuminate\\Foundation\\Http\\Middleware\\TrimStrings->handle(Object(Illuminate\\Http\\Request), Object(Closure))
#39 /Volumes/Robert/projets clients/Stephane/vimaiz/vendor/laravel/framework/src/Illuminate/Http/Middleware/ValidatePostSize.php(27): Illuminate\\Pipeline\\Pipeline->{closure:{closure:Illuminate\\Pipeline\\Pipeline::carry():194}:195}(Object(Illuminate\\Http\\Request))
#40 /Volumes/Robert/projets clients/Stephane/vimaiz/vendor/laravel/framework/src/Illuminate/Pipeline/Pipeline.php(219): Illuminate\\Http\\Middleware\\ValidatePostSize->handle(Object(Illuminate\\Http\\Request), Object(Closure))
#41 /Volumes/Robert/projets clients/Stephane/vimaiz/vendor/laravel/framework/src/Illuminate/Foundation/Http/Middleware/PreventRequestsDuringMaintenance.php(109): Illuminate\\Pipeline\\Pipeline->{closure:{closure:Illuminate\\Pipeline\\Pipeline::carry():194}:195}(Object(Illuminate\\Http\\Request))
#42 /Volumes/Robert/projets clients/Stephane/vimaiz/vendor/laravel/framework/src/Illuminate/Pipeline/Pipeline.php(219): Illuminate\\Foundation\\Http\\Middleware\\PreventRequestsDuringMaintenance->handle(Object(Illuminate\\Http\\Request), Object(Closure))
#43 /Volumes/Robert/projets clients/Stephane/vimaiz/vendor/laravel/framework/src/Illuminate/Http/Middleware/HandleCors.php(48): Illuminate\\Pipeline\\Pipeline->{closure:{closure:Illuminate\\Pipeline\\Pipeline::carry():194}:195}(Object(Illuminate\\Http\\Request))
#44 /Volumes/Robert/projets clients/Stephane/vimaiz/vendor/laravel/framework/src/Illuminate/Pipeline/Pipeline.php(219): Illuminate\\Http\\Middleware\\HandleCors->handle(Object(Illuminate\\Http\\Request), Object(Closure))
#45 /Volumes/Robert/projets clients/Stephane/vimaiz/vendor/laravel/framework/src/Illuminate/Http/Middleware/TrustProxies.php(58): Illuminate\\Pipeline\\Pipeline->{closure:{closure:Illuminate\\Pipeline\\Pipeline::carry():194}:195}(Object(Illuminate\\Http\\Request))
#46 /Volumes/Robert/projets clients/Stephane/vimaiz/vendor/laravel/framework/src/Illuminate/Pipeline/Pipeline.php(219): Illuminate\\Http\\Middleware\\TrustProxies->handle(Object(Illuminate\\Http\\Request), Object(Closure))
#47 /Volumes/Robert/projets clients/Stephane/vimaiz/vendor/laravel/framework/src/Illuminate/Foundation/Http/Middleware/InvokeDeferredCallbacks.php(22): Illuminate\\Pipeline\\Pipeline->{closure:{closure:Illuminate\\Pipeline\\Pipeline::carry():194}:195}(Object(Illuminate\\Http\\Request))
#48 /Volumes/Robert/projets clients/Stephane/vimaiz/vendor/laravel/framework/src/Illuminate/Pipeline/Pipeline.php(219): Illuminate\\Foundation\\Http\\Middleware\\InvokeDeferredCallbacks->handle(Object(Illuminate\\Http\\Request), Object(Closure))
#49 /Volumes/Robert/projets clients/Stephane/vimaiz/vendor/laravel/framework/src/Illuminate/Http/Middleware/ValidatePathEncoding.php(26): Illuminate\\Pipeline\\Pipeline->{closure:{closure:Illuminate\\Pipeline\\Pipeline::carry():194}:195}(Object(Illuminate\\Http\\Request))
#50 /Volumes/Robert/projets clients/Stephane/vimaiz/vendor/laravel/framework/src/Illuminate/Pipeline/Pipeline.php(219): Illuminate\\Http\\Middleware\\ValidatePathEncoding->handle(Object(Illuminate\\Http\\Request), Object(Closure))
#51 /Volumes/Robert/projets clients/Stephane/vimaiz/vendor/laravel/framework/src/Illuminate/Pipeline/Pipeline.php(137): Illuminate\\Pipeline\\Pipeline->{closure:{closure:Illuminate\\Pipeline\\Pipeline::carry():194}:195}(Object(Illuminate\\Http\\Request))
#52 /Volumes/Robert/projets clients/Stephane/vimaiz/vendor/laravel/framework/src/Illuminate/Foundation/Http/Kernel.php(175): Illuminate\\Pipeline\\Pipeline->then(Object(Closure))
#53 /Volumes/Robert/projets clients/Stephane/vimaiz/vendor/laravel/framework/src/Illuminate/Foundation/Http/Kernel.php(144): Illuminate\\Foundation\\Http\\Kernel->sendRequestThroughRouter(Object(Illuminate\\Http\\Request))
#54 /Volumes/Robert/projets clients/Stephane/vimaiz/vendor/laravel/framework/src/Illuminate/Foundation/Application.php(1220): Illuminate\\Foundation\\Http\\Kernel->handle(Object(Illuminate\\Http\\Request))
#55 /Volumes/Robert/projets clients/Stephane/vimaiz/public/index.php(20): Illuminate\\Foundation\\Application->handleRequest(Object(Illuminate\\Http\\Request))
#56 /Volumes/Robert/projets clients/Stephane/vimaiz/vendor/laravel/framework/src/Illuminate/Foundation/resources/server.php(23): require_once('/Volumes/Robert...')
#57 {main}
"} 
[2026-01-18 23:33:53] local.ERROR: A `create booking` permission already exists for guard `web`. {"exception":"[object] (Spatie\\Permission\\Exceptions\\PermissionAlreadyExists(code: 0): A `create booking` permission already exists for guard `web`. at /Volumes/Robert/projets clients/Stephane/vimaiz/vendor/spatie/laravel-permission/src/Exceptions/PermissionAlreadyExists.php:11)
[stacktrace]
#0 /Volumes/Robert/projets clients/Stephane/vimaiz/vendor/spatie/laravel-permission/src/Models/Permission.php(49): Spatie\\Permission\\Exceptions\\PermissionAlreadyExists::create('create booking', 'web')
#1 /Volumes/Robert/projets clients/Stephane/vimaiz/database/seeders/RoleSeeder.php(52): Spatie\\Permission\\Models\\Permission::create(Array)
#2 /Volumes/Robert/projets clients/Stephane/vimaiz/vendor/laravel/framework/src/Illuminate/Container/BoundMethod.php(36): Database\\Seeders\\RoleSeeder->run()
#3 /Volumes/Robert/projets clients/Stephane/vimaiz/vendor/laravel/framework/src/Illuminate/Container/Util.php(43): Illuminate\\Container\\BoundMethod::{closure:Illuminate\\Container\\BoundMethod::call():35}()
#4 /Volumes/Robert/projets clients/Stephane/vimaiz/vendor/laravel/framework/src/Illuminate/Container/BoundMethod.php(96): Illuminate\\Container\\Util::unwrapIfClosure(Object(Closure))
#5 /Volumes/Robert/projets clients/Stephane/vimaiz/vendor/laravel/framework/src/Illuminate/Container/BoundMethod.php(35): Illuminate\\Container\\BoundMethod::callBoundMethod(Object(Illuminate\\Foundation\\Application), Array, Object(Closure))
#6 /Volumes/Robert/projets clients/Stephane/vimaiz/vendor/laravel/framework/src/Illuminate/Container/Container.php(836): Illuminate\\Container\\BoundMethod::call(Object(Illuminate\\Foundation\\Application), Array, Array, NULL)
#7 /Volumes/Robert/projets clients/Stephane/vimaiz/vendor/laravel/framework/src/Illuminate/Database/Seeder.php(184): Illuminate\\Container\\Container->call(Array, Array)
#8 /Volumes/Robert/projets clients/Stephane/vimaiz/vendor/laravel/framework/src/Illuminate/Database/Seeder.php(193): Illuminate\\Database\\Seeder->{closure:Illuminate\\Database\\Seeder::__invoke():183}()
#9 /Volumes/Robert/projets clients/Stephane/vimaiz/vendor/laravel/framework/src/Illuminate/Database/Seeder.php(59): Illuminate\\Database\\Seeder->__invoke(Array)
#10 /Volumes/Robert/projets clients/Stephane/vimaiz/database/seeders/DatabaseSeeder.php(16): Illuminate\\Database\\Seeder->call('Database\\\\Seeder...')
#11 /Volumes/Robert/projets clients/Stephane/vimaiz/vendor/laravel/framework/src/Illuminate/Container/BoundMethod.php(36): Database\\Seeders\\DatabaseSeeder->run()
#12 /Volumes/Robert/projets clients/Stephane/vimaiz/vendor/laravel/framework/src/Illuminate/Container/Util.php(43): Illuminate\\Container\\BoundMethod::{closure:Illuminate\\Container\\BoundMethod::call():35}()
#13 /Volumes/Robert/projets clients/Stephane/vimaiz/vendor/laravel/framework/src/Illuminate/Container/BoundMethod.php(96): Illuminate\\Container\\Util::unwrapIfClosure(Object(Closure))
#14 /Volumes/Robert/projets clients/Stephane/vimaiz/vendor/laravel/framework/src/Illuminate/Container/BoundMethod.php(35): Illuminate\\Container\\BoundMethod::callBoundMethod(Object(Illuminate\\Foundation\\Application), Array, Object(Closure))
#15 /Volumes/Robert/projets clients/Stephane/vimaiz/vendor/laravel/framework/src/Illuminate/Container/Container.php(836): Illuminate\\Container\\BoundMethod::call(Object(Illuminate\\Foundation\\Application), Array, Array, NULL)
#16 /Volumes/Robert/projets clients/Stephane/vimaiz/vendor/laravel/framework/src/Illuminate/Database/Seeder.php(184): Illuminate\\Container\\Container->call(Array, Array)
#17 /Volumes/Robert/projets clients/Stephane/vimaiz/vendor/laravel/framework/src/Illuminate/Database/Seeder.php(193): Illuminate\\Database\\Seeder->{closure:Illuminate\\Database\\Seeder::__invoke():183}()
#18 /Volumes/Robert/projets clients/Stephane/vimaiz/vendor/laravel/framework/src/Illuminate/Database/Console/Seeds/SeedCommand.php(71): Illuminate\\Database\\Seeder->__invoke()
#19 /Volumes/Robert/projets clients/Stephane/vimaiz/vendor/laravel/framework/src/Illuminate/Database/Eloquent/Concerns/GuardsAttributes.php(157): Illuminate\\Database\\Console\\Seeds\\SeedCommand->{closure:Illuminate\\Database\\Console\\Seeds\\SeedCommand::handle():70}()
#20 /Volumes/Robert/projets clients/Stephane/vimaiz/vendor/laravel/framework/src/Illuminate/Database/Console/Seeds/SeedCommand.php(70): Illuminate\\Database\\Eloquent\\Model::unguarded(Object(Closure))
#21 /Volumes/Robert/projets clients/Stephane/vimaiz/vendor/laravel/framework/src/Illuminate/Container/BoundMethod.php(36): Illuminate\\Database\\Console\\Seeds\\SeedCommand->handle()
#22 /Volumes/Robert/projets clients/Stephane/vimaiz/vendor/laravel/framework/src/Illuminate/Container/Util.php(43): Illuminate\\Container\\BoundMethod::{closure:Illuminate\\Container\\BoundMethod::call():35}()
#23 /Volumes/Robert/projets clients/Stephane/vimaiz/vendor/laravel/framework/src/Illuminate/Container/BoundMethod.php(96): Illuminate\\Container\\Util::unwrapIfClosure(Object(Closure))
#24 /Volumes/Robert/projets clients/Stephane/vimaiz/vendor/laravel/framework/src/Illuminate/Container/BoundMethod.php(35): Illuminate\\Container\\BoundMethod::callBoundMethod(Object(Illuminate\\Foundation\\Application), Array, Object(Closure))
#25 /Volumes/Robert/projets clients/Stephane/vimaiz/vendor/laravel/framework/src/Illuminate/Container/Container.php(836): Illuminate\\Container\\BoundMethod::call(Object(Illuminate\\Foundation\\Application), Array, Array, NULL)
#26 /Volumes/Robert/projets clients/Stephane/vimaiz/vendor/laravel/framework/src/Illuminate/Console/Command.php(211): Illuminate\\Container\\Container->call(Array)
#27 /Volumes/Robert/projets clients/Stephane/vimaiz/vendor/symfony/console/Command/Command.php(318): Illuminate\\Console\\Command->execute(Object(Symfony\\Component\\Console\\Input\\ArrayInput), Object(Illuminate\\Console\\OutputStyle))
#28 /Volumes/Robert/projets clients/Stephane/vimaiz/vendor/laravel/framework/src/Illuminate/Console/Command.php(180): Symfony\\Component\\Console\\Command\\Command->run(Object(Symfony\\Component\\Console\\Input\\ArrayInput), Object(Illuminate\\Console\\OutputStyle))
#29 /Volumes/Robert/projets clients/Stephane/vimaiz/vendor/laravel/framework/src/Illuminate/Console/Concerns/CallsCommands.php(68): Illuminate\\Console\\Command->run(Object(Symfony\\Component\\Console\\Input\\ArrayInput), Object(Illuminate\\Console\\OutputStyle))
#30 /Volumes/Robert/projets clients/Stephane/vimaiz/vendor/laravel/framework/src/Illuminate/Console/Concerns/CallsCommands.php(29): Illuminate\\Console\\Command->runCommand('db:seed', Array, Object(Illuminate\\Console\\OutputStyle))
#31 /Volumes/Robert/projets clients/Stephane/vimaiz/vendor/laravel/framework/src/Illuminate/Database/Console/Migrations/MigrateCommand.php(125): Illuminate\\Console\\Command->call('db:seed', Array)
#32 /Volumes/Robert/projets clients/Stephane/vimaiz/vendor/laravel/framework/src/Illuminate/Database/Migrations/Migrator.php(666): Illuminate\\Database\\Console\\Migrations\\MigrateCommand->{closure:Illuminate\\Database\\Console\\Migrations\\MigrateCommand::runMigrations():109}()
#33 /Volumes/Robert/projets clients/Stephane/vimaiz/vendor/laravel/framework/src/Illuminate/Database/Console/Migrations/MigrateCommand.php(109): Illuminate\\Database\\Migrations\\Migrator->usingConnection(NULL, Object(Closure))
#34 /Volumes/Robert/projets clients/Stephane/vimaiz/vendor/laravel/framework/src/Illuminate/Database/Console/Migrations/MigrateCommand.php(88): Illuminate\\Database\\Console\\Migrations\\MigrateCommand->runMigrations()
#35 /Volumes/Robert/projets clients/Stephane/vimaiz/vendor/laravel/framework/src/Illuminate/Container/BoundMethod.php(36): Illuminate\\Database\\Console\\Migrations\\MigrateCommand->handle()
#36 /Volumes/Robert/projets clients/Stephane/vimaiz/vendor/laravel/framework/src/Illuminate/Container/Util.php(43): Illuminate\\Container\\BoundMethod::{closure:Illuminate\\Container\\BoundMethod::call():35}()
#37 /Volumes/Robert/projets clients/Stephane/vimaiz/vendor/laravel/framework/src/Illuminate/Container/BoundMethod.php(96): Illuminate\\Container\\Util::unwrapIfClosure(Object(Closure))
#38 /Volumes/Robert/projets clients/Stephane/vimaiz/vendor/laravel/framework/src/Illuminate/Container/BoundMethod.php(35): Illuminate\\Container\\BoundMethod::callBoundMethod(Object(Illuminate\\Foundation\\Application), Array, Object(Closure))
#39 /Volumes/Robert/projets clients/Stephane/vimaiz/vendor/laravel/framework/src/Illuminate/Container/Container.php(836): Illuminate\\Container\\BoundMethod::call(Object(Illuminate\\Foundation\\Application), Array, Array, NULL)
#40 /Volumes/Robert/projets clients/Stephane/vimaiz/vendor/laravel/framework/src/Illuminate/Console/Command.php(211): Illuminate\\Container\\Container->call(Array)
#41 /Volumes/Robert/projets clients/Stephane/vimaiz/vendor/symfony/console/Command/Command.php(318): Illuminate\\Console\\Command->execute(Object(Symfony\\Component\\Console\\Input\\ArgvInput), Object(Illuminate\\Console\\OutputStyle))
#42 /Volumes/Robert/projets clients/Stephane/vimaiz/vendor/laravel/framework/src/Illuminate/Console/Command.php(180): Symfony\\Component\\Console\\Command\\Command->run(Object(Symfony\\Component\\Console\\Input\\ArgvInput), Object(Illuminate\\Console\\OutputStyle))
#43 /Volumes/Robert/projets clients/Stephane/vimaiz/vendor/symfony/console/Application.php(1073): Illuminate\\Console\\Command->run(Object(Symfony\\Component\\Console\\Input\\ArgvInput), Object(Symfony\\Component\\Console\\Output\\ConsoleOutput))
#44 /Volumes/Robert/projets clients/Stephane/vimaiz/vendor/symfony/console/Application.php(356): Symfony\\Component\\Console\\Application->doRunCommand(Object(Illuminate\\Database\\Console\\Migrations\\MigrateCommand), Object(Symfony\\Component\\Console\\Input\\ArgvInput), Object(Symfony\\Component\\Console\\Output\\ConsoleOutput))
#45 /Volumes/Robert/projets clients/Stephane/vimaiz/vendor/symfony/console/Application.php(195): Symfony\\Component\\Console\\Application->doRun(Object(Symfony\\Component\\Console\\Input\\ArgvInput), Object(Symfony\\Component\\Console\\Output\\ConsoleOutput))
#46 /Volumes/Robert/projets clients/Stephane/vimaiz/vendor/laravel/framework/src/Illuminate/Foundation/Console/Kernel.php(197): Symfony\\Component\\Console\\Application->run(Object(Symfony\\Component\\Console\\Input\\ArgvInput), Object(Symfony\\Component\\Console\\Output\\ConsoleOutput))
#47 /Volumes/Robert/projets clients/Stephane/vimaiz/vendor/laravel/framework/src/Illuminate/Foundation/Application.php(1235): Illuminate\\Foundation\\Console\\Kernel->handle(Object(Symfony\\Component\\Console\\Input\\ArgvInput), Object(Symfony\\Component\\Console\\Output\\ConsoleOutput))
#48 /Volumes/Robert/projets clients/Stephane/vimaiz/artisan(16): Illuminate\\Foundation\\Application->handleCommand(Object(Symfony\\Component\\Console\\Input\\ArgvInput))
#49 {main}
"} 
[2026-01-19 00:13:04] local.ERROR: Cannot redeclare non static Filament\Pages\Page::$view as static App\Filament\Resources\MissionResource\Pages\ViewMissionPhotos::$view {"exception":"[object] (Symfony\\Component\\ErrorHandler\\Error\\FatalError(code: 0): Cannot redeclare non static Filament\\Pages\\Page::$view as static App\\Filament\\Resources\\MissionResource\\Pages\\ViewMissionPhotos::$view at /Volumes/Robert/projets clients/Stephane/vimaiz/app/Filament/Resources/MissionResource/Pages/ViewMissionPhotos.php:9)
[stacktrace]
#0 {main}
"} 
[2026-01-19 00:13:04] local.ERROR: Cannot redeclare non static Filament\Pages\Page::$view as static App\Filament\Resources\MissionResource\Pages\ViewMissionPhotos::$view {"exception":"[object] (Symfony\\Component\\ErrorHandler\\Error\\FatalError(code: 0): Cannot redeclare non static Filament\\Pages\\Page::$view as static App\\Filament\\Resources\\MissionResource\\Pages\\ViewMissionPhotos::$view at /Volumes/Robert/projets clients/Stephane/vimaiz/app/Filament/Resources/MissionResource/Pages/ViewMissionPhotos.php:9)
[stacktrace]
#0 {main}
"} 
[2026-01-19 00:13:15] local.ERROR: Cannot redeclare non static Filament\Pages\Page::$view as static App\Filament\Resources\MissionResource\Pages\ViewMissionPhotos::$view {"exception":"[object] (Symfony\\Component\\ErrorHandler\\Error\\FatalError(code: 0): Cannot redeclare non static Filament\\Pages\\Page::$view as static App\\Filament\\Resources\\MissionResource\\Pages\\ViewMissionPhotos::$view at /Volumes/Robert/projets clients/Stephane/vimaiz/app/Filament/Resources/MissionResource/Pages/ViewMissionPhotos.php:9)
[stacktrace]
#0 {main}
"} 
[2026-01-19 00:13:18] local.ERROR: Cannot redeclare non static Filament\Pages\Page::$view as static App\Filament\Resources\MissionResource\Pages\ViewMissionPhotos::$view {"exception":"[object] (Symfony\\Component\\ErrorHandler\\Error\\FatalError(code: 0): Cannot redeclare non static Filament\\Pages\\Page::$view as static App\\Filament\\Resources\\MissionResource\\Pages\\ViewMissionPhotos::$view at /Volumes/Robert/projets clients/Stephane/vimaiz/app/Filament/Resources/MissionResource/Pages/ViewMissionPhotos.php:9)
[stacktrace]
#0 {main}
"} 
[2026-01-19 00:22:02] local.ERROR: Cannot redeclare non static Filament\Pages\Page::$view as static App\Filament\Resources\MissionResource\Pages\ViewMissionPhotos::$view {"exception":"[object] (Symfony\\Component\\ErrorHandler\\Error\\FatalError(code: 0): Cannot redeclare non static Filament\\Pages\\Page::$view as static App\\Filament\\Resources\\MissionResource\\Pages\\ViewMissionPhotos::$view at /Volumes/Robert/projets clients/Stephane/vimaiz/app/Filament/Resources/MissionResource/Pages/ViewMissionPhotos.php:9)
[stacktrace]
#0 {main}
"} 
[2026-01-19 00:22:26] local.ERROR: Cannot redeclare non static Filament\Pages\Page::$view as static App\Filament\Resources\MissionResource\Pages\ViewMissionPhotos::$view {"exception":"[object] (Symfony\\Component\\ErrorHandler\\Error\\FatalError(code: 0): Cannot redeclare non static Filament\\Pages\\Page::$view as static App\\Filament\\Resources\\MissionResource\\Pages\\ViewMissionPhotos::$view at /Volumes/Robert/projets clients/Stephane/vimaiz/app/Filament/Resources/MissionResource/Pages/ViewMissionPhotos.php:9)
[stacktrace]
#0 {main}
"} 
[2026-01-19 00:26:15] local.ERROR: Cannot redeclare non static Filament\Pages\Page::$view as static App\Filament\Resources\MissionResource\Pages\ViewMissionPhotos::$view {"exception":"[object] (Symfony\\Component\\ErrorHandler\\Error\\FatalError(code: 0): Cannot redeclare non static Filament\\Pages\\Page::$view as static App\\Filament\\Resources\\MissionResource\\Pages\\ViewMissionPhotos::$view at /Volumes/Robert/projets clients/Stephane/vimaiz/app/Filament/Resources/MissionResource/Pages/ViewMissionPhotos.php:9)
[stacktrace]
#0 {main}
"} 
[2026-01-19 00:28:20] local.ERROR: Cannot redeclare non static Filament\Pages\Page::$view as static App\Filament\Resources\MissionResource\Pages\ViewMissionPhotos::$view {"exception":"[object] (Symfony\\Component\\ErrorHandler\\Error\\FatalError(code: 0): Cannot redeclare non static Filament\\Pages\\Page::$view as static App\\Filament\\Resources\\MissionResource\\Pages\\ViewMissionPhotos::$view at /Volumes/Robert/projets clients/Stephane/vimaiz/app/Filament/Resources/MissionResource/Pages/ViewMissionPhotos.php:9)
[stacktrace]
#0 {main}
"} 
[2026-01-19 00:28:33] local.ERROR: Cannot redeclare non static Filament\Pages\Page::$view as static App\Filament\Resources\MissionResource\Pages\ViewMissionPhotos::$view {"exception":"[object] (Symfony\\Component\\ErrorHandler\\Error\\FatalError(code: 0): Cannot redeclare non static Filament\\Pages\\Page::$view as static App\\Filament\\Resources\\MissionResource\\Pages\\ViewMissionPhotos::$view at /Volumes/Robert/projets clients/Stephane/vimaiz/app/Filament/Resources/MissionResource/Pages/ViewMissionPhotos.php:9)
[stacktrace]
#0 {main}
"} 
[2026-01-19 00:29:11] local.ERROR: Cannot redeclare non static Filament\Pages\Page::$view as static App\Filament\Resources\MissionResource\Pages\ViewMissionPhotos::$view {"exception":"[object] (Symfony\\Component\\ErrorHandler\\Error\\FatalError(code: 0): Cannot redeclare non static Filament\\Pages\\Page::$view as static App\\Filament\\Resources\\MissionResource\\Pages\\ViewMissionPhotos::$view at /Volumes/Robert/projets clients/Stephane/vimaiz/app/Filament/Resources/MissionResource/Pages/ViewMissionPhotos.php:9)
[stacktrace]
#0 {main}
"} 
[2026-01-19 00:30:10] local.ERROR: Cannot redeclare non static Filament\Pages\Page::$view as static App\Filament\Resources\MissionResource\Pages\ViewMissionPhotos::$view {"exception":"[object] (Symfony\\Component\\ErrorHandler\\Error\\FatalError(code: 0): Cannot redeclare non static Filament\\Pages\\Page::$view as static App\\Filament\\Resources\\MissionResource\\Pages\\ViewMissionPhotos::$view at /Volumes/Robert/projets clients/Stephane/vimaiz/app/Filament/Resources/MissionResource/Pages/ViewMissionPhotos.php:9)
[stacktrace]
#0 {main}
"} 
[2026-01-19 00:30:56] local.ERROR: Cannot redeclare non static Filament\Pages\Page::$view as static App\Filament\Resources\MissionResource\Pages\ViewMissionPhotos::$view {"exception":"[object] (Symfony\\Component\\ErrorHandler\\Error\\FatalError(code: 0): Cannot redeclare non static Filament\\Pages\\Page::$view as static App\\Filament\\Resources\\MissionResource\\Pages\\ViewMissionPhotos::$view at /Volumes/Robert/projets clients/Stephane/vimaiz/app/Filament/Resources/MissionResource/Pages/ViewMissionPhotos.php:9)
[stacktrace]
#0 {main}
"} 
[2026-01-19 00:31:48] local.ERROR: Cannot redeclare non static Filament\Pages\Page::$view as static App\Filament\Resources\MissionResource\Pages\ViewMissionPhotos::$view {"exception":"[object] (Symfony\\Component\\ErrorHandler\\Error\\FatalError(code: 0): Cannot redeclare non static Filament\\Pages\\Page::$view as static App\\Filament\\Resources\\MissionResource\\Pages\\ViewMissionPhotos::$view at /Volumes/Robert/projets clients/Stephane/vimaiz/app/Filament/Resources/MissionResource/Pages/ViewMissionPhotos.php:9)
[stacktrace]
#0 {main}
"} 
[2026-01-19 00:32:04] local.ERROR: Cannot redeclare non static Filament\Pages\Page::$view as static App\Filament\Resources\MissionResource\Pages\ViewMissionPhotos::$view {"exception":"[object] (Symfony\\Component\\ErrorHandler\\Error\\FatalError(code: 0): Cannot redeclare non static Filament\\Pages\\Page::$view as static App\\Filament\\Resources\\MissionResource\\Pages\\ViewMissionPhotos::$view at /Volumes/Robert/projets clients/Stephane/vimaiz/app/Filament/Resources/MissionResource/Pages/ViewMissionPhotos.php:9)
[stacktrace]
#0 {main}
"} 
[2026-01-19 00:39:27] local.ERROR: SQLSTATE[42701]: Duplicate column: 7 ERROR:  column "siret" of relation "agent_profiles" already exists (Connection: pgsql, SQL: alter table "agent_profiles" add column "siret" varchar(14) null) {"exception":"[object] (Illuminate\\Database\\QueryException(code: 42701): SQLSTATE[42701]: Duplicate column: 7 ERROR:  column \"siret\" of relation \"agent_profiles\" already exists (Connection: pgsql, SQL: alter table \"agent_profiles\" add column \"siret\" varchar(14) null) at /Volumes/Robert/projets clients/Stephane/vimaiz/vendor/laravel/framework/src/Illuminate/Database/Connection.php:824)
[stacktrace]
#0 /Volumes/Robert/projets clients/Stephane/vimaiz/vendor/laravel/framework/src/Illuminate/Database/Connection.php(778): Illuminate\\Database\\Connection->runQueryCallback('alter table \"ag...', Array, Object(Closure))
#1 /Volumes/Robert/projets clients/Stephane/vimaiz/vendor/laravel/framework/src/Illuminate/Database/Connection.php(559): Illuminate\\Database\\Connection->run('alter table \"ag...', Array, Object(Closure))
#2 /Volumes/Robert/projets clients/Stephane/vimaiz/vendor/laravel/framework/src/Illuminate/Database/Schema/Blueprint.php(121): Illuminate\\Database\\Connection->statement('alter table \"ag...')
#3 /Volumes/Robert/projets clients/Stephane/vimaiz/vendor/laravel/framework/src/Illuminate/Database/Schema/Builder.php(618): Illuminate\\Database\\Schema\\Blueprint->build()
#4 /Volumes/Robert/projets clients/Stephane/vimaiz/vendor/laravel/framework/src/Illuminate/Database/Schema/Builder.php(460): Illuminate\\Database\\Schema\\Builder->build(Object(Illuminate\\Database\\Schema\\Blueprint))
#5 /Volumes/Robert/projets clients/Stephane/vimaiz/vendor/laravel/framework/src/Illuminate/Support/Facades/Facade.php(363): Illuminate\\Database\\Schema\\Builder->table('agent_profiles', Object(Closure))
#6 /Volumes/Robert/projets clients/Stephane/vimaiz/database/migrations/2026_01_19_000005_update_agent_profiles_for_vimaiz.php(14): Illuminate\\Support\\Facades\\Facade::__callStatic('table', Array)
#7 /Volumes/Robert/projets clients/Stephane/vimaiz/vendor/laravel/framework/src/Illuminate/Database/Migrations/Migrator.php(514): Illuminate\\Database\\Migrations\\Migration@anonymous->up()
#8 /Volumes/Robert/projets clients/Stephane/vimaiz/vendor/laravel/framework/src/Illuminate/Database/Migrations/Migrator.php(439): Illuminate\\Database\\Migrations\\Migrator->runMethod(Object(Illuminate\\Database\\PostgresConnection), Object(Illuminate\\Database\\Migrations\\Migration@anonymous), 'up')
#9 /Volumes/Robert/projets clients/Stephane/vimaiz/vendor/laravel/framework/src/Illuminate/Database/Concerns/ManagesTransactions.php(35): Illuminate\\Database\\Migrations\\Migrator->{closure:Illuminate\\Database\\Migrations\\Migrator::runMigration():435}(Object(Illuminate\\Database\\PostgresConnection))
#10 /Volumes/Robert/projets clients/Stephane/vimaiz/vendor/laravel/framework/src/Illuminate/Database/Migrations/Migrator.php(447): Illuminate\\Database\\Connection->transaction(Object(Closure))
#11 /Volumes/Robert/projets clients/Stephane/vimaiz/vendor/laravel/framework/src/Illuminate/Database/Migrations/Migrator.php(250): Illuminate\\Database\\Migrations\\Migrator->runMigration(Object(Illuminate\\Database\\Migrations\\Migration@anonymous), 'up')
#12 /Volumes/Robert/projets clients/Stephane/vimaiz/vendor/laravel/framework/src/Illuminate/Console/View/Components/Task.php(41): Illuminate\\Database\\Migrations\\Migrator->{closure:Illuminate\\Database\\Migrations\\Migrator::runUp():250}()
#13 /Volumes/Robert/projets clients/Stephane/vimaiz/vendor/laravel/framework/src/Illuminate/Database/Migrations/Migrator.php(809): Illuminate\\Console\\View\\Components\\Task->render('2026_01_19_0000...', Object(Closure))
#14 /Volumes/Robert/projets clients/Stephane/vimaiz/vendor/laravel/framework/src/Illuminate/Database/Migrations/Migrator.php(250): Illuminate\\Database\\Migrations\\Migrator->write('Illuminate\\\\Cons...', '2026_01_19_0000...', Object(Closure))
#15 /Volumes/Robert/projets clients/Stephane/vimaiz/vendor/laravel/framework/src/Illuminate/Database/Migrations/Migrator.php(210): Illuminate\\Database\\Migrations\\Migrator->runUp('/Volumes/Robert...', 2, false)
#16 /Volumes/Robert/projets clients/Stephane/vimaiz/vendor/laravel/framework/src/Illuminate/Database/Migrations/Migrator.php(137): Illuminate\\Database\\Migrations\\Migrator->runPending(Array, Array)
#17 /Volumes/Robert/projets clients/Stephane/vimaiz/vendor/laravel/framework/src/Illuminate/Database/Console/Migrations/MigrateCommand.php(116): Illuminate\\Database\\Migrations\\Migrator->run(Array, Array)
#18 /Volumes/Robert/projets clients/Stephane/vimaiz/vendor/laravel/framework/src/Illuminate/Database/Migrations/Migrator.php(666): Illuminate\\Database\\Console\\Migrations\\MigrateCommand->{closure:Illuminate\\Database\\Console\\Migrations\\MigrateCommand::runMigrations():109}()
#19 /Volumes/Robert/projets clients/Stephane/vimaiz/vendor/laravel/framework/src/Illuminate/Database/Console/Migrations/MigrateCommand.php(109): Illuminate\\Database\\Migrations\\Migrator->usingConnection(NULL, Object(Closure))
#20 /Volumes/Robert/projets clients/Stephane/vimaiz/vendor/laravel/framework/src/Illuminate/Database/Console/Migrations/MigrateCommand.php(88): Illuminate\\Database\\Console\\Migrations\\MigrateCommand->runMigrations()
#21 /Volumes/Robert/projets clients/Stephane/vimaiz/vendor/laravel/framework/src/Illuminate/Container/BoundMethod.php(36): Illuminate\\Database\\Console\\Migrations\\MigrateCommand->handle()
#22 /Volumes/Robert/projets clients/Stephane/vimaiz/vendor/laravel/framework/src/Illuminate/Container/Util.php(43): Illuminate\\Container\\BoundMethod::{closure:Illuminate\\Container\\BoundMethod::call():35}()
#23 /Volumes/Robert/projets clients/Stephane/vimaiz/vendor/laravel/framework/src/Illuminate/Container/BoundMethod.php(96): Illuminate\\Container\\Util::unwrapIfClosure(Object(Closure))
#24 /Volumes/Robert/projets clients/Stephane/vimaiz/vendor/laravel/framework/src/Illuminate/Container/BoundMethod.php(35): Illuminate\\Container\\BoundMethod::callBoundMethod(Object(Illuminate\\Foundation\\Application), Array, Object(Closure))
#25 /Volumes/Robert/projets clients/Stephane/vimaiz/vendor/laravel/framework/src/Illuminate/Container/Container.php(836): Illuminate\\Container\\BoundMethod::call(Object(Illuminate\\Foundation\\Application), Array, Array, NULL)
#26 /Volumes/Robert/projets clients/Stephane/vimaiz/vendor/laravel/framework/src/Illuminate/Console/Command.php(211): Illuminate\\Container\\Container->call(Array)
#27 /Volumes/Robert/projets clients/Stephane/vimaiz/vendor/symfony/console/Command/Command.php(318): Illuminate\\Console\\Command->execute(Object(Symfony\\Component\\Console\\Input\\ArgvInput), Object(Illuminate\\Console\\OutputStyle))
#28 /Volumes/Robert/projets clients/Stephane/vimaiz/vendor/laravel/framework/src/Illuminate/Console/Command.php(180): Symfony\\Component\\Console\\Command\\Command->run(Object(Symfony\\Component\\Console\\Input\\ArgvInput), Object(Illuminate\\Console\\OutputStyle))
#29 /Volumes/Robert/projets clients/Stephane/vimaiz/vendor/symfony/console/Application.php(1073): Illuminate\\Console\\Command->run(Object(Symfony\\Component\\Console\\Input\\ArgvInput), Object(Symfony\\Component\\Console\\Output\\ConsoleOutput))
#30 /Volumes/Robert/projets clients/Stephane/vimaiz/vendor/symfony/console/Application.php(356): Symfony\\Component\\Console\\Application->doRunCommand(Object(Illuminate\\Database\\Console\\Migrations\\MigrateCommand), Object(Symfony\\Component\\Console\\Input\\ArgvInput), Object(Symfony\\Component\\Console\\Output\\ConsoleOutput))
#31 /Volumes/Robert/projets clients/Stephane/vimaiz/vendor/symfony/console/Application.php(195): Symfony\\Component\\Console\\Application->doRun(Object(Symfony\\Component\\Console\\Input\\ArgvInput), Object(Symfony\\Component\\Console\\Output\\ConsoleOutput))
#32 /Volumes/Robert/projets clients/Stephane/vimaiz/vendor/laravel/framework/src/Illuminate/Foundation/Console/Kernel.php(197): Symfony\\Component\\Console\\Application->run(Object(Symfony\\Component\\Console\\Input\\ArgvInput), Object(Symfony\\Component\\Console\\Output\\ConsoleOutput))
#33 /Volumes/Robert/projets clients/Stephane/vimaiz/vendor/laravel/framework/src/Illuminate/Foundation/Application.php(1235): Illuminate\\Foundation\\Console\\Kernel->handle(Object(Symfony\\Component\\Console\\Input\\ArgvInput), Object(Symfony\\Component\\Console\\Output\\ConsoleOutput))
#34 /Volumes/Robert/projets clients/Stephane/vimaiz/artisan(16): Illuminate\\Foundation\\Application->handleCommand(Object(Symfony\\Component\\Console\\Input\\ArgvInput))
#35 {main}

[previous exception] [object] (PDOException(code: 42701): SQLSTATE[42701]: Duplicate column: 7 ERROR:  column \"siret\" of relation \"agent_profiles\" already exists at /Volumes/Robert/projets clients/Stephane/vimaiz/vendor/laravel/framework/src/Illuminate/Database/Connection.php:570)
[stacktrace]
#0 /Volumes/Robert/projets clients/Stephane/vimaiz/vendor/laravel/framework/src/Illuminate/Database/Connection.php(570): PDOStatement->execute()
#1 /Volumes/Robert/projets clients/Stephane/vimaiz/vendor/laravel/framework/src/Illuminate/Database/Connection.php(811): Illuminate\\Database\\Connection->{closure:Illuminate\\Database\\Connection::statement():559}('alter table \"ag...', Array)
#2 /Volumes/Robert/projets clients/Stephane/vimaiz/vendor/laravel/framework/src/Illuminate/Database/Connection.php(778): Illuminate\\Database\\Connection->runQueryCallback('alter table \"ag...', Array, Object(Closure))
#3 /Volumes/Robert/projets clients/Stephane/vimaiz/vendor/laravel/framework/src/Illuminate/Database/Connection.php(559): Illuminate\\Database\\Connection->run('alter table \"ag...', Array, Object(Closure))
#4 /Volumes/Robert/projets clients/Stephane/vimaiz/vendor/laravel/framework/src/Illuminate/Database/Schema/Blueprint.php(121): Illuminate\\Database\\Connection->statement('alter table \"ag...')
#5 /Volumes/Robert/projets clients/Stephane/vimaiz/vendor/laravel/framework/src/Illuminate/Database/Schema/Builder.php(618): Illuminate\\Database\\Schema\\Blueprint->build()
#6 /Volumes/Robert/projets clients/Stephane/vimaiz/vendor/laravel/framework/src/Illuminate/Database/Schema/Builder.php(460): Illuminate\\Database\\Schema\\Builder->build(Object(Illuminate\\Database\\Schema\\Blueprint))
#7 /Volumes/Robert/projets clients/Stephane/vimaiz/vendor/laravel/framework/src/Illuminate/Support/Facades/Facade.php(363): Illuminate\\Database\\Schema\\Builder->table('agent_profiles', Object(Closure))
#8 /Volumes/Robert/projets clients/Stephane/vimaiz/database/migrations/2026_01_19_000005_update_agent_profiles_for_vimaiz.php(14): Illuminate\\Support\\Facades\\Facade::__callStatic('table', Array)
#9 /Volumes/Robert/projets clients/Stephane/vimaiz/vendor/laravel/framework/src/Illuminate/Database/Migrations/Migrator.php(514): Illuminate\\Database\\Migrations\\Migration@anonymous->up()
#10 /Volumes/Robert/projets clients/Stephane/vimaiz/vendor/laravel/framework/src/Illuminate/Database/Migrations/Migrator.php(439): Illuminate\\Database\\Migrations\\Migrator->runMethod(Object(Illuminate\\Database\\PostgresConnection), Object(Illuminate\\Database\\Migrations\\Migration@anonymous), 'up')
#11 /Volumes/Robert/projets clients/Stephane/vimaiz/vendor/laravel/framework/src/Illuminate/Database/Concerns/ManagesTransactions.php(35): Illuminate\\Database\\Migrations\\Migrator->{closure:Illuminate\\Database\\Migrations\\Migrator::runMigration():435}(Object(Illuminate\\Database\\PostgresConnection))
#12 /Volumes/Robert/projets clients/Stephane/vimaiz/vendor/laravel/framework/src/Illuminate/Database/Migrations/Migrator.php(447): Illuminate\\Database\\Connection->transaction(Object(Closure))
#13 /Volumes/Robert/projets clients/Stephane/vimaiz/vendor/laravel/framework/src/Illuminate/Database/Migrations/Migrator.php(250): Illuminate\\Database\\Migrations\\Migrator->runMigration(Object(Illuminate\\Database\\Migrations\\Migration@anonymous), 'up')
#14 /Volumes/Robert/projets clients/Stephane/vimaiz/vendor/laravel/framework/src/Illuminate/Console/View/Components/Task.php(41): Illuminate\\Database\\Migrations\\Migrator->{closure:Illuminate\\Database\\Migrations\\Migrator::runUp():250}()
#15 /Volumes/Robert/projets clients/Stephane/vimaiz/vendor/laravel/framework/src/Illuminate/Database/Migrations/Migrator.php(809): Illuminate\\Console\\View\\Components\\Task->render('2026_01_19_0000...', Object(Closure))
#16 /Volumes/Robert/projets clients/Stephane/vimaiz/vendor/laravel/framework/src/Illuminate/Database/Migrations/Migrator.php(250): Illuminate\\Database\\Migrations\\Migrator->write('Illuminate\\\\Cons...', '2026_01_19_0000...', Object(Closure))
#17 /Volumes/Robert/projets clients/Stephane/vimaiz/vendor/laravel/framework/src/Illuminate/Database/Migrations/Migrator.php(210): Illuminate\\Database\\Migrations\\Migrator->runUp('/Volumes/Robert...', 2, false)
#18 /Volumes/Robert/projets clients/Stephane/vimaiz/vendor/laravel/framework/src/Illuminate/Database/Migrations/Migrator.php(137): Illuminate\\Database\\Migrations\\Migrator->runPending(Array, Array)
#19 /Volumes/Robert/projets clients/Stephane/vimaiz/vendor/laravel/framework/src/Illuminate/Database/Console/Migrations/MigrateCommand.php(116): Illuminate\\Database\\Migrations\\Migrator->run(Array, Array)
#20 /Volumes/Robert/projets clients/Stephane/vimaiz/vendor/laravel/framework/src/Illuminate/Database/Migrations/Migrator.php(666): Illuminate\\Database\\Console\\Migrations\\MigrateCommand->{closure:Illuminate\\Database\\Console\\Migrations\\MigrateCommand::runMigrations():109}()
#21 /Volumes/Robert/projets clients/Stephane/vimaiz/vendor/laravel/framework/src/Illuminate/Database/Console/Migrations/MigrateCommand.php(109): Illuminate\\Database\\Migrations\\Migrator->usingConnection(NULL, Object(Closure))
#22 /Volumes/Robert/projets clients/Stephane/vimaiz/vendor/laravel/framework/src/Illuminate/Database/Console/Migrations/MigrateCommand.php(88): Illuminate\\Database\\Console\\Migrations\\MigrateCommand->runMigrations()
#23 /Volumes/Robert/projets clients/Stephane/vimaiz/vendor/laravel/framework/src/Illuminate/Container/BoundMethod.php(36): Illuminate\\Database\\Console\\Migrations\\MigrateCommand->handle()
#24 /Volumes/Robert/projets clients/Stephane/vimaiz/vendor/laravel/framework/src/Illuminate/Container/Util.php(43): Illuminate\\Container\\BoundMethod::{closure:Illuminate\\Container\\BoundMethod::call():35}()
#25 /Volumes/Robert/projets clients/Stephane/vimaiz/vendor/laravel/framework/src/Illuminate/Container/BoundMethod.php(96): Illuminate\\Container\\Util::unwrapIfClosure(Object(Closure))
#26 /Volumes/Robert/projets clients/Stephane/vimaiz/vendor/laravel/framework/src/Illuminate/Container/BoundMethod.php(35): Illuminate\\Container\\BoundMethod::callBoundMethod(Object(Illuminate\\Foundation\\Application), Array, Object(Closure))
#27 /Volumes/Robert/projets clients/Stephane/vimaiz/vendor/laravel/framework/src/Illuminate/Container/Container.php(836): Illuminate\\Container\\BoundMethod::call(Object(Illuminate\\Foundation\\Application), Array, Array, NULL)
#28 /Volumes/Robert/projets clients/Stephane/vimaiz/vendor/laravel/framework/src/Illuminate/Console/Command.php(211): Illuminate\\Container\\Container->call(Array)
#29 /Volumes/Robert/projets clients/Stephane/vimaiz/vendor/symfony/console/Command/Command.php(318): Illuminate\\Console\\Command->execute(Object(Symfony\\Component\\Console\\Input\\ArgvInput), Object(Illuminate\\Console\\OutputStyle))
#30 /Volumes/Robert/projets clients/Stephane/vimaiz/vendor/laravel/framework/src/Illuminate/Console/Command.php(180): Symfony\\Component\\Console\\Command\\Command->run(Object(Symfony\\Component\\Console\\Input\\ArgvInput), Object(Illuminate\\Console\\OutputStyle))
#31 /Volumes/Robert/projets clients/Stephane/vimaiz/vendor/symfony/console/Application.php(1073): Illuminate\\Console\\Command->run(Object(Symfony\\Component\\Console\\Input\\ArgvInput), Object(Symfony\\Component\\Console\\Output\\ConsoleOutput))
#32 /Volumes/Robert/projets clients/Stephane/vimaiz/vendor/symfony/console/Application.php(356): Symfony\\Component\\Console\\Application->doRunCommand(Object(Illuminate\\Database\\Console\\Migrations\\MigrateCommand), Object(Symfony\\Component\\Console\\Input\\ArgvInput), Object(Symfony\\Component\\Console\\Output\\ConsoleOutput))
#33 /Volumes/Robert/projets clients/Stephane/vimaiz/vendor/symfony/console/Application.php(195): Symfony\\Component\\Console\\Application->doRun(Object(Symfony\\Component\\Console\\Input\\ArgvInput), Object(Symfony\\Component\\Console\\Output\\ConsoleOutput))
#34 /Volumes/Robert/projets clients/Stephane/vimaiz/vendor/laravel/framework/src/Illuminate/Foundation/Console/Kernel.php(197): Symfony\\Component\\Console\\Application->run(Object(Symfony\\Component\\Console\\Input\\ArgvInput), Object(Symfony\\Component\\Console\\Output\\ConsoleOutput))
#35 /Volumes/Robert/projets clients/Stephane/vimaiz/vendor/laravel/framework/src/Illuminate/Foundation/Application.php(1235): Illuminate\\Foundation\\Console\\Kernel->handle(Object(Symfony\\Component\\Console\\Input\\ArgvInput), Object(Symfony\\Component\\Console\\Output\\ConsoleOutput))
#36 /Volumes/Robert/projets clients/Stephane/vimaiz/artisan(16): Illuminate\\Foundation\\Application->handleCommand(Object(Symfony\\Component\\Console\\Input\\ArgvInput))
#37 {main}
"} 
[2026-01-19 01:32:55] local.ERROR: Could not check compatibility between App\Filament\Resources\UserResource\Pages\ViewUser::infolist(Filament\Infolists\Infolist $infolist): Filament\Infolists\Infolist and Filament\Resources\Pages\ViewRecord::infolist(Filament\Schemas\Schema $schema): Filament\Schemas\Schema, because class Filament\Infolists\Infolist is not available {"exception":"[object] (Symfony\\Component\\ErrorHandler\\Error\\FatalError(code: 0): Could not check compatibility between App\\Filament\\Resources\\UserResource\\Pages\\ViewUser::infolist(Filament\\Infolists\\Infolist $infolist): Filament\\Infolists\\Infolist and Filament\\Resources\\Pages\\ViewRecord::infolist(Filament\\Schemas\\Schema $schema): Filament\\Schemas\\Schema, because class Filament\\Infolists\\Infolist is not available at /Volumes/Robert/projets clients/Stephane/vimaiz/app/Filament/Resources/UserResource/Pages/ViewUser.php:38)
[stacktrace]
#0 {main}
"} 
[2026-01-19 01:33:18] local.ERROR: Could not check compatibility between App\Filament\Resources\UserResource\Pages\ViewUser::infolist(Filament\Infolists\Infolist $infolist): Filament\Infolists\Infolist and Filament\Resources\Pages\ViewRecord::infolist(Filament\Schemas\Schema $schema): Filament\Schemas\Schema, because class Filament\Infolists\Infolist is not available {"exception":"[object] (Symfony\\Component\\ErrorHandler\\Error\\FatalError(code: 0): Could not check compatibility between App\\Filament\\Resources\\UserResource\\Pages\\ViewUser::infolist(Filament\\Infolists\\Infolist $infolist): Filament\\Infolists\\Infolist and Filament\\Resources\\Pages\\ViewRecord::infolist(Filament\\Schemas\\Schema $schema): Filament\\Schemas\\Schema, because class Filament\\Infolists\\Infolist is not available at /Volumes/Robert/projets clients/Stephane/vimaiz/app/Filament/Resources/UserResource/Pages/ViewUser.php:38)
[stacktrace]
#0 {main}
"} 
[2026-01-19 01:34:41] local.ERROR: Could not check compatibility between App\Filament\Resources\UserResource\Pages\ViewUser::infolist(Filament\Infolists\Infolist $infolist): Filament\Infolists\Infolist and Filament\Resources\Pages\ViewRecord::infolist(Filament\Schemas\Schema $schema): Filament\Schemas\Schema, because class Filament\Infolists\Infolist is not available {"exception":"[object] (Symfony\\Component\\ErrorHandler\\Error\\FatalError(code: 0): Could not check compatibility between App\\Filament\\Resources\\UserResource\\Pages\\ViewUser::infolist(Filament\\Infolists\\Infolist $infolist): Filament\\Infolists\\Infolist and Filament\\Resources\\Pages\\ViewRecord::infolist(Filament\\Schemas\\Schema $schema): Filament\\Schemas\\Schema, because class Filament\\Infolists\\Infolist is not available at /Volumes/Robert/projets clients/Stephane/vimaiz/app/Filament/Resources/UserResource/Pages/ViewUser.php:38)
[stacktrace]
#0 {main}
"} 
[2026-01-19 01:38:46] local.ERROR: Cannot redeclare non static Filament\Widgets\ChartWidget::$heading as static App\Filament\Widgets\MissionsChartWidget::$heading {"exception":"[object] (Symfony\\Component\\ErrorHandler\\Error\\FatalError(code: 0): Cannot redeclare non static Filament\\Widgets\\ChartWidget::$heading as static App\\Filament\\Widgets\\MissionsChartWidget::$heading at /Volumes/Robert/projets clients/Stephane/vimaiz/app/Filament/Widgets/MissionsChartWidget.php:9)
[stacktrace]
#0 {main}
"} 
[2026-01-19 01:50:40] local.ERROR: Cannot redeclare non static Filament\Widgets\ChartWidget::$heading as static App\Filament\Widgets\MissionsChartWidget::$heading {"exception":"[object] (Symfony\\Component\\ErrorHandler\\Error\\FatalError(code: 0): Cannot redeclare non static Filament\\Widgets\\ChartWidget::$heading as static App\\Filament\\Widgets\\MissionsChartWidget::$heading at /Volumes/Robert/projets clients/Stephane/vimaiz/app/Filament/Widgets/MissionsChartWidget.php:9)
[stacktrace]
#0 {main}
"} 
[2026-01-19 01:50:57] local.ERROR: Cannot redeclare non static Filament\Widgets\ChartWidget::$heading as static App\Filament\Widgets\MissionsChartWidget::$heading {"exception":"[object] (Symfony\\Component\\ErrorHandler\\Error\\FatalError(code: 0): Cannot redeclare non static Filament\\Widgets\\ChartWidget::$heading as static App\\Filament\\Widgets\\MissionsChartWidget::$heading at /Volumes/Robert/projets clients/Stephane/vimaiz/app/Filament/Widgets/MissionsChartWidget.php:9)
[stacktrace]
#0 {main}
"} 
